q,offset,cycle,N,K,chan_finish,finish_bblk,slac_played,overrun_vs_qk,resp_start
25,0,0,36,2,1318,1339,22,0,562
25,0,1,36,2,1340,1361,44,0,584
25,0,2,36,2,1351,1372,55,5,595
25,0,3,36,2,1343,1364,47,0,587
25,0,4,36,2,1332,1353,36,0,576
25,0,5,36,2,1320,1341,24,0,564
25,0,6,36,2,1320,1341,24,0,564
25,0,7,36,2,1344,1365,48,0,588
25,0,8,36,2,1320,1341,24,0,564
25,0,9,36,2,1320,1341,24,0,564
25,0,10,36,2,1320,1341,24,0,564
25,0,11,36,2,1332,1353,36,0,576
25,0,12,36,2,1296,1317,0,0,540
25,0,13,36,2,1320,1341,24,0,564
25,0,14,36,2,1296,1317,0,0,540
25,0,15,36,2,1296,1317,0,0,540
25,0,16,36,2,1346,1367,50,0,590
25,0,17,38,0,1368,1389,0,0,570
25,0,18,38,0,1368,1389,0,0,570
25,0,19,38,0,1368,1389,0,0,570
25,0,20,38,0,1368,1389,0,0,570
25,0,21,38,0,1368,1389,0,0,570
25,0,22,38,0,1368,1389,0,0,570
25,0,23,38,0,1368,1389,0,0,570
25,0,24,38,0,1368,1389,0,0,570
25,0,25,38,0,1368,1389,0,0,570
25,0,26,38,0,1368,1389,0,0,570
25,0,27,38,0,1368,1389,0,0,570
25,0,28,38,0,1368,1389,0,0,570
25,0,29,38,0,1368,1389,0,0,570
25,0,30,38,0,1368,1389,0,0,570
25,0,31,38,0,1368,1389,0,0,570
25,0,32,38,0,1368,1389,0,0,570
25,0,33,38,0,1368,1389,0,0,570
25,0,34,38,0,1368,1389,0,0,570
25,0,35,38,0,1368,1389,0,0,570
25,0,36,38,0,1368,1389,0,0,570
25,0,37,38,0,1368,1389,0,0,570
25,0,38,38,0,1368,1389,0,0,570
25,0,39,38,0,1368,1389,0,0,570
25,0,40,38,0,1368,1389,0,0,570
25,0,41,38,0,1368,1389,0,0,570
25,0,42,38,0,1368,1389,0,0,570
25,0,43,38,0,1368,1389,0,0,570
25,0,44,38,0,1368,1389,0,0,570
25,0,45,38,0,1368,1389,0,0,570
25,0,46,38,0,1368,1389,0,0,570
25,0,47,38,0,1368,1389,0,0,570
25,0,48,38,0,1368,1389,0,0,570
25,0,49,38,0,1368,1389,0,0,570
25,0,50,38,0,1368,1389,0,0,570
25,0,51,38,0,1368,1389,0,0,570
25,0,52,38,0,1368,1389,0,0,570
25,0,53,38,0,1368,1389,0,0,570
25,0,54,38,0,1368,1389,0,0,570
25,0,55,38,0,1368,1389,0,0,570
25,0,56,38,0,1368,1389,0,0,570
25,0,57,38,0,1368,1389,0,0,570
25,0,58,38,0,1368,1389,0,0,570
25,0,59,38,0,1368,1389,0,0,570
25,0,60,38,0,1368,1389,0,0,570
25,0,61,38,0,1368,1389,0,0,570
25,0,62,38,0,1368,1389,0,0,570
25,0,63,38,0,1368,1389,0,0,570
25,0,64,38,0,1368,1389,0,0,570
25,0,65,38,0,1368,1389,0,0,570
25,0,66,38,0,1368,1389,0,0,570
25,0,67,38,0,1368,1389,0,0,570
25,0,68,38,0,1368,1389,0,0,570
25,0,69,38,0,1368,1389,0,0,570
25,0,70,38,0,1368,1389,0,0,570
25,0,71,38,0,1368,1389,0,0,570
25,0,72,38,0,1368,1389,0,0,570
25,0,73,38,0,1368,1389,0,0,570
25,0,74,38,0,1368,1389,0,0,570
25,0,75,38,0,1368,1389,0,0,570
25,0,76,38,0,1368,1389,0,0,570
25,0,77,38,0,1368,1389,0,0,570
25,0,78,38,0,1368,1389,0,0,570
25,0,79,38,0,1368,1389,0,0,570
25,0,80,38,0,1368,1389,0,0,570
25,0,81,38,0,1368,1389,0,0,570
25,0,82,38,0,1368,1389,0,0,570
25,0,83,38,0,1368,1389,0,0,570
25,0,84,38,0,1368,1389,0,0,570
25,0,85,38,0,1368,1389,0,0,570
25,0,86,38,0,1368,1389,0,0,570
25,0,87,38,0,1368,1389,0,0,570
25,0,88,38,0,1368,1389,0,0,570
25,0,89,38,0,1368,1389,0,0,570
25,0,90,38,0,1368,1389,0,0,570
25,0,91,38,0,1368,1389,0,0,570
25,0,92,38,0,1368,1389,0,0,570
25,0,93,38,0,1368,1389,0,0,570
25,0,94,38,0,1368,1389,0,0,570
25,0,95,38,0,1368,1389,0,0,570
25,0,96,38,0,1368,1389,0,0,570
25,0,97,38,0,1368,1389,0,0,570
25,0,98,38,0,1368,1389,0,0,570
25,0,99,38,0,1368,1389,0,0,570
25,0,100,38,0,1368,1389,0,0,570
25,0,101,38,0,1368,1389,0,0,570
25,0,102,38,0,1368,1389,0,0,570
25,0,103,38,0,1368,1389,0,0,570
25,0,104,38,0,1368,1389,0,0,570
25,0,105,38,0,1368,1389,0,0,570
25,0,106,38,0,1368,1389,0,0,570
25,0,107,38,0,1368,1389,0,0,570
25,0,108,38,0,1368,1389,0,0,570
25,0,109,38,0,1368,1389,0,0,570
25,0,110,38,0,1368,1389,0,0,570
25,0,111,38,0,1368,1389,0,0,570
25,0,112,38,0,1368,1389,0,0,570
25,0,113,38,0,1368,1389,0,0,570
25,0,114,38,0,1368,1389,0,0,570
25,0,115,38,0,1368,1389,0,0,570
25,0,116,38,0,1368,1389,0,0,570
25,0,117,38,0,1368,1389,0,0,570
25,0,118,38,0,1368,1389,0,0,570
25,0,119,38,0,1368,1389,0,0,570
25,1,0,36,1,1307,1328,11,0,551
25,1,1,36,2,1329,1350,33,0,573
25,1,2,36,2,1351,1372,55,5,595
25,1,3,36,2,1342,1363,46,0,586
25,1,4,36,2,1343,1364,47,0,587
25,1,5,36,2,1320,1341,24,0,564
25,1,6,36,2,1320,1341,24,0,564
25,1,7,36,2,1332,1353,36,0,576
25,1,8,36,2,1332,1353,36,0,576
25,1,9,36,2,1320,1341,24,0,564
25,1,10,36,2,1320,1341,24,0,564
25,1,11,36,2,1326,1347,30,0,570
25,1,12,36,2,1314,1335,18,0,558
25,1,13,36,2,1308,1329,12,0,552
25,1,14,36,2,1308,1329,12,0,552
25,1,15,36,2,1296,1317,0,0,540
25,1,16,36,2,1321,1342,25,0,565
25,1,17,37,1,1357,1378,25,0,580
25,1,18,38,0,1368,1389,0,0,570
25,1,19,38,0,1368,1389,0,0,570
25,1,20,38,0,1368,1389,0,0,570
25,1,21,38,0,1368,1389,0,0,570
25,1,22,38,0,1368,1389,0,0,570
25,1,23,38,0,1368,1389,0,0,570
25,1,24,38,0,1368,1389,0,0,570
25,1,25,38,0,1368,1389,0,0,570
25,1,26,38,0,1368,1389,0,0,570
25,1,27,38,0,1368,1389,0,0,570
25,1,28,38,0,1368,1389,0,0,570
25,1,29,38,0,1368,1389,0,0,570
25,1,30,38,0,1368,1389,0,0,570
25,1,31,38,0,1368,1389,0,0,570
25,1,32,38,0,1368,1389,0,0,570
25,1,33,38,0,1368,1389,0,0,570
25,1,34,38,0,1368,1389,0,0,570
25,1,35,38,0,1368,1389,0,0,570
25,1,36,38,0,1368,1389,0,0,570
25,1,37,38,0,1368,1389,0,0,570
25,1,38,38,0,1368,1389,0,0,570
25,1,39,38,0,1368,1389,0,0,570
25,1,40,38,0,1368,1389,0,0,570
25,1,41,38,0,1368,1389,0,0,570
25,1,42,38,0,1368,1389,0,0,570
25,1,43,38,0,1368,1389,0,0,570
25,1,44,38,0,1368,1389,0,0,570
25,1,45,38,0,1368,1389,0,0,570
25,1,46,38,0,1368,1389,0,0,570
25,1,47,38,0,1368,1389,0,0,570
25,1,48,38,0,1368,1389,0,0,570
25,1,49,38,0,1368,1389,0,0,570
25,1,50,38,0,1368,1389,0,0,570
25,1,51,38,0,1368,1389,0,0,570
25,1,52,38,0,1368,1389,0,0,570
25,1,53,38,0,1368,1389,0,0,570
25,1,54,38,0,1368,1389,0,0,570
25,1,55,38,0,1368,1389,0,0,570
25,1,56,38,0,1368,1389,0,0,570
25,1,57,38,0,1368,1389,0,0,570
25,1,58,38,0,1368,1389,0,0,570
25,1,59,38,0,1368,1389,0,0,570
25,1,60,38,0,1368,1389,0,0,570
25,1,61,38,0,1368,1389,0,0,570
25,1,62,38,0,1368,1389,0,0,570
25,1,63,38,0,1368,1389,0,0,570
25,1,64,38,0,1368,1389,0,0,570
25,1,65,38,0,1368,1389,0,0,570
25,1,66,38,0,1368,1389,0,0,570
25,1,67,38,0,1368,1389,0,0,570
25,1,68,38,0,1368,1389,0,0,570
25,1,69,38,0,1368,1389,0,0,570
25,1,70,38,0,1368,1389,0,0,570
25,1,71,38,0,1368,1389,0,0,570
25,1,72,38,0,1368,1389,0,0,570
25,1,73,38,0,1368,1389,0,0,570
25,1,74,38,0,1368,1389,0,0,570
25,1,75,38,0,1368,1389,0,0,570
25,1,76,38,0,1368,1389,0,0,570
25,1,77,38,0,1368,1389,0,0,570
25,1,78,38,0,1368,1389,0,0,570
25,1,79,38,0,1368,1389,0,0,570
25,1,80,38,0,1368,1389,0,0,570
25,1,81,38,0,1368,1389,0,0,570
25,1,82,38,0,1368,1389,0,0,570
25,1,83,38,0,1368,1389,0,0,570
25,1,84,38,0,1368,1389,0,0,570
25,1,85,38,0,1368,1389,0,0,570
25,1,86,38,0,1368,1389,0,0,570
25,1,87,38,0,1368,1389,0,0,570
25,1,88,38,0,1368,1389,0,0,570
25,1,89,38,0,1368,1389,0,0,570
25,1,90,38,0,1368,1389,0,0,570
25,1,91,38,0,1368,1389,0,0,570
25,1,92,38,0,1368,1389,0,0,570
25,1,93,38,0,1368,1389,0,0,570
25,1,94,38,0,1368,1389,0,0,570
25,1,95,38,0,1368,1389,0,0,570
25,1,96,38,0,1368,1389,0,0,570
25,1,97,38,0,1368,1389,0,0,570
25,1,98,38,0,1368,1389,0,0,570
25,1,99,38,0,1368,1389,0,0,570
25,1,100,38,0,1368,1389,0,0,570
25,1,101,38,0,1368,1389,0,0,570
25,1,102,38,0,1368,1389,0,0,570
25,1,103,38,0,1368,1389,0,0,570
25,1,104,38,0,1368,1389,0,0,570
25,1,105,38,0,1368,1389,0,0,570
25,1,106,38,0,1368,1389,0,0,570
25,1,107,38,0,1368,1389,0,0,570
25,1,108,38,0,1368,1389,0,0,570
25,1,109,38,0,1368,1389,0,0,570
25,1,110,38,0,1368,1389,0,0,570
25,1,111,38,0,1368,1389,0,0,570
25,1,112,38,0,1368,1389,0,0,570
25,1,113,38,0,1368,1389,0,0,570
25,1,114,38,0,1368,1389,0,0,570
25,1,115,38,0,1368,1389,0,0,570
25,1,116,38,0,1368,1389,0,0,570
25,1,117,38,0,1368,1389,0,0,570
25,1,118,38,0,1368,1389,0,0,570
25,1,119,38,0,1368,1389,0,0,570
25,2,0,36,1,1307,1328,11,0,551
25,2,1,36,1,1318,1339,22,0,562
25,2,2,36,2,1340,1361,44,0,584
25,2,3,36,2,1342,1363,46,0,586
25,2,4,36,2,1341,1362,45,0,585
25,2,5,36,2,1332,1353,36,0,576
25,2,6,36,2,1320,1341,24,0,564
25,2,7,36,2,1332,1353,36,0,576
25,2,8,36,2,1320,1341,24,0,564
25,2,9,36,2,1332,1353,36,0,576
25,2,10,36,2,1320,1341,24,0,564
25,2,11,36,2,1326,1347,30,0,570
25,2,12,36,2,1308,1329,12,0,552
25,2,13,36,2,1326,1347,30,0,570
25,2,14,36,2,1296,1317,0,0,540
25,2,15,36,2,1308,1329,12,0,552
25,2,16,36,2,1321,1342,25,0,565
25,2,17,37,1,1332,1353,0,0,555
25,2,18,37,1,1357,1378,25,0,580
25,2,19,38,0,1368,1389,0,0,570
25,2,20,38,0,1368,1389,0,0,570
25,2,21,38,0,1368,1389,0,0,570
25,2,22,38,0,1368,1389,0,0,570
25,2,23,38,0,1368,1389,0,0,570
25,2,24,38,0,1368,1389,0,0,570
25,2,25,38,0,1368,1389,0,0,570
25,2,26,38,0,1368,1389,0,0,570
25,2,27,38,0,1368,1389,0,0,570
25,2,28,38,0,1368,1389,0,0,570
25,2,29,38,0,1368,1389,0,0,570
25,2,30,38,0,1368,1389,0,0,570
25,2,31,38,0,1368,1389,0,0,570
25,2,32,38,0,1368,1389,0,0,570
25,2,33,38,0,1368,1389,0,0,570
25,2,34,38,0,1368,1389,0,0,570
25,2,35,38,0,1368,1389,0,0,570
25,2,36,38,0,1368,1389,0,0,570
25,2,37,38,0,1368,1389,0,0,570
25,2,38,38,0,1368,1389,0,0,570
25,2,39,38,0,1368,1389,0,0,570
25,2,40,38,0,1368,1389,0,0,570
25,2,41,38,0,1368,1389,0,0,570
25,2,42,38,0,1368,1389,0,0,570
25,2,43,38,0,1368,1389,0,0,570
25,2,44,38,0,1368,1389,0,0,570
25,2,45,38,0,1368,1389,0,0,570
25,2,46,38,0,1368,1389,0,0,570
25,2,47,38,0,1368,1389,0,0,570
25,2,48,38,0,1368,1389,0,0,570
25,2,49,38,0,1368,1389,0,0,570
25,2,50,38,0,1368,1389,0,0,570
25,2,51,38,0,1368,1389,0,0,570
25,2,52,38,0,1368,1389,0,0,570
25,2,53,38,0,1368,1389,0,0,570
25,2,54,38,0,1368,1389,0,0,570
25,2,55,38,0,1368,1389,0,0,570
25,2,56,38,0,1368,1389,0,0,570
25,2,57,38,0,1368,1389,0,0,570
25,2,58,38,0,1368,1389,0,0,570
25,2,59,38,0,1368,1389,0,0,570
25,2,60,38,0,1368,1389,0,0,570
25,2,61,38,0,1368,1389,0,0,570
25,2,62,38,0,1368,1389,0,0,570
25,2,63,38,0,1368,1389,0,0,570
25,2,64,38,0,1368,1389,0,0,570
25,2,65,38,0,1368,1389,0,0,570
25,2,66,38,0,1368,1389,0,0,570
25,2,67,38,0,1368,1389,0,0,570
25,2,68,38,0,1368,1389,0,0,570
25,2,69,38,0,1368,1389,0,0,570
25,2,70,38,0,1368,1389,0,0,570
25,2,71,38,0,1368,1389,0,0,570
25,2,72,38,0,1368,1389,0,0,570
25,2,73,38,0,1368,1389,0,0,570
25,2,74,38,0,1368,1389,0,0,570
25,2,75,38,0,1368,1389,0,0,570
25,2,76,38,0,1368,1389,0,0,570
25,2,77,38,0,1368,1389,0,0,570
25,2,78,38,0,1368,1389,0,0,570
25,2,79,38,0,1368,1389,0,0,570
25,2,80,38,0,1368,1389,0,0,570
25,2,81,38,0,1368,1389,0,0,570
25,2,82,38,0,1368,1389,0,0,570
25,2,83,38,0,1368,1389,0,0,570
25,2,84,38,0,1368,1389,0,0,570
25,2,85,38,0,1368,1389,0,0,570
25,2,86,38,0,1368,1389,0,0,570
25,2,87,38,0,1368,1389,0,0,570
25,2,88,38,0,1368,1389,0,0,570
25,2,89,38,0,1368,1389,0,0,570
25,2,90,38,0,1368,1389,0,0,570
25,2,91,38,0,1368,1389,0,0,570
25,2,92,38,0,1368,1389,0,0,570
25,2,93,38,0,1368,1389,0,0,570
25,2,94,38,0,1368,1389,0,0,570
25,2,95,38,0,1368,1389,0,0,570
25,2,96,38,0,1368,1389,0,0,570
25,2,97,38,0,1368,1389,0,0,570
25,2,98,38,0,1368,1389,0,0,570
25,2,99,38,0,1368,1389,0,0,570
25,2,100,38,0,1368,1389,0,0,570
25,2,101,38,0,1368,1389,0,0,570
25,2,102,38,0,1368,1389,0,0,570
25,2,103,38,0,1368,1389,0,0,570
25,2,104,38,0,1368,1389,0,0,570
25,2,105,38,0,1368,1389,0,0,570
25,2,106,38,0,1368,1389,0,0,570
25,2,107,38,0,1368,1389,0,0,570
25,2,108,38,0,1368,1389,0,0,570
25,2,109,38,0,1368,1389,0,0,570
25,2,110,38,0,1368,1389,0,0,570
25,2,111,38,0,1368,1389,0,0,570
25,2,112,38,0,1368,1389,0,0,570
25,2,113,38,0,1368,1389,0,0,570
25,2,114,38,0,1368,1389,0,0,570
25,2,115,38,0,1368,1389,0,0,570
25,2,116,38,0,1368,1389,0,0,570
25,2,117,38,0,1368,1389,0,0,570
25,2,118,38,0,1368,1389,0,0,570
25,2,119,38,0,1368,1389,0,0,570
25,3,0,36,1,1307,1328,11,0,551
25,3,1,36,1,1318,1339,22,0,562
25,3,2,36,1,1329,1350,33,8,573
25,3,3,36,2,1331,1352,35,0,575
25,3,4,36,2,1330,1351,34,0,574
25,3,5,36,2,1341,1362,45,0,585
25,3,6,36,2,1332,1353,36,0,576
25,3,7,36,2,1332,1353,36,0,576
25,3,8,36,2,1320,1341,24,0,564
25,3,9,36,2,1320,1341,24,0,564
25,3,10,36,2,1332,1353,36,0,576
25,3,11,36,2,1326,1347,30,0,570
25,3,12,36,2,1308,1329,12,0,552
25,3,13,36,2,1320,1341,24,0,564
25,3,14,36,2,1314,1335,18,0,558
25,3,15,36,2,1296,1317,0,0,540
25,3,16,36,2,1333,1354,37,0,577
25,3,17,37,1,1332,1353,0,0,555
25,3,18,37,1,1332,1353,0,0,555
25,3,19,37,1,1357,1378,25,0,580
25,3,20,38,0,1368,1389,0,0,570
25,3,21,38,0,1368,1389,0,0,570
25,3,22,38,0,1368,1389,0,0,570
25,3,23,38,0,1368,1389,0,0,570
25,3,24,38,0,1368,1389,0,0,570
25,3,25,38,0,1368,1389,0,0,570
25,3,26,38,0,1368,1389,0,0,570
25,3,27,38,0,1368,1389,0,0,570
25,3,28,38,0,1368,1389,0,0,570
25,3,29,38,0,1368,1389,0,0,570
25,3,30,38,0,1368,1389,0,0,570
25,3,31,38,0,1368,1389,0,0,570
25,3,32,38,0,1368,1389,0,0,570
25,3,33,38,0,1368,1389,0,0,570
25,3,34,38,0,1368,1389,0,0,570
25,3,35,38,0,1368,1389,0,0,570
25,3,36,38,0,1368,1389,0,0,570
25,3,37,38,0,1368,1389,0,0,570
25,3,38,38,0,1368,1389,0,0,570
25,3,39,38,0,1368,1389,0,0,570
25,3,40,38,0,1368,1389,0,0,570
25,3,41,38,0,1368,1389,0,0,570
25,3,42,38,0,1368,1389,0,0,570
25,3,43,38,0,1368,1389,0,0,570
25,3,44,38,0,1368,1389,0,0,570
25,3,45,38,0,1368,1389,0,0,570
25,3,46,38,0,1368,1389,0,0,570
25,3,47,38,0,1368,1389,0,0,570
25,3,48,38,0,1368,1389,0,0,570
25,3,49,38,0,1368,1389,0,0,570
25,3,50,38,0,1368,1389,0,0,570
25,3,51,38,0,1368,1389,0,0,570
25,3,52,38,0,1368,1389,0,0,570
25,3,53,38,0,1368,1389,0,0,570
25,3,54,38,0,1368,1389,0,0,570
25,3,55,38,0,1368,1389,0,0,570
25,3,56,38,0,1368,1389,0,0,570
25,3,57,38,0,1368,1389,0,0,570
25,3,58,38,0,1368,1389,0,0,570
25,3,59,38,0,1368,1389,0,0,570
25,3,60,38,0,1368,1389,0,0,570
25,3,61,38,0,1368,1389,0,0,570
25,3,62,38,0,1368,1389,0,0,570
25,3,63,38,0,1368,1389,0,0,570
25,3,64,38,0,1368,1389,0,0,570
25,3,65,38,0,1368,1389,0,0,570
25,3,66,38,0,1368,1389,0,0,570
25,3,67,38,0,1368,1389,0,0,570
25,3,68,38,0,1368,1389,0,0,570
25,3,69,38,0,1368,1389,0,0,570
25,3,70,38,0,1368,1389,0,0,570
25,3,71,38,0,1368,1389,0,0,570
25,3,72,38,0,1368,1389,0,0,570
25,3,73,38,0,1368,1389,0,0,570
25,3,74,38,0,1368,1389,0,0,570
25,3,75,38,0,1368,1389,0,0,570
25,3,76,38,0,1368,1389,0,0,570
25,3,77,38,0,1368,1389,0,0,570
25,3,78,38,0,1368,1389,0,0,570
25,3,79,38,0,1368,1389,0,0,570
25,3,80,38,0,1368,1389,0,0,570
25,3,81,38,0,1368,1389,0,0,570
25,3,82,38,0,1368,1389,0,0,570
25,3,83,38,0,1368,1389,0,0,570
25,3,84,38,0,1368,1389,0,0,570
25,3,85,38,0,1368,1389,0,0,570
25,3,86,38,0,1368,1389,0,0,570
25,3,87,38,0,1368,1389,0,0,570
25,3,88,38,0,1368,1389,0,0,570
25,3,89,38,0,1368,1389,0,0,570
25,3,90,38,0,1368,1389,0,0,570
25,3,91,38,0,1368,1389,0,0,570
25,3,92,38,0,1368,1389,0,0,570
25,3,93,38,0,1368,1389,0,0,570
25,3,94,38,0,1368,1389,0,0,570
25,3,95,38,0,1368,1389,0,0,570
25,3,96,38,0,1368,1389,0,0,570
25,3,97,38,0,1368,1389,0,0,570
25,3,98,38,0,1368,1389,0,0,570
25,3,99,38,0,1368,1389,0,0,570
25,3,100,38,0,1368,1389,0,0,570
25,3,101,38,0,1368,1389,0,0,570
25,3,102,38,0,1368,1389,0,0,570
25,3,103,38,0,1368,1389,0,0,570
25,3,104,38,0,1368,1389,0,0,570
25,3,105,38,0,1368,1389,0,0,570
25,3,106,38,0,1368,1389,0,0,570
25,3,107,38,0,1368,1389,0,0,570
25,3,108,38,0,1368,1389,0,0,570
25,3,109,38,0,1368,1389,0,0,570
25,3,110,38,0,1368,1389,0,0,570
25,3,111,38,0,1368,1389,0,0,570
25,3,112,38,0,1368,1389,0,0,570
25,3,113,38,0,1368,1389,0,0,570
25,3,114,38,0,1368,1389,0,0,570
25,3,115,38,0,1368,1389,0,0,570
25,3,116,38,0,1368,1389,0,0,570
25,3,117,38,0,1368,1389,0,0,570
25,3,118,38,0,1368,1389,0,0,570
25,3,119,38,0,1368,1389,0,0,570
25,4,0,36,1,1307,1328,11,0,551
25,4,1,36,1,1318,1339,22,0,562
25,4,2,36,1,1329,1350,33,8,573
25,4,3,36,1,1320,1341,24,0,564
25,4,4,36,2,1319,1340,23,0,563
25,4,5,36,2,1330,1351,34,0,574
25,4,6,36,2,1341,1362,45,0,585
25,4,7,36,2,1344,1365,48,0,588
25,4,8,36,2,1320,1341,24,0,564
25,4,9,36,2,1320,1341,24,0,564
25,4,10,36,2,1320,1341,24,0,564
25,4,11,36,2,1338,1359,42,0,582
25,4,12,36,2,1308,1329,12,0,552
25,4,13,36,2,1320,1341,24,0,564
25,4,14,36,2,1308,1329,12,0,552
25,4,15,36,2,1314,1335,18,0,558
25,4,16,36,2,1321,1342,25,0,565
25,4,17,37,1,1344,1365,12,0,567
25,4,18,37,1,1332,1353,0,0,555
25,4,19,37,1,1332,1353,0,0,555
25,4,20,37,1,1357,1378,25,0,580
25,4,21,38,0,1368,1389,0,0,570
25,4,22,38,0,1368,1389,0,0,570
25,4,23,38,0,1368,1389,0,0,570
25,4,24,38,0,1368,1389,0,0,570
25,4,25,38,0,1368,1389,0,0,570
25,4,26,38,0,1368,1389,0,0,570
25,4,27,38,0,1368,1389,0,0,570
25,4,28,38,0,1368,1389,0,0,570
25,4,29,38,0,1368,1389,0,0,570
25,4,30,38,0,1368,1389,0,0,570
25,4,31,38,0,1368,1389,0,0,570
25,4,32,38,0,1368,1389,0,0,570
25,4,33,38,0,1368,1389,0,0,570
25,4,34,38,0,1368,1389,0,0,570
25,4,35,38,0,1368,1389,0,0,570
25,4,36,38,0,1368,1389,0,0,570
25,4,37,38,0,1368,1389,0,0,570
25,4,38,38,0,1368,1389,0,0,570
25,4,39,38,0,1368,1389,0,0,570
25,4,40,38,0,1368,1389,0,0,570
25,4,41,38,0,1368,1389,0,0,570
25,4,42,38,0,1368,1389,0,0,570
25,4,43,38,0,1368,1389,0,0,570
25,4,44,38,0,1368,1389,0,0,570
25,4,45,38,0,1368,1389,0,0,570
25,4,46,38,0,1368,1389,0,0,570
25,4,47,38,0,1368,1389,0,0,570
25,4,48,38,0,1368,1389,0,0,570
25,4,49,38,0,1368,1389,0,0,570
25,4,50,38,0,1368,1389,0,0,570
25,4,51,38,0,1368,1389,0,0,570
25,4,52,38,0,1368,1389,0,0,570
25,4,53,38,0,1368,1389,0,0,570
25,4,54,38,0,1368,1389,0,0,570
25,4,55,38,0,1368,1389,0,0,570
25,4,56,38,0,1368,1389,0,0,570
25,4,57,38,0,1368,1389,0,0,570
25,4,58,38,0,1368,1389,0,0,570
25,4,59,38,0,1368,1389,0,0,570
25,4,60,38,0,1368,1389,0,0,570
25,4,61,38,0,1368,1389,0,0,570
25,4,62,38,0,1368,1389,0,0,570
25,4,63,38,0,1368,1389,0,0,570
25,4,64,38,0,1368,1389,0,0,570
25,4,65,38,0,1368,1389,0,0,570
25,4,66,38,0,1368,1389,0,0,570
25,4,67,38,0,1368,1389,0,0,570
25,4,68,38,0,1368,1389,0,0,570
25,4,69,38,0,1368,1389,0,0,570
25,4,70,38,0,1368,1389,0,0,570
25,4,71,38,0,1368,1389,0,0,570
25,4,72,38,0,1368,1389,0,0,570
25,4,73,38,0,1368,1389,0,0,570
25,4,74,38,0,1368,1389,0,0,570
25,4,75,38,0,1368,1389,0,0,570
25,4,76,38,0,1368,1389,0,0,570
25,4,77,38,0,1368,1389,0,0,570
25,4,78,38,0,1368,1389,0,0,570
25,4,79,38,0,1368,1389,0,0,570
25,4,80,38,0,1368,1389,0,0,570
25,4,81,38,0,1368,1389,0,0,570
25,4,82,38,0,1368,1389,0,0,570
25,4,83,38,0,1368,1389,0,0,570
25,4,84,38,0,1368,1389,0,0,570
25,4,85,38,0,1368,1389,0,0,570
25,4,86,38,0,1368,1389,0,0,570
25,4,87,38,0,1368,1389,0,0,570
25,4,88,38,0,1368,1389,0,0,570
25,4,89,38,0,1368,1389,0,0,570
25,4,90,38,0,1368,1389,0,0,570
25,4,91,38,0,1368,1389,0,0,570
25,4,92,38,0,1368,1389,0,0,570
25,4,93,38,0,1368,1389,0,0,570
25,4,94,38,0,1368,1389,0,0,570
25,4,95,38,0,1368,1389,0,0,570
25,4,96,38,0,1368,1389,0,0,570
25,4,97,38,0,1368,1389,0,0,570
25,4,98,38,0,1368,1389,0,0,570
25,4,99,38,0,1368,1389,0,0,570
25,4,100,38,0,1368,1389,0,0,570
25,4,101,38,0,1368,1389,0,0,570
25,4,102,38,0,1368,1389,0,0,570
25,4,103,38,0,1368,1389,0,0,570
25,4,104,38,0,1368,1389,0,0,570
25,4,105,38,0,1368,1389,0,0,570
25,4,106,38,0,1368,1389,0,0,570
25,4,107,38,0,1368,1389,0,0,570
25,4,108,38,0,1368,1389,0,0,570
25,4,109,38,0,1368,1389,0,0,570
25,4,110,38,0,1368,1389,0,0,570
25,4,111,38,0,1368,1389,0,0,570
25,4,112,38,0,1368,1389,0,0,570
25,4,113,38,0,1368,1389,0,0,570
25,4,114,38,0,1368,1389,0,0,570
25,4,115,38,0,1368,1389,0,0,570
25,4,116,38,0,1368,1389,0,0,570
25,4,117,38,0,1368,1389,0,0,570
25,4,118,38,0,1368,1389,0,0,570
25,4,119,38,0,1368,1389,0,0,570
25,5,0,36,1,1307,1328,11,0,551
25,5,1,36,1,1318,1339,22,0,562
25,5,2,36,1,1329,1350,33,8,573
25,5,3,36,1,1320,1341,24,0,564
25,5,4,36,1,1308,1329,12,0,552
25,5,5,36,2,1319,1340,23,0,563
25,5,6,36,2,1330,1351,34,0,574
25,5,7,36,2,1353,1374,57,7,597
25,5,8,36,2,1332,1353,36,0,576
25,5,9,36,2,1320,1341,24,0,564
25,5,10,36,2,1320,1341,24,0,564
25,5,11,36,2,1326,1347,30,0,570
25,5,12,36,2,1320,1341,24,0,564
25,5,13,36,2,1320,1341,24,0,564
25,5,14,36,2,1308,1329,12,0,552
25,5,15,36,2,1308,1329,12,0,552
25,5,16,36,2,1339,1360,43,0,583
25,5,17,37,1,1332,1353,0,0,555
25,5,18,37,1,1344,1365,12,0,567
25,5,19,37,1,1332,1353,0,0,555
25,5,20,37,1,1332,1353,0,0,555
25,5,21,37,1,1357,1378,25,0,580
25,5,22,38,0,1368,1389,0,0,570
25,5,23,38,0,1368,1389,0,0,570
25,5,24,38,0,1368,1389,0,0,570
25,5,25,38,0,1368,1389,0,0,570
25,5,26,38,0,1368,1389,0,0,570
25,5,27,38,0,1368,1389,0,0,570
25,5,28,38,0,1368,1389,0,0,570
25,5,29,38,0,1368,1389,0,0,570
25,5,30,38,0,1368,1389,0,0,570
25,5,31,38,0,1368,1389,0,0,570
25,5,32,38,0,1368,1389,0,0,570
25,5,33,38,0,1368,1389,0,0,570
25,5,34,38,0,1368,1389,0,0,570
25,5,35,38,0,1368,1389,0,0,570
25,5,36,38,0,1368,1389,0,0,570
25,5,37,38,0,1368,1389,0,0,570
25,5,38,38,0,1368,1389,0,0,570
25,5,39,38,0,1368,1389,0,0,570
25,5,40,38,0,1368,1389,0,0,570
25,5,41,38,0,1368,1389,0,0,570
25,5,42,38,0,1368,1389,0,0,570
25,5,43,38,0,1368,1389,0,0,570
25,5,44,38,0,1368,1389,0,0,570
25,5,45,38,0,1368,1389,0,0,570
25,5,46,38,0,1368,1389,0,0,570
25,5,47,38,0,1368,1389,0,0,570
25,5,48,38,0,1368,1389,0,0,570
25,5,49,38,0,1368,1389,0,0,570
25,5,50,38,0,1368,1389,0,0,570
25,5,51,38,0,1368,1389,0,0,570
25,5,52,38,0,1368,1389,0,0,570
25,5,53,38,0,1368,1389,0,0,570
25,5,54,38,0,1368,1389,0,0,570
25,5,55,38,0,1368,1389,0,0,570
25,5,56,38,0,1368,1389,0,0,570
25,5,57,38,0,1368,1389,0,0,570
25,5,58,38,0,1368,1389,0,0,570
25,5,59,38,0,1368,1389,0,0,570
25,5,60,38,0,1368,1389,0,0,570
25,5,61,38,0,1368,1389,0,0,570
25,5,62,38,0,1368,1389,0,0,570
25,5,63,38,0,1368,1389,0,0,570
25,5,64,38,0,1368,1389,0,0,570
25,5,65,38,0,1368,1389,0,0,570
25,5,66,38,0,1368,1389,0,0,570
25,5,67,38,0,1368,1389,0,0,570
25,5,68,38,0,1368,1389,0,0,570
25,5,69,38,0,1368,1389,0,0,570
25,5,70,38,0,1368,1389,0,0,570
25,5,71,38,0,1368,1389,0,0,570
25,5,72,38,0,1368,1389,0,0,570
25,5,73,38,0,1368,1389,0,0,570
25,5,74,38,0,1368,1389,0,0,570
25,5,75,38,0,1368,1389,0,0,570
25,5,76,38,0,1368,1389,0,0,570
25,5,77,38,0,1368,1389,0,0,570
25,5,78,38,0,1368,1389,0,0,570
25,5,79,38,0,1368,1389,0,0,570
25,5,80,38,0,1368,1389,0,0,570
25,5,81,38,0,1368,1389,0,0,570
25,5,82,38,0,1368,1389,0,0,570
25,5,83,38,0,1368,1389,0,0,570
25,5,84,38,0,1368,1389,0,0,570
25,5,85,38,0,1368,1389,0,0,570
25,5,86,38,0,1368,1389,0,0,570
25,5,87,38,0,1368,1389,0,0,570
25,5,88,38,0,1368,1389,0,0,570
25,5,89,38,0,1368,1389,0,0,570
25,5,90,38,0,1368,1389,0,0,570
25,5,91,38,0,1368,1389,0,0,570
25,5,92,38,0,1368,1389,0,0,570
25,5,93,38,0,1368,1389,0,0,570
25,5,94,38,0,1368,1389,0,0,570
25,5,95,38,0,1368,1389,0,0,570
25,5,96,38,0,1368,1389,0,0,570
25,5,97,38,0,1368,1389,0,0,570
25,5,98,38,0,1368,1389,0,0,570
25,5,99,38,0,1368,1389,0,0,570
25,5,100,38,0,1368,1389,0,0,570
25,5,101,38,0,1368,1389,0,0,570
25,5,102,38,0,1368,1389,0,0,570
25,5,103,38,0,1368,1389,0,0,570
25,5,104,38,0,1368,1389,0,0,570
25,5,105,38,0,1368,1389,0,0,570
25,5,106,38,0,1368,1389,0,0,570
25,5,107,38,0,1368,1389,0,0,570
25,5,108,38,0,1368,1389,0,0,570
25,5,109,38,0,1368,1389,0,0,570
25,5,110,38,0,1368,1389,0,0,570
25,5,111,38,0,1368,1389,0,0,570
25,5,112,38,0,1368,1389,0,0,570
25,5,113,38,0,1368,1389,0,0,570
25,5,114,38,0,1368,1389,0,0,570
25,5,115,38,0,1368,1389,0,0,570
25,5,116,38,0,1368,1389,0,0,570
25,5,117,38,0,1368,1389,0,0,570
25,5,118,38,0,1368,1389,0,0,570
25,5,119,38,0,1368,1389,0,0,570
25,6,0,36,1,1307,1328,11,0,551
25,6,1,36,1,1318,1339,22,0,562
25,6,2,36,1,1329,1350,33,8,573
25,6,3,36,1,1320,1341,24,0,564
25,6,4,36,1,1308,1329,12,0,552
25,6,5,36,1,1308,1329,12,0,552
25,6,6,36,2,1319,1340,23,0,563
25,6,7,36,2,1342,1363,46,0,586
25,6,8,36,2,1341,1362,45,0,585
25,6,9,36,2,1332,1353,36,0,576
25,6,10,36,2,1320,1341,24,0,564
25,6,11,36,2,1326,1347,30,0,570
25,6,12,36,2,1308,1329,12,0,552
25,6,13,36,2,1332,1353,36,0,576
25,6,14,36,2,1308,1329,12,0,552
25,6,15,36,2,1308,1329,12,0,552
25,6,16,36,2,1333,1354,37,0,577
25,6,17,37,1,1350,1371,18,0,573
25,6,18,37,1,1332,1353,0,0,555
25,6,19,37,1,1344,1365,12,0,567
25,6,20,37,1,1332,1353,0,0,555
25,6,21,37,1,1332,1353,0,0,555
25,6,22,37,1,1357,1378,25,0,580
25,6,23,38,0,1368,1389,0,0,570
25,6,24,38,0,1368,1389,0,0,570
25,6,25,38,0,1368,1389,0,0,570
25,6,26,38,0,1368,1389,0,0,570
25,6,27,38,0,1368,1389,0,0,570
25,6,28,38,0,1368,1389,0,0,570
25,6,29,38,0,1368,1389,0,0,570
25,6,30,38,0,1368,1389,0,0,570
25,6,31,38,0,1368,1389,0,0,570
25,6,32,38,0,1368,1389,0,0,570
25,6,33,38,0,1368,1389,0,0,570
25,6,34,38,0,1368,1389,0,0,570
25,6,35,38,0,1368,1389,0,0,570
25,6,36,38,0,1368,1389,0,0,570
25,6,37,38,0,1368,1389,0,0,570
25,6,38,38,0,1368,1389,0,0,570
25,6,39,38,0,1368,1389,0,0,570
25,6,40,38,0,1368,1389,0,0,570
25,6,41,38,0,1368,1389,0,0,570
25,6,42,38,0,1368,1389,0,0,570
25,6,43,38,0,1368,1389,0,0,570
25,6,44,38,0,1368,1389,0,0,570
25,6,45,38,0,1368,1389,0,0,570
25,6,46,38,0,1368,1389,0,0,570
25,6,47,38,0,1368,1389,0,0,570
25,6,48,38,0,1368,1389,0,0,570
25,6,49,38,0,1368,1389,0,0,570
25,6,50,38,0,1368,1389,0,0,570
25,6,51,38,0,1368,1389,0,0,570
25,6,52,38,0,1368,1389,0,0,570
25,6,53,38,0,1368,1389,0,0,570
25,6,54,38,0,1368,1389,0,0,570
25,6,55,38,0,1368,1389,0,0,570
25,6,56,38,0,1368,1389,0,0,570
25,6,57,38,0,1368,1389,0,0,570
25,6,58,38,0,1368,1389,0,0,570
25,6,59,38,0,1368,1389,0,0,570
25,6,60,38,0,1368,1389,0,0,570
25,6,61,38,0,1368,1389,0,0,570
25,6,62,38,0,1368,1389,0,0,570
25,6,63,38,0,1368,1389,0,0,570
25,6,64,38,0,1368,1389,0,0,570
25,6,65,38,0,1368,1389,0,0,570
25,6,66,38,0,1368,1389,0,0,570
25,6,67,38,0,1368,1389,0,0,570
25,6,68,38,0,1368,1389,0,0,570
25,6,69,38,0,1368,1389,0,0,570
25,6,70,38,0,1368,1389,0,0,570
25,6,71,38,0,1368,1389,0,0,570
25,6,72,38,0,1368,1389,0,0,570
25,6,73,38,0,1368,1389,0,0,570
25,6,74,38,0,1368,1389,0,0,570
25,6,75,38,0,1368,1389,0,0,570
25,6,76,38,0,1368,1389,0,0,570
25,6,77,38,0,1368,1389,0,0,570
25,6,78,38,0,1368,1389,0,0,570
25,6,79,38,0,1368,1389,0,0,570
25,6,80,38,0,1368,1389,0,0,570
25,6,81,38,0,1368,1389,0,0,570
25,6,82,38,0,1368,1389,0,0,570
25,6,83,38,0,1368,1389,0,0,570
25,6,84,38,0,1368,1389,0,0,570
25,6,85,38,0,1368,1389,0,0,570
25,6,86,38,0,1368,1389,0,0,570
25,6,87,38,0,1368,1389,0,0,570
25,6,88,38,0,1368,1389,0,0,570
25,6,89,38,0,1368,1389,0,0,570
25,6,90,38,0,1368,1389,0,0,570
25,6,91,38,0,1368,1389,0,0,570
25,6,92,38,0,1368,1389,0,0,570
25,6,93,38,0,1368,1389,0,0,570
25,6,94,38,0,1368,1389,0,0,570
25,6,95,38,0,1368,1389,0,0,570
25,6,96,38,0,1368,1389,0,0,570
25,6,97,38,0,1368,1389,0,0,570
25,6,98,38,0,1368,1389,0,0,570
25,6,99,38,0,1368,1389,0,0,570
25,6,100,38,0,1368,1389,0,0,570
25,6,101,38,0,1368,1389,0,0,570
25,6,102,38,0,1368,1389,0,0,570
25,6,103,38,0,1368,1389,0,0,570
25,6,104,38,0,1368,1389,0,0,570
25,6,105,38,0,1368,1389,0,0,570
25,6,106,38,0,1368,1389,0,0,570
25,6,107,38,0,1368,1389,0,0,570
25,6,108,38,0,1368,1389,0,0,570
25,6,109,38,0,1368,1389,0,0,570
25,6,110,38,0,1368,1389,0,0,570
25,6,111,38,0,1368,1389,0,0,570
25,6,112,38,0,1368,1389,0,0,570
25,6,113,38,0,1368,1389,0,0,570
25,6,114,38,0,1368,1389,0,0,570
25,6,115,38,0,1368,1389,0,0,570
25,6,116,38,0,1368,1389,0,0,570
25,6,117,38,0,1368,1389,0,0,570
25,6,118,38,0,1368,1389,0,0,570
25,6,119,38,0,1368,1389,0,0,570
25,7,0,36,1,1307,1328,11,0,551
25,7,1,36,1,1318,1339,22,0,562
25,7,2,36,1,1329,1350,33,8,573
25,7,3,36,1,1320,1341,24,0,564
25,7,4,36,1,1308,1329,12,0,552
25,7,5,36,1,1308,1329,12,0,552
25,7,6,36,1,1308,1329,12,0,552
25,7,7,36,2,1331,1352,35,0,575
25,7,8,36,2,1330,1351,34,0,574
25,7,9,36,2,1341,1362,45,0,585
25,7,10,36,2,1332,1353,36,0,576
25,7,11,36,2,1326,1347,30,0,570
25,7,12,36,2,1308,1329,12,0,552
25,7,13,36,2,1320,1341,24,0,564
25,7,14,36,2,1320,1341,24,0,564
25,7,15,36,2,1308,1329,12,0,552
25,7,16,36,2,1333,1354,37,0,577
25,7,17,37,1,1344,1365,12,0,567
25,7,18,37,1,1350,1371,18,0,573
25,7,19,37,1,1332,1353,0,0,555
25,7,20,37,1,1344,1365,12,0,567
25,7,21,37,1,1332,1353,0,0,555
25,7,22,37,1,1332,1353,0,0,555
25,7,23,37,1,1357,1378,25,0,580
25,7,24,38,0,1368,1389,0,0,570
25,7,25,38,0,1368,1389,0,0,570
25,7,26,38,0,1368,1389,0,0,570
25,7,27,38,0,1368,1389,0,0,570
25,7,28,38,0,1368,1389,0,0,570
25,7,29,38,0,1368,1389,0,0,570
25,7,30,38,0,1368,1389,0,0,570
25,7,31,38,0,1368,1389,0,0,570
25,7,32,38,0,1368,1389,0,0,570
25,7,33,38,0,1368,1389,0,0,570
25,7,34,38,0,1368,1389,0,0,570
25,7,35,38,0,1368,1389,0,0,570
25,7,36,38,0,1368,1389,0,0,570
25,7,37,38,0,1368,1389,0,0,570
25,7,38,38,0,1368,1389,0,0,570
25,7,39,38,0,1368,1389,0,0,570
25,7,40,38,0,1368,1389,0,0,570
25,7,41,38,0,1368,1389,0,0,570
25,7,42,38,0,1368,1389,0,0,570
25,7,43,38,0,1368,1389,0,0,570
25,7,44,38,0,1368,1389,0,0,570
25,7,45,38,0,1368,1389,0,0,570
25,7,46,38,0,1368,1389,0,0,570
25,7,47,38,0,1368,1389,0,0,570
25,7,48,38,0,1368,1389,0,0,570
25,7,49,38,0,1368,1389,0,0,570
25,7,50,38,0,1368,1389,0,0,570
25,7,51,38,0,1368,1389,0,0,570
25,7,52,38,0,1368,1389,0,0,570
25,7,53,38,0,1368,1389,0,0,570
25,7,54,38,0,1368,1389,0,0,570
25,7,55,38,0,1368,1389,0,0,570
25,7,56,38,0,1368,1389,0,0,570
25,7,57,38,0,1368,1389,0,0,570
25,7,58,38,0,1368,1389,0,0,570
25,7,59,38,0,1368,1389,0,0,570
25,7,60,38,0,1368,1389,0,0,570
25,7,61,38,0,1368,1389,0,0,570
25,7,62,38,0,1368,1389,0,0,570
25,7,63,38,0,1368,1389,0,0,570
25,7,64,38,0,1368,1389,0,0,570
25,7,65,38,0,1368,1389,0,0,570
25,7,66,38,0,1368,1389,0,0,570
25,7,67,38,0,1368,1389,0,0,570
25,7,68,38,0,1368,1389,0,0,570
25,7,69,38,0,1368,1389,0,0,570
25,7,70,38,0,1368,1389,0,0,570
25,7,71,38,0,1368,1389,0,0,570
25,7,72,38,0,1368,1389,0,0,570
25,7,73,38,0,1368,1389,0,0,570
25,7,74,38,0,1368,1389,0,0,570
25,7,75,38,0,1368,1389,0,0,570
25,7,76,38,0,1368,1389,0,0,570
25,7,77,38,0,1368,1389,0,0,570
25,7,78,38,0,1368,1389,0,0,570
25,7,79,38,0,1368,1389,0,0,570
25,7,80,38,0,1368,1389,0,0,570
25,7,81,38,0,1368,1389,0,0,570
25,7,82,38,0,1368,1389,0,0,570
25,7,83,38,0,1368,1389,0,0,570
25,7,84,38,0,1368,1389,0,0,570
25,7,85,38,0,1368,1389,0,0,570
25,7,86,38,0,1368,1389,0,0,570
25,7,87,38,0,1368,1389,0,0,570
25,7,88,38,0,1368,1389,0,0,570
25,7,89,38,0,1368,1389,0,0,570
25,7,90,38,0,1368,1389,0,0,570
25,7,91,38,0,1368,1389,0,0,570
25,7,92,38,0,1368,1389,0,0,570
25,7,93,38,0,1368,1389,0,0,570
25,7,94,38,0,1368,1389,0,0,570
25,7,95,38,0,1368,1389,0,0,570
25,7,96,38,0,1368,1389,0,0,570
25,7,97,38,0,1368,1389,0,0,570
25,7,98,38,0,1368,1389,0,0,570
25,7,99,38,0,1368,1389,0,0,570
25,7,100,38,0,1368,1389,0,0,570
25,7,101,38,0,1368,1389,0,0,570
25,7,102,38,0,1368,1389,0,0,570
25,7,103,38,0,1368,1389,0,0,570
25,7,104,38,0,1368,1389,0,0,570
25,7,105,38,0,1368,1389,0,0,570
25,7,106,38,0,1368,1389,0,0,570
25,7,107,38,0,1368,1389,0,0,570
25,7,108,38,0,1368,1389,0,0,570
25,7,109,38,0,1368,1389,0,0,570
25,7,110,38,0,1368,1389,0,0,570
25,7,111,38,0,1368,1389,0,0,570
25,7,112,38,0,1368,1389,0,0,570
25,7,113,38,0,1368,1389,0,0,570
25,7,114,38,0,1368,1389,0,0,570
25,7,115,38,0,1368,1389,0,0,570
25,7,116,38,0,1368,1389,0,0,570
25,7,117,38,0,1368,1389,0,0,570
25,7,118,38,0,1368,1389,0,0,570
25,7,119,38,0,1368,1389,0,0,570
25,8,0,36,1,1307,1328,11,0,551
25,8,1,36,1,1318,1339,22,0,562
25,8,2,36,1,1329,1350,33,8,573
25,8,3,36,1,1320,1341,24,0,564
25,8,4,36,1,1308,1329,12,0,552
25,8,5,36,1,1308,1329,12,0,552
25,8,6,36,1,1308,1329,12,0,552
25,8,7,36,1,1320,1341,24,0,564
25,8,8,36,2,1319,1340,23,0,563
25,8,9,36,2,1330,1351,34,0,574
25,8,10,36,2,1341,1362,45,0,585
25,8,11,36,2,1338,1359,42,0,582
25,8,12,36,2,1308,1329,12,0,552
25,8,13,36,2,1320,1341,24,0,564
25,8,14,36,2,1308,1329,12,0,552
25,8,15,36,2,1320,1341,24,0,564
25,8,16,36,2,1333,1354,37,0,577
25,8,17,37,1,1344,1365,12,0,567
25,8,18,37,1,1344,1365,12,0,567
25,8,19,37,1,1350,1371,18,0,573
25,8,20,37,1,1332,1353,0,0,555
25,8,21,37,1,1344,1365,12,0,567
25,8,22,37,1,1332,1353,0,0,555
25,8,23,37,1,1332,1353,0,0,555
25,8,24,37,1,1357,1378,25,0,580
25,8,25,38,0,1368,1389,0,0,570
25,8,26,38,0,1368,1389,0,0,570
25,8,27,38,0,1368,1389,0,0,570
25,8,28,38,0,1368,1389,0,0,570
25,8,29,38,0,1368,1389,0,0,570
25,8,30,38,0,1368,1389,0,0,570
25,8,31,38,0,1368,1389,0,0,570
25,8,32,38,0,1368,1389,0,0,570
25,8,33,38,0,1368,1389,0,0,570
25,8,34,38,0,1368,1389,0,0,570
25,8,35,38,0,1368,1389,0,0,570
25,8,36,38,0,1368,1389,0,0,570
25,8,37,38,0,1368,1389,0,0,570
25,8,38,38,0,1368,1389,0,0,570
25,8,39,38,0,1368,1389,0,0,570
25,8,40,38,0,1368,1389,0,0,570
25,8,41,38,0,1368,1389,0,0,570
25,8,42,38,0,1368,1389,0,0,570
25,8,43,38,0,1368,1389,0,0,570
25,8,44,38,0,1368,1389,0,0,570
25,8,45,38,0,1368,1389,0,0,570
25,8,46,38,0,1368,1389,0,0,570
25,8,47,38,0,1368,1389,0,0,570
25,8,48,38,0,1368,1389,0,0,570
25,8,49,38,0,1368,1389,0,0,570
25,8,50,38,0,1368,1389,0,0,570
25,8,51,38,0,1368,1389,0,0,570
25,8,52,38,0,1368,1389,0,0,570
25,8,53,38,0,1368,1389,0,0,570
25,8,54,38,0,1368,1389,0,0,570
25,8,55,38,0,1368,1389,0,0,570
25,8,56,38,0,1368,1389,0,0,570
25,8,57,38,0,1368,1389,0,0,570
25,8,58,38,0,1368,1389,0,0,570
25,8,59,38,0,1368,1389,0,0,570
25,8,60,38,0,1368,1389,0,0,570
25,8,61,38,0,1368,1389,0,0,570
25,8,62,38,0,1368,1389,0,0,570
25,8,63,38,0,1368,1389,0,0,570
25,8,64,38,0,1368,1389,0,0,570
25,8,65,38,0,1368,1389,0,0,570
25,8,66,38,0,1368,1389,0,0,570
25,8,67,38,0,1368,1389,0,0,570
25,8,68,38,0,1368,1389,0,0,570
25,8,69,38,0,1368,1389,0,0,570
25,8,70,38,0,1368,1389,0,0,570
25,8,71,38,0,1368,1389,0,0,570
25,8,72,38,0,1368,1389,0,0,570
25,8,73,38,0,1368,1389,0,0,570
25,8,74,38,0,1368,1389,0,0,570
25,8,75,38,0,1368,1389,0,0,570
25,8,76,38,0,1368,1389,0,0,570
25,8,77,38,0,1368,1389,0,0,570
25,8,78,38,0,1368,1389,0,0,570
25,8,79,38,0,1368,1389,0,0,570
25,8,80,38,0,1368,1389,0,0,570
25,8,81,38,0,1368,1389,0,0,570
25,8,82,38,0,1368,1389,0,0,570
25,8,83,38,0,1368,1389,0,0,570
25,8,84,38,0,1368,1389,0,0,570
25,8,85,38,0,1368,1389,0,0,570
25,8,86,38,0,1368,1389,0,0,570
25,8,87,38,0,1368,1389,0,0,570
25,8,88,38,0,1368,1389,0,0,570
25,8,89,38,0,1368,1389,0,0,570
25,8,90,38,0,1368,1389,0,0,570
25,8,91,38,0,1368,1389,0,0,570
25,8,92,38,0,1368,1389,0,0,570
25,8,93,38,0,1368,1389,0,0,570
25,8,94,38,0,1368,1389,0,0,570
25,8,95,38,0,1368,1389,0,0,570
25,8,96,38,0,1368,1389,0,0,570
25,8,97,38,0,1368,1389,0,0,570
25,8,98,38,0,1368,1389,0,0,570
25,8,99,38,0,1368,1389,0,0,570
25,8,100,38,0,1368,1389,0,0,570
25,8,101,38,0,1368,1389,0,0,570
25,8,102,38,0,1368,1389,0,0,570
25,8,103,38,0,1368,1389,0,0,570
25,8,104,38,0,1368,1389,0,0,570
25,8,105,38,0,1368,1389,0,0,570
25,8,106,38,0,1368,1389,0,0,570
25,8,107,38,0,1368,1389,0,0,570
25,8,108,38,0,1368,1389,0,0,570
25,8,109,38,0,1368,1389,0,0,570
25,8,110,38,0,1368,1389,0,0,570
25,8,111,38,0,1368,1389,0,0,570
25,8,112,38,0,1368,1389,0,0,570
25,8,113,38,0,1368,1389,0,0,570
25,8,114,38,0,1368,1389,0,0,570
25,8,115,38,0,1368,1389,0,0,570
25,8,116,38,0,1368,1389,0,0,570
25,8,117,38,0,1368,1389,0,0,570
25,8,118,38,0,1368,1389,0,0,570
25,8,119,38,0,1368,1389,0,0,570
25,9,0,36,1,1307,1328,11,0,551
25,9,1,36,1,1318,1339,22,0,562
25,9,2,36,1,1329,1350,33,8,573
25,9,3,36,1,1320,1341,24,0,564
25,9,4,36,1,1308,1329,12,0,552
25,9,5,36,1,1308,1329,12,0,552
25,9,6,36,1,1308,1329,12,0,552
25,9,7,36,1,1320,1341,24,0,564
25,9,8,36,1,1308,1329,12,0,552
25,9,9,36,2,1319,1340,23,0,563
25,9,10,36,2,1330,1351,34,0,574
25,9,11,36,2,1347,1368,51,1,591
25,9,12,36,2,1320,1341,24,0,564
25,9,13,36,2,1320,1341,24,0,564
25,9,14,36,2,1308,1329,12,0,552
25,9,15,36,2,1308,1329,12,0,552
25,9,16,36,2,1345,1366,49,0,589
25,9,17,37,1,1344,1365,12,0,567
25,9,18,37,1,1344,1365,12,0,567
25,9,19,37,1,1344,1365,12,0,567
25,9,20,37,1,1350,1371,18,0,573
25,9,21,37,1,1332,1353,0,0,555
25,9,22,37,1,1344,1365,12,0,567
25,9,23,37,1,1332,1353,0,0,555
25,9,24,37,1,1332,1353,0,0,555
25,9,25,37,1,1357,1378,25,0,580
25,9,26,38,0,1368,1389,0,0,570
25,9,27,38,0,1368,1389,0,0,570
25,9,28,38,0,1368,1389,0,0,570
25,9,29,38,0,1368,1389,0,0,570
25,9,30,38,0,1368,1389,0,0,570
25,9,31,38,0,1368,1389,0,0,570
25,9,32,38,0,1368,1389,0,0,570
25,9,33,38,0,1368,1389,0,0,570
25,9,34,38,0,1368,1389,0,0,570
25,9,35,38,0,1368,1389,0,0,570
25,9,36,38,0,1368,1389,0,0,570
25,9,37,38,0,1368,1389,0,0,570
25,9,38,38,0,1368,1389,0,0,570
25,9,39,38,0,1368,1389,0,0,570
25,9,40,38,0,1368,1389,0,0,570
25,9,41,38,0,1368,1389,0,0,570
25,9,42,38,0,1368,1389,0,0,570
25,9,43,38,0,1368,1389,0,0,570
25,9,44,38,0,1368,1389,0,0,570
25,9,45,38,0,1368,1389,0,0,570
25,9,46,38,0,1368,1389,0,0,570
25,9,47,38,0,1368,1389,0,0,570
25,9,48,38,0,1368,1389,0,0,570
25,9,49,38,0,1368,1389,0,0,570
25,9,50,38,0,1368,1389,0,0,570
25,9,51,38,0,1368,1389,0,0,570
25,9,52,38,0,1368,1389,0,0,570
25,9,53,38,0,1368,1389,0,0,570
25,9,54,38,0,1368,1389,0,0,570
25,9,55,38,0,1368,1389,0,0,570
25,9,56,38,0,1368,1389,0,0,570
25,9,57,38,0,1368,1389,0,0,570
25,9,58,38,0,1368,1389,0,0,570
25,9,59,38,0,1368,1389,0,0,570
25,9,60,38,0,1368,1389,0,0,570
25,9,61,38,0,1368,1389,0,0,570
25,9,62,38,0,1368,1389,0,0,570
25,9,63,38,0,1368,1389,0,0,570
25,9,64,38,0,1368,1389,0,0,570
25,9,65,38,0,1368,1389,0,0,570
25,9,66,38,0,1368,1389,0,0,570
25,9,67,38,0,1368,1389,0,0,570
25,9,68,38,0,1368,1389,0,0,570
25,9,69,38,0,1368,1389,0,0,570
25,9,70,38,0,1368,1389,0,0,570
25,9,71,38,0,1368,1389,0,0,570
25,9,72,38,0,1368,1389,0,0,570
25,9,73,38,0,1368,1389,0,0,570
25,9,74,38,0,1368,1389,0,0,570
25,9,75,38,0,1368,1389,0,0,570
25,9,76,38,0,1368,1389,0,0,570
25,9,77,38,0,1368,1389,0,0,570
25,9,78,38,0,1368,1389,0,0,570
25,9,79,38,0,1368,1389,0,0,570
25,9,80,38,0,1368,1389,0,0,570
25,9,81,38,0,1368,1389,0,0,570
25,9,82,38,0,1368,1389,0,0,570
25,9,83,38,0,1368,1389,0,0,570
25,9,84,38,0,1368,1389,0,0,570
25,9,85,38,0,1368,1389,0,0,570
25,9,86,38,0,1368,1389,0,0,570
25,9,87,38,0,1368,1389,0,0,570
25,9,88,38,0,1368,1389,0,0,570
25,9,89,38,0,1368,1389,0,0,570
25,9,90,38,0,1368,1389,0,0,570
25,9,91,38,0,1368,1389,0,0,570
25,9,92,38,0,1368,1389,0,0,570
25,9,93,38,0,1368,1389,0,0,570
25,9,94,38,0,1368,1389,0,0,570
25,9,95,38,0,1368,1389,0,0,570
25,9,96,38,0,1368,1389,0,0,570
25,9,97,38,0,1368,1389,0,0,570
25,9,98,38,0,1368,1389,0,0,570
25,9,99,38,0,1368,1389,0,0,570
25,9,100,38,0,1368,1389,0,0,570
25,9,101,38,0,1368,1389,0,0,570
25,9,102,38,0,1368,1389,0,0,570
25,9,103,38,0,1368,1389,0,0,570
25,9,104,38,0,1368,1389,0,0,570
25,9,105,38,0,1368,1389,0,0,570
25,9,106,38,0,1368,1389,0,0,570
25,9,107,38,0,1368,1389,0,0,570
25,9,108,38,0,1368,1389,0,0,570
25,9,109,38,0,1368,1389,0,0,570
25,9,110,38,0,1368,1389,0,0,570
25,9,111,38,0,1368,1389,0,0,570
25,9,112,38,0,1368,1389,0,0,570
25,9,113,38,0,1368,1389,0,0,570
25,9,114,38,0,1368,1389,0,0,570
25,9,115,38,0,1368,1389,0,0,570
25,9,116,38,0,1368,1389,0,0,570
25,9,117,38,0,1368,1389,0,0,570
25,9,118,38,0,1368,1389,0,0,570
25,9,119,38,0,1368,1389,0,0,570
25,10,0,36,1,1307,1328,11,0,551
25,10,1,36,1,1318,1339,22,0,562
25,10,2,36,1,1329,1350,33,8,573
25,10,3,36,1,1320,1341,24,0,564
25,10,4,36,1,1308,1329,12,0,552
25,10,5,36,1,1308,1329,12,0,552
25,10,6,36,1,1308,1329,12,0,552
25,10,7,36,1,1320,1341,24,0,564
25,10,8,36,1,1308,1329,12,0,552
25,10,9,36,1,1308,1329,12,0,552
25,10,10,36,2,1319,1340,23,0,563
25,10,11,36,2,1336,1357,40,0,580
25,10,12,36,2,1329,1350,33,0,573
25,10,13,36,2,1332,1353,36,0,576
25,10,14,36,2,1308,1329,12,0,552
25,10,15,36,2,1308,1329,12,0,552
25,10,16,36,2,1333,1354,37,0,577
25,10,17,37,1,1356,1377,24,0,579
25,10,18,37,1,1344,1365,12,0,567
25,10,19,37,1,1344,1365,12,0,567
25,10,20,37,1,1344,1365,12,0,567
25,10,21,37,1,1350,1371,18,0,573
25,10,22,37,1,1332,1353,0,0,555
25,10,23,37,1,1344,1365,12,0,567
25,10,24,37,1,1332,1353,0,0,555
25,10,25,37,1,1332,1353,0,0,555
25,10,26,37,1,1357,1378,25,0,580
25,10,27,38,0,1368,1389,0,0,570
25,10,28,38,0,1368,1389,0,0,570
25,10,29,38,0,1368,1389,0,0,570
25,10,30,38,0,1368,1389,0,0,570
25,10,31,38,0,1368,1389,0,0,570
25,10,32,38,0,1368,1389,0,0,570
25,10,33,38,0,1368,1389,0,0,570
25,10,34,38,0,1368,1389,0,0,570
25,10,35,38,0,1368,1389,0,0,570
25,10,36,38,0,1368,1389,0,0,570
25,10,37,38,0,1368,1389,0,0,570
25,10,38,38,0,1368,1389,0,0,570
25,10,39,38,0,1368,1389,0,0,570
25,10,40,38,0,1368,1389,0,0,570
25,10,41,38,0,1368,1389,0,0,570
25,10,42,38,0,1368,1389,0,0,570
25,10,43,38,0,1368,1389,0,0,570
25,10,44,38,0,1368,1389,0,0,570
25,10,45,38,0,1368,1389,0,0,570
25,10,46,38,0,1368,1389,0,0,570
25,10,47,38,0,1368,1389,0,0,570
25,10,48,38,0,1368,1389,0,0,570
25,10,49,38,0,1368,1389,0,0,570
25,10,50,38,0,1368,1389,0,0,570
25,10,51,38,0,1368,1389,0,0,570
25,10,52,38,0,1368,1389,0,0,570
25,10,53,38,0,1368,1389,0,0,570
25,10,54,38,0,1368,1389,0,0,570
25,10,55,38,0,1368,1389,0,0,570
25,10,56,38,0,1368,1389,0,0,570
25,10,57,38,0,1368,1389,0,0,570
25,10,58,38,0,1368,1389,0,0,570
25,10,59,38,0,1368,1389,0,0,570
25,10,60,38,0,1368,1389,0,0,570
25,10,61,38,0,1368,1389,0,0,570
25,10,62,38,0,1368,1389,0,0,570
25,10,63,38,0,1368,1389,0,0,570
25,10,64,38,0,1368,1389,0,0,570
25,10,65,38,0,1368,1389,0,0,570
25,10,66,38,0,1368,1389,0,0,570
25,10,67,38,0,1368,1389,0,0,570
25,10,68,38,0,1368,1389,0,0,570
25,10,69,38,0,1368,1389,0,0,570
25,10,70,38,0,1368,1389,0,0,570
25,10,71,38,0,1368,1389,0,0,570
25,10,72,38,0,1368,1389,0,0,570
25,10,73,38,0,1368,1389,0,0,570
25,10,74,38,0,1368,1389,0,0,570
25,10,75,38,0,1368,1389,0,0,570
25,10,76,38,0,1368,1389,0,0,570
25,10,77,38,0,1368,1389,0,0,570
25,10,78,38,0,1368,1389,0,0,570
25,10,79,38,0,1368,1389,0,0,570
25,10,80,38,0,1368,1389,0,0,570
25,10,81,38,0,1368,1389,0,0,570
25,10,82,38,0,1368,1389,0,0,570
25,10,83,38,0,1368,1389,0,0,570
25,10,84,38,0,1368,1389,0,0,570
25,10,85,38,0,1368,1389,0,0,570
25,10,86,38,0,1368,1389,0,0,570
25,10,87,38,0,1368,1389,0,0,570
25,10,88,38,0,1368,1389,0,0,570
25,10,89,38,0,1368,1389,0,0,570
25,10,90,38,0,1368,1389,0,0,570
25,10,91,38,0,1368,1389,0,0,570
25,10,92,38,0,1368,1389,0,0,570
25,10,93,38,0,1368,1389,0,0,570
25,10,94,38,0,1368,1389,0,0,570
25,10,95,38,0,1368,1389,0,0,570
25,10,96,38,0,1368,1389,0,0,570
25,10,97,38,0,1368,1389,0,0,570
25,10,98,38,0,1368,1389,0,0,570
25,10,99,38,0,1368,1389,0,0,570
25,10,100,38,0,1368,1389,0,0,570
25,10,101,38,0,1368,1389,0,0,570
25,10,102,38,0,1368,1389,0,0,570
25,10,103,38,0,1368,1389,0,0,570
25,10,104,38,0,1368,1389,0,0,570
25,10,105,38,0,1368,1389,0,0,570
25,10,106,38,0,1368,1389,0,0,570
25,10,107,38,0,1368,1389,0,0,570
25,10,108,38,0,1368,1389,0,0,570
25,10,109,38,0,1368,1389,0,0,570
25,10,110,38,0,1368,1389,0,0,570
25,10,111,38,0,1368,1389,0,0,570
25,10,112,38,0,1368,1389,0,0,570
25,10,113,38,0,1368,1389,0,0,570
25,10,114,38,0,1368,1389,0,0,570
25,10,115,38,0,1368,1389,0,0,570
25,10,116,38,0,1368,1389,0,0,570
25,10,117,38,0,1368,1389,0,0,570
25,10,118,38,0,1368,1389,0,0,570
25,10,119,38,0,1368,1389,0,0,570
25,11,0,36,1,1307,1328,11,0,551
25,11,1,36,1,1318,1339,22,0,562
25,11,2,36,1,1329,1350,33,8,573
25,11,3,36,1,1320,1341,24,0,564
25,11,4,36,1,1308,1329,12,0,552
25,11,5,36,1,1308,1329,12,0,552
25,11,6,36,1,1308,1329,12,0,552
25,11,7,36,1,1320,1341,24,0,564
25,11,8,36,1,1308,1329,12,0,552
25,11,9,36,1,1308,1329,12,0,552
25,11,10,36,1,1308,1329,12,0,552
25,11,11,36,2,1325,1346,29,0,569
25,11,12,36,2,1318,1339,22,0,562
25,11,13,36,2,1341,1362,45,0,585
25,11,14,36,2,1320,1341,24,0,564
25,11,15,36,2,1308,1329,12,0,552
25,11,16,36,2,1333,1354,37,0,577
25,11,17,37,1,1344,1365,12,0,567
25,11,18,37,1,1356,1377,24,0,579
25,11,19,37,1,1344,1365,12,0,567
25,11,20,37,1,1344,1365,12,0,567
25,11,21,37,1,1344,1365,12,0,567
25,11,22,37,1,1350,1371,18,0,573
25,11,23,37,1,1332,1353,0,0,555
25,11,24,37,1,1344,1365,12,0,567
25,11,25,37,1,1332,1353,0,0,555
25,11,26,37,1,1332,1353,0,0,555
25,11,27,37,1,1357,1378,25,0,580
25,11,28,38,0,1368,1389,0,0,570
25,11,29,38,0,1368,1389,0,0,570
25,11,30,38,0,1368,1389,0,0,570
25,11,31,38,0,1368,1389,0,0,570
25,11,32,38,0,1368,1389,0,0,570
25,11,33,38,0,1368,1389,0,0,570
25,11,34,38,0,1368,1389,0,0,570
25,11,35,38,0,1368,1389,0,0,570
25,11,36,38,0,1368,1389,0,0,570
25,11,37,38,0,1368,1389,0,0,570
25,11,38,38,0,1368,1389,0,0,570
25,11,39,38,0,1368,1389,0,0,570
25,11,40,38,0,1368,1389,0,0,570
25,11,41,38,0,1368,1389,0,0,570
25,11,42,38,0,1368,1389,0,0,570
25,11,43,38,0,1368,1389,0,0,570
25,11,44,38,0,1368,1389,0,0,570
25,11,45,38,0,1368,1389,0,0,570
25,11,46,38,0,1368,1389,0,0,570
25,11,47,38,0,1368,1389,0,0,570
25,11,48,38,0,1368,1389,0,0,570
25,11,49,38,0,1368,1389,0,0,570
25,11,50,38,0,1368,1389,0,0,570
25,11,51,38,0,1368,1389,0,0,570
25,11,52,38,0,1368,1389,0,0,570
25,11,53,38,0,1368,1389,0,0,570
25,11,54,38,0,1368,1389,0,0,570
25,11,55,38,0,1368,1389,0,0,570
25,11,56,38,0,1368,1389,0,0,570
25,11,57,38,0,1368,1389,0,0,570
25,11,58,38,0,1368,1389,0,0,570
25,11,59,38,0,1368,1389,0,0,570
25,11,60,38,0,1368,1389,0,0,570
25,11,61,38,0,1368,1389,0,0,570
25,11,62,38,0,1368,1389,0,0,570
25,11,63,38,0,1368,1389,0,0,570
25,11,64,38,0,1368,1389,0,0,570
25,11,65,38,0,1368,1389,0,0,570
25,11,66,38,0,1368,1389,0,0,570
25,11,67,38,0,1368,1389,0,0,570
25,11,68,38,0,1368,1389,0,0,570
25,11,69,38,0,1368,1389,0,0,570
25,11,70,38,0,1368,1389,0,0,570
25,11,71,38,0,1368,1389,0,0,570
25,11,72,38,0,1368,1389,0,0,570
25,11,73,38,0,1368,1389,0,0,570
25,11,74,38,0,1368,1389,0,0,570
25,11,75,38,0,1368,1389,0,0,570
25,11,76,38,0,1368,1389,0,0,570
25,11,77,38,0,1368,1389,0,0,570
25,11,78,38,0,1368,1389,0,0,570
25,11,79,38,0,1368,1389,0,0,570
25,11,80,38,0,1368,1389,0,0,570
25,11,81,38,0,1368,1389,0,0,570
25,11,82,38,0,1368,1389,0,0,570
25,11,83,38,0,1368,1389,0,0,570
25,11,84,38,0,1368,1389,0,0,570
25,11,85,38,0,1368,1389,0,0,570
25,11,86,38,0,1368,1389,0,0,570
25,11,87,38,0,1368,1389,0,0,570
25,11,88,38,0,1368,1389,0,0,570
25,11,89,38,0,1368,1389,0,0,570
25,11,90,38,0,1368,1389,0,0,570
25,11,91,38,0,1368,1389,0,0,570
25,11,92,38,0,1368,1389,0,0,570
25,11,93,38,0,1368,1389,0,0,570
25,11,94,38,0,1368,1389,0,0,570
25,11,95,38,0,1368,1389,0,0,570
25,11,96,38,0,1368,1389,0,0,570
25,11,97,38,0,1368,1389,0,0,570
25,11,98,38,0,1368,1389,0,0,570
25,11,99,38,0,1368,1389,0,0,570
25,11,100,38,0,1368,1389,0,0,570
25,11,101,38,0,1368,1389,0,0,570
25,11,102,38,0,1368,1389,0,0,570
25,11,103,38,0,1368,1389,0,0,570
25,11,104,38,0,1368,1389,0,0,570
25,11,105,38,0,1368,1389,0,0,570
25,11,106,38,0,1368,1389,0,0,570
25,11,107,38,0,1368,1389,0,0,570
25,11,108,38,0,1368,1389,0,0,570
25,11,109,38,0,1368,1389,0,0,570
25,11,110,38,0,1368,1389,0,0,570
25,11,111,38,0,1368,1389,0,0,570
25,11,112,38,0,1368,1389,0,0,570
25,11,113,38,0,1368,1389,0,0,570
25,11,114,38,0,1368,1389,0,0,570
25,11,115,38,0,1368,1389,0,0,570
25,11,116,38,0,1368,1389,0,0,570
25,11,117,38,0,1368,1389,0,0,570
25,11,118,38,0,1368,1389,0,0,570
25,11,119,38,0,1368,1389,0,0,570
25,12,0,36,1,1307,1328,11,0,551
25,12,1,36,1,1318,1339,22,0,562
25,12,2,36,1,1329,1350,33,8,573
25,12,3,36,1,1320,1341,24,0,564
25,12,4,36,1,1308,1329,12,0,552
25,12,5,36,1,1308,1329,12,0,552
25,12,6,36,1,1308,1329,12,0,552
25,12,7,36,1,1320,1341,24,0,564
25,12,8,36,1,1308,1329,12,0,552
25,12,9,36,1,1308,1329,12,0,552
25,12,10,36,1,1308,1329,12,0,552
25,12,11,36,1,1314,1335,18,0,558
25,12,12,36,2,1307,1328,11,0,551
25,12,13,36,2,1330,1351,34,0,574
25,12,14,36,2,1329,1350,33,0,573
25,12,15,36,2,1320,1341,24,0,564
25,12,16,36,2,1333,1354,37,0,577
25,12,17,37,1,1344,1365,12,0,567
25,12,18,37,1,1344,1365,12,0,567
25,12,19,37,1,1356,1377,24,0,579
25,12,20,37,1,1344,1365,12,0,567
25,12,21,37,1,1344,1365,12,0,567
25,12,22,37,1,1344,1365,12,0,567
25,12,23,37,1,1350,1371,18,0,573
25,12,24,37,1,1332,1353,0,0,555
25,12,25,37,1,1344,1365,12,0,567
25,12,26,37,1,1332,1353,0,0,555
25,12,27,37,1,1332,1353,0,0,555
25,12,28,37,1,1357,1378,25,0,580
25,12,29,38,0,1368,1389,0,0,570
25,12,30,38,0,1368,1389,0,0,570
25,12,31,38,0,1368,1389,0,0,570
25,12,32,38,0,1368,1389,0,0,570
25,12,33,38,0,1368,1389,0,0,570
25,12,34,38,0,1368,1389,0,0,570
25,12,35,38,0,1368,1389,0,0,570
25,12,36,38,0,1368,1389,0,0,570
25,12,37,38,0,1368,1389,0,0,570
25,12,38,38,0,1368,1389,0,0,570
25,12,39,38,0,1368,1389,0,0,570
25,12,40,38,0,1368,1389,0,0,570
25,12,41,38,0,1368,1389,0,0,570
25,12,42,38,0,1368,1389,0,0,570
25,12,43,38,0,1368,1389,0,0,570
25,12,44,38,0,1368,1389,0,0,570
25,12,45,38,0,1368,1389,0,0,570
25,12,46,38,0,1368,1389,0,0,570
25,12,47,38,0,1368,1389,0,0,570
25,12,48,38,0,1368,1389,0,0,570
25,12,49,38,0,1368,1389,0,0,570
25,12,50,38,0,1368,1389,0,0,570
25,12,51,38,0,1368,1389,0,0,570
25,12,52,38,0,1368,1389,0,0,570
25,12,53,38,0,1368,1389,0,0,570
25,12,54,38,0,1368,1389,0,0,570
25,12,55,38,0,1368,1389,0,0,570
25,12,56,38,0,1368,1389,0,0,570
25,12,57,38,0,1368,1389,0,0,570
25,12,58,38,0,1368,1389,0,0,570
25,12,59,38,0,1368,1389,0,0,570
25,12,60,38,0,1368,1389,0,0,570
25,12,61,38,0,1368,1389,0,0,570
25,12,62,38,0,1368,1389,0,0,570
25,12,63,38,0,1368,1389,0,0,570
25,12,64,38,0,1368,1389,0,0,570
25,12,65,38,0,1368,1389,0,0,570
25,12,66,38,0,1368,1389,0,0,570
25,12,67,38,0,1368,1389,0,0,570
25,12,68,38,0,1368,1389,0,0,570
25,12,69,38,0,1368,1389,0,0,570
25,12,70,38,0,1368,1389,0,0,570
25,12,71,38,0,1368,1389,0,0,570
25,12,72,38,0,1368,1389,0,0,570
25,12,73,38,0,1368,1389,0,0,570
25,12,74,38,0,1368,1389,0,0,570
25,12,75,38,0,1368,1389,0,0,570
25,12,76,38,0,1368,1389,0,0,570
25,12,77,38,0,1368,1389,0,0,570
25,12,78,38,0,1368,1389,0,0,570
25,12,79,38,0,1368,1389,0,0,570
25,12,80,38,0,1368,1389,0,0,570
25,12,81,38,0,1368,1389,0,0,570
25,12,82,38,0,1368,1389,0,0,570
25,12,83,38,0,1368,1389,0,0,570
25,12,84,38,0,1368,1389,0,0,570
25,12,85,38,0,1368,1389,0,0,570
25,12,86,38,0,1368,1389,0,0,570
25,12,87,38,0,1368,1389,0,0,570
25,12,88,38,0,1368,1389,0,0,570
25,12,89,38,0,1368,1389,0,0,570
25,12,90,38,0,1368,1389,0,0,570
25,12,91,38,0,1368,1389,0,0,570
25,12,92,38,0,1368,1389,0,0,570
25,12,93,38,0,1368,1389,0,0,570
25,12,94,38,0,1368,1389,0,0,570
25,12,95,38,0,1368,1389,0,0,570
25,12,96,38,0,1368,1389,0,0,570
25,12,97,38,0,1368,1389,0,0,570
25,12,98,38,0,1368,1389,0,0,570
25,12,99,38,0,1368,1389,0,0,570
25,12,100,38,0,1368,1389,0,0,570
25,12,101,38,0,1368,1389,0,0,570
25,12,102,38,0,1368,1389,0,0,570
25,12,103,38,0,1368,1389,0,0,570
25,12,104,38,0,1368,1389,0,0,570
25,12,105,38,0,1368,1389,0,0,570
25,12,106,38,0,1368,1389,0,0,570
25,12,107,38,0,1368,1389,0,0,570
25,12,108,38,0,1368,1389,0,0,570
25,12,109,38,0,1368,1389,0,0,570
25,12,110,38,0,1368,1389,0,0,570
25,12,111,38,0,1368,1389,0,0,570
25,12,112,38,0,1368,1389,0,0,570
25,12,113,38,0,1368,1389,0,0,570
25,12,114,38,0,1368,1389,0,0,570
25,12,115,38,0,1368,1389,0,0,570
25,12,116,38,0,1368,1389,0,0,570
25,12,117,38,0,1368,1389,0,0,570
25,12,118,38,0,1368,1389,0,0,570
25,12,119,38,0,1368,1389,0,0,570
25,13,0,36,1,1307,1328,11,0,551
25,13,1,36,1,1318,1339,22,0,562
25,13,2,36,1,1329,1350,33,8,573
25,13,3,36,1,1320,1341,24,0,564
25,13,4,36,1,1308,1329,12,0,552
25,13,5,36,1,1308,1329,12,0,552
25,13,6,36,1,1308,1329,12,0,552
25,13,7,36,1,1320,1341,24,0,564
25,13,8,36,1,1308,1329,12,0,552
25,13,9,36,1,1308,1329,12,0,552
25,13,10,36,1,1308,1329,12,0,552
25,13,11,36,1,1314,1335,18,0,558
25,13,12,36,1,1296,1317,0,0,540
25,13,13,36,2,1319,1340,23,0,563
25,13,14,36,2,1318,1339,22,0,562
25,13,15,36,2,1329,1350,33,0,573
25,13,16,36,2,1345,1366,49,0,589
25,13,17,37,1,1344,1365,12,0,567
25,13,18,37,1,1344,1365,12,0,567
25,13,19,37,1,1344,1365,12,0,567
25,13,20,37,1,1356,1377,24,0,579
25,13,21,37,1,1344,1365,12,0,567
25,13,22,37,1,1344,1365,12,0,567
25,13,23,37,1,1344,1365,12,0,567
25,13,24,37,1,1350,1371,18,0,573
25,13,25,37,1,1332,1353,0,0,555
25,13,26,37,1,1344,1365,12,0,567
25,13,27,37,1,1332,1353,0,0,555
25,13,28,37,1,1332,1353,0,0,555
25,13,29,37,1,1357,1378,25,0,580
25,13,30,38,0,1368,1389,0,0,570
25,13,31,38,0,1368,1389,0,0,570
25,13,32,38,0,1368,1389,0,0,570
25,13,33,38,0,1368,1389,0,0,570
25,13,34,38,0,1368,1389,0,0,570
25,13,35,38,0,1368,1389,0,0,570
25,13,36,38,0,1368,1389,0,0,570
25,13,37,38,0,1368,1389,0,0,570
25,13,38,38,0,1368,1389,0,0,570
25,13,39,38,0,1368,1389,0,0,570
25,13,40,38,0,1368,1389,0,0,570
25,13,41,38,0,1368,1389,0,0,570
25,13,42,38,0,1368,1389,0,0,570
25,13,43,38,0,1368,1389,0,0,570
25,13,44,38,0,1368,1389,0,0,570
25,13,45,38,0,1368,1389,0,0,570
25,13,46,38,0,1368,1389,0,0,570
25,13,47,38,0,1368,1389,0,0,570
25,13,48,38,0,1368,1389,0,0,570
25,13,49,38,0,1368,1389,0,0,570
25,13,50,38,0,1368,1389,0,0,570
25,13,51,38,0,1368,1389,0,0,570
25,13,52,38,0,1368,1389,0,0,570
25,13,53,38,0,1368,1389,0,0,570
25,13,54,38,0,1368,1389,0,0,570
25,13,55,38,0,1368,1389,0,0,570
25,13,56,38,0,1368,1389,0,0,570
25,13,57,38,0,1368,1389,0,0,570
25,13,58,38,0,1368,1389,0,0,570
25,13,59,38,0,1368,1389,0,0,570
25,13,60,38,0,1368,1389,0,0,570
25,13,61,38,0,1368,1389,0,0,570
25,13,62,38,0,1368,1389,0,0,570
25,13,63,38,0,1368,1389,0,0,570
25,13,64,38,0,1368,1389,0,0,570
25,13,65,38,0,1368,1389,0,0,570
25,13,66,38,0,1368,1389,0,0,570
25,13,67,38,0,1368,1389,0,0,570
25,13,68,38,0,1368,1389,0,0,570
25,13,69,38,0,1368,1389,0,0,570
25,13,70,38,0,1368,1389,0,0,570
25,13,71,38,0,1368,1389,0,0,570
25,13,72,38,0,1368,1389,0,0,570
25,13,73,38,0,1368,1389,0,0,570
25,13,74,38,0,1368,1389,0,0,570
25,13,75,38,0,1368,1389,0,0,570
25,13,76,38,0,1368,1389,0,0,570
25,13,77,38,0,1368,1389,0,0,570
25,13,78,38,0,1368,1389,0,0,570
25,13,79,38,0,1368,1389,0,0,570
25,13,80,38,0,1368,1389,0,0,570
25,13,81,38,0,1368,1389,0,0,570
25,13,82,38,0,1368,1389,0,0,570
25,13,83,38,0,1368,1389,0,0,570
25,13,84,38,0,1368,1389,0,0,570
25,13,85,38,0,1368,1389,0,0,570
25,13,86,38,0,1368,1389,0,0,570
25,13,87,38,0,1368,1389,0,0,570
25,13,88,38,0,1368,1389,0,0,570
25,13,89,38,0,1368,1389,0,0,570
25,13,90,38,0,1368,1389,0,0,570
25,13,91,38,0,1368,1389,0,0,570
25,13,92,38,0,1368,1389,0,0,570
25,13,93,38,0,1368,1389,0,0,570
25,13,94,38,0,1368,1389,0,0,570
25,13,95,38,0,1368,1389,0,0,570
25,13,96,38,0,1368,1389,0,0,570
25,13,97,38,0,1368,1389,0,0,570
25,13,98,38,0,1368,1389,0,0,570
25,13,99,38,0,1368,1389,0,0,570
25,13,100,38,0,1368,1389,0,0,570
25,13,101,38,0,1368,1389,0,0,570
25,13,102,38,0,1368,1389,0,0,570
25,13,103,38,0,1368,1389,0,0,570
25,13,104,38,0,1368,1389,0,0,570
25,13,105,38,0,1368,1389,0,0,570
25,13,106,38,0,1368,1389,0,0,570
25,13,107,38,0,1368,1389,0,0,570
25,13,108,38,0,1368,1389,0,0,570
25,13,109,38,0,1368,1389,0,0,570
25,13,110,38,0,1368,1389,0,0,570
25,13,111,38,0,1368,1389,0,0,570
25,13,112,38,0,1368,1389,0,0,570
25,13,113,38,0,1368,1389,0,0,570
25,13,114,38,0,1368,1389,0,0,570
25,13,115,38,0,1368,1389,0,0,570
25,13,116,38,0,1368,1389,0,0,570
25,13,117,38,0,1368,1389,0,0,570
25,13,118,38,0,1368,1389,0,0,570
25,13,119,38,0,1368,1389,0,0,570
25,14,0,36,1,1307,1328,11,0,551
25,14,1,36,1,1318,1339,22,0,562
25,14,2,36,1,1329,1350,33,8,573
25,14,3,36,1,1320,1341,24,0,564
25,14,4,36,1,1308,1329,12,0,552
25,14,5,36,1,1308,1329,12,0,552
25,14,6,36,1,1308,1329,12,0,552
25,14,7,36,1,1320,1341,24,0,564
25,14,8,36,1,1308,1329,12,0,552
25,14,9,36,1,1308,1329,12,0,552
25,14,10,36,1,1308,1329,12,0,552
25,14,11,36,1,1314,1335,18,0,558
25,14,12,36,1,1296,1317,0,0,540
25,14,13,36,1,1308,1329,12,0,552
25,14,14,36,2,1307,1328,11,0,551
25,14,15,36,2,1318,1339,22,0,562
25,14,16,36,2,1354,1375,58,8,598
25,14,17,37,1,1356,1377,24,0,579
25,14,18,37,1,1344,1365,12,0,567
25,14,19,37,1,1344,1365,12,0,567
25,14,20,37,1,1344,1365,12,0,567
25,14,21,37,1,1356,1377,24,0,579
25,14,22,37,1,1344,1365,12,0,567
25,14,23,37,1,1344,1365,12,0,567
25,14,24,37,1,1344,1365,12,0,567
25,14,25,37,1,1350,1371,18,0,573
25,14,26,37,1,1332,1353,0,0,555
25,14,27,37,1,1344,1365,12,0,567
25,14,28,37,1,1332,1353,0,0,555
25,14,29,37,1,1332,1353,0,0,555
25,14,30,37,1,1357,1378,25,0,580
25,14,31,38,0,1368,1389,0,0,570
25,14,32,38,0,1368,1389,0,0,570
25,14,33,38,0,1368,1389,0,0,570
25,14,34,38,0,1368,1389,0,0,570
25,14,35,38,0,1368,1389,0,0,570
25,14,36,38,0,1368,1389,0,0,570
25,14,37,38,0,1368,1389,0,0,570
25,14,38,38,0,1368,1389,0,0,570
25,14,39,38,0,1368,1389,0,0,570
25,14,40,38,0,1368,1389,0,0,570
25,14,41,38,0,1368,1389,0,0,570
25,14,42,38,0,1368,1389,0,0,570
25,14,43,38,0,1368,1389,0,0,570
25,14,44,38,0,1368,1389,0,0,570
25,14,45,38,0,1368,1389,0,0,570
25,14,46,38,0,1368,1389,0,0,570
25,14,47,38,0,1368,1389,0,0,570
25,14,48,38,0,1368,1389,0,0,570
25,14,49,38,0,1368,1389,0,0,570
25,14,50,38,0,1368,1389,0,0,570
25,14,51,38,0,1368,1389,0,0,570
25,14,52,38,0,1368,1389,0,0,570
25,14,53,38,0,1368,1389,0,0,570
25,14,54,38,0,1368,1389,0,0,570
25,14,55,38,0,1368,1389,0,0,570
25,14,56,38,0,1368,1389,0,0,570
25,14,57,38,0,1368,1389,0,0,570
25,14,58,38,0,1368,1389,0,0,570
25,14,59,38,0,1368,1389,0,0,570
25,14,60,38,0,1368,1389,0,0,570
25,14,61,38,0,1368,1389,0,0,570
25,14,62,38,0,1368,1389,0,0,570
25,14,63,38,0,1368,1389,0,0,570
25,14,64,38,0,1368,1389,0,0,570
25,14,65,38,0,1368,1389,0,0,570
25,14,66,38,0,1368,1389,0,0,570
25,14,67,38,0,1368,1389,0,0,570
25,14,68,38,0,1368,1389,0,0,570
25,14,69,38,0,1368,1389,0,0,570
25,14,70,38,0,1368,1389,0,0,570
25,14,71,38,0,1368,1389,0,0,570
25,14,72,38,0,1368,1389,0,0,570
25,14,73,38,0,1368,1389,0,0,570
25,14,74,38,0,1368,1389,0,0,570
25,14,75,38,0,1368,1389,0,0,570
25,14,76,38,0,1368,1389,0,0,570
25,14,77,38,0,1368,1389,0,0,570
25,14,78,38,0,1368,1389,0,0,570
25,14,79,38,0,1368,1389,0,0,570
25,14,80,38,0,1368,1389,0,0,570
25,14,81,38,0,1368,1389,0,0,570
25,14,82,38,0,1368,1389,0,0,570
25,14,83,38,0,1368,1389,0,0,570
25,14,84,38,0,1368,1389,0,0,570
25,14,85,38,0,1368,1389,0,0,570
25,14,86,38,0,1368,1389,0,0,570
25,14,87,38,0,1368,1389,0,0,570
25,14,88,38,0,1368,1389,0,0,570
25,14,89,38,0,1368,1389,0,0,570
25,14,90,38,0,1368,1389,0,0,570
25,14,91,38,0,1368,1389,0,0,570
25,14,92,38,0,1368,1389,0,0,570
25,14,93,38,0,1368,1389,0,0,570
25,14,94,38,0,1368,1389,0,0,570
25,14,95,38,0,1368,1389,0,0,570
25,14,96,38,0,1368,1389,0,0,570
25,14,97,38,0,1368,1389,0,0,570
25,14,98,38,0,1368,1389,0,0,570
25,14,99,38,0,1368,1389,0,0,570
25,14,100,38,0,1368,1389,0,0,570
25,14,101,38,0,1368,1389,0,0,570
25,14,102,38,0,1368,1389,0,0,570
25,14,103,38,0,1368,1389,0,0,570
25,14,104,38,0,1368,1389,0,0,570
25,14,105,38,0,1368,1389,0,0,570
25,14,106,38,0,1368,1389,0,0,570
25,14,107,38,0,1368,1389,0,0,570
25,14,108,38,0,1368,1389,0,0,570
25,14,109,38,0,1368,1389,0,0,570
25,14,110,38,0,1368,1389,0,0,570
25,14,111,38,0,1368,1389,0,0,570
25,14,112,38,0,1368,1389,0,0,570
25,14,113,38,0,1368,1389,0,0,570
25,14,114,38,0,1368,1389,0,0,570
25,14,115,38,0,1368,1389,0,0,570
25,14,116,38,0,1368,1389,0,0,570
25,14,117,38,0,1368,1389,0,0,570
25,14,118,38,0,1368,1389,0,0,570
25,14,119,38,0,1368,1389,0,0,570
25,15,0,36,1,1307,1328,11,0,551
25,15,1,36,1,1318,1339,22,0,562
25,15,2,36,1,1329,1350,33,8,573
25,15,3,36,1,1320,1341,24,0,564
25,15,4,36,1,1308,1329,12,0,552
25,15,5,36,1,1308,1329,12,0,552
25,15,6,36,1,1308,1329,12,0,552
25,15,7,36,1,1320,1341,24,0,564
25,15,8,36,1,1308,1329,12,0,552
25,15,9,36,1,1308,1329,12,0,552
25,15,10,36,1,1308,1329,12,0,552
25,15,11,36,1,1314,1335,18,0,558
25,15,12,36,1,1296,1317,0,0,540
25,15,13,36,1,1308,1329,12,0,552
25,15,14,36,1,1296,1317,0,0,540
25,15,15,36,2,1307,1328,11,0,551
25,15,16,36,2,1343,1364,47,0,587
25,15,17,37,1,1365,1386,33,8,588
25,15,18,37,1,1356,1377,24,0,579
25,15,19,37,1,1344,1365,12,0,567
25,15,20,37,1,1344,1365,12,0,567
25,15,21,37,1,1344,1365,12,0,567
25,15,22,37,1,1356,1377,24,0,579
25,15,23,37,1,1344,1365,12,0,567
25,15,24,37,1,1344,1365,12,0,567
25,15,25,37,1,1344,1365,12,0,567
25,15,26,37,1,1350,1371,18,0,573
25,15,27,37,1,1332,1353,0,0,555
25,15,28,37,1,1344,1365,12,0,567
25,15,29,37,1,1332,1353,0,0,555
25,15,30,37,1,1332,1353,0,0,555
25,15,31,37,1,1357,1378,25,0,580
25,15,32,38,0,1368,1389,0,0,570
25,15,33,38,0,1368,1389,0,0,570
25,15,34,38,0,1368,1389,0,0,570
25,15,35,38,0,1368,1389,0,0,570
25,15,36,38,0,1368,1389,0,0,570
25,15,37,38,0,1368,1389,0,0,570
25,15,38,38,0,1368,1389,0,0,570
25,15,39,38,0,1368,1389,0,0,570
25,15,40,38,0,1368,1389,0,0,570
25,15,41,38,0,1368,1389,0,0,570
25,15,42,38,0,1368,1389,0,0,570
25,15,43,38,0,1368,1389,0,0,570
25,15,44,38,0,1368,1389,0,0,570
25,15,45,38,0,1368,1389,0,0,570
25,15,46,38,0,1368,1389,0,0,570
25,15,47,38,0,1368,1389,0,0,570
25,15,48,38,0,1368,1389,0,0,570
25,15,49,38,0,1368,1389,0,0,570
25,15,50,38,0,1368,1389,0,0,570
25,15,51,38,0,1368,1389,0,0,570
25,15,52,38,0,1368,1389,0,0,570
25,15,53,38,0,1368,1389,0,0,570
25,15,54,38,0,1368,1389,0,0,570
25,15,55,38,0,1368,1389,0,0,570
25,15,56,38,0,1368,1389,0,0,570
25,15,57,38,0,1368,1389,0,0,570
25,15,58,38,0,1368,1389,0,0,570
25,15,59,38,0,1368,1389,0,0,570
25,15,60,38,0,1368,1389,0,0,570
25,15,61,38,0,1368,1389,0,0,570
25,15,62,38,0,1368,1389,0,0,570
25,15,63,38,0,1368,1389,0,0,570
25,15,64,38,0,1368,1389,0,0,570
25,15,65,38,0,1368,1389,0,0,570
25,15,66,38,0,1368,1389,0,0,570
25,15,67,38,0,1368,1389,0,0,570
25,15,68,38,0,1368,1389,0,0,570
25,15,69,38,0,1368,1389,0,0,570
25,15,70,38,0,1368,1389,0,0,570
25,15,71,38,0,1368,1389,0,0,570
25,15,72,38,0,1368,1389,0,0,570
25,15,73,38,0,1368,1389,0,0,570
25,15,74,38,0,1368,1389,0,0,570
25,15,75,38,0,1368,1389,0,0,570
25,15,76,38,0,1368,1389,0,0,570
25,15,77,38,0,1368,1389,0,0,570
25,15,78,38,0,1368,1389,0,0,570
25,15,79,38,0,1368,1389,0,0,570
25,15,80,38,0,1368,1389,0,0,570
25,15,81,38,0,1368,1389,0,0,570
25,15,82,38,0,1368,1389,0,0,570
25,15,83,38,0,1368,1389,0,0,570
25,15,84,38,0,1368,1389,0,0,570
25,15,85,38,0,1368,1389,0,0,570
25,15,86,38,0,1368,1389,0,0,570
25,15,87,38,0,1368,1389,0,0,570
25,15,88,38,0,1368,1389,0,0,570
25,15,89,38,0,1368,1389,0,0,570
25,15,90,38,0,1368,1389,0,0,570
25,15,91,38,0,1368,1389,0,0,570
25,15,92,38,0,1368,1389,0,0,570
25,15,93,38,0,1368,1389,0,0,570
25,15,94,38,0,1368,1389,0,0,570
25,15,95,38,0,1368,1389,0,0,570
25,15,96,38,0,1368,1389,0,0,570
25,15,97,38,0,1368,1389,0,0,570
25,15,98,38,0,1368,1389,0,0,570
25,15,99,38,0,1368,1389,0,0,570
25,15,100,38,0,1368,1389,0,0,570
25,15,101,38,0,1368,1389,0,0,570
25,15,102,38,0,1368,1389,0,0,570
25,15,103,38,0,1368,1389,0,0,570
25,15,104,38,0,1368,1389,0,0,570
25,15,105,38,0,1368,1389,0,0,570
25,15,106,38,0,1368,1389,0,0,570
25,15,107,38,0,1368,1389,0,0,570
25,15,108,38,0,1368,1389,0,0,570
25,15,109,38,0,1368,1389,0,0,570
25,15,110,38,0,1368,1389,0,0,570
25,15,111,38,0,1368,1389,0,0,570
25,15,112,38,0,1368,1389,0,0,570
25,15,113,38,0,1368,1389,0,0,570
25,15,114,38,0,1368,1389,0,0,570
25,15,115,38,0,1368,1389,0,0,570
25,15,116,38,0,1368,1389,0,0,570
25,15,117,38,0,1368,1389,0,0,570
25,15,118,38,0,1368,1389,0,0,570
25,15,119,38,0,1368,1389,0,0,570
25,16,0,36,1,1307,1328,11,0,551
25,16,1,36,1,1318,1339,22,0,562
25,16,2,36,1,1329,1350,33,8,573
25,16,3,36,1,1320,1341,24,0,564
25,16,4,36,1,1308,1329,12,0,552
25,16,5,36,1,1308,1329,12,0,552
25,16,6,36,1,1308,1329,12,0,552
25,16,7,36,1,1320,1341,24,0,564
25,16,8,36,1,1308,1329,12,0,552
25,16,9,36,1,1308,1329,12,0,552
25,16,10,36,1,1308,1329,12,0,552
25,16,11,36,1,1314,1335,18,0,558
25,16,12,36,1,1296,1317,0,0,540
25,16,13,36,1,1308,1329,12,0,552
25,16,14,36,1,1296,1317,0,0,540
25,16,15,36,1,1296,1317,0,0,540
25,16,16,36,2,1332,1353,36,0,576
25,16,17,37,1,1354,1375,22,0,577
25,16,18,37,1,1365,1386,33,8,588
25,16,19,37,1,1356,1377,24,0,579
25,16,20,37,1,1344,1365,12,0,567
25,16,21,37,1,1344,1365,12,0,567
25,16,22,37,1,1344,1365,12,0,567
25,16,23,37,1,1356,1377,24,0,579
25,16,24,37,1,1344,1365,12,0,567
25,16,25,37,1,1344,1365,12,0,567
25,16,26,37,1,1344,1365,12,0,567
25,16,27,37,1,1350,1371,18,0,573
25,16,28,37,1,1332,1353,0,0,555
25,16,29,37,1,1344,1365,12,0,567
25,16,30,37,1,1332,1353,0,0,555
25,16,31,37,1,1332,1353,0,0,555
25,16,32,37,1,1357,1378,25,0,580
25,16,33,38,0,1368,1389,0,0,570
25,16,34,38,0,1368,1389,0,0,570
25,16,35,38,0,1368,1389,0,0,570
25,16,36,38,0,1368,1389,0,0,570
25,16,37,38,0,1368,1389,0,0,570
25,16,38,38,0,1368,1389,0,0,570
25,16,39,38,0,1368,1389,0,0,570
25,16,40,38,0,1368,1389,0,0,570
25,16,41,38,0,1368,1389,0,0,570
25,16,42,38,0,1368,1389,0,0,570
25,16,43,38,0,1368,1389,0,0,570
25,16,44,38,0,1368,1389,0,0,570
25,16,45,38,0,1368,1389,0,0,570
25,16,46,38,0,1368,1389,0,0,570
25,16,47,38,0,1368,1389,0,0,570
25,16,48,38,0,1368,1389,0,0,570
25,16,49,38,0,1368,1389,0,0,570
25,16,50,38,0,1368,1389,0,0,570
25,16,51,38,0,1368,1389,0,0,570
25,16,52,38,0,1368,1389,0,0,570
25,16,53,38,0,1368,1389,0,0,570
25,16,54,38,0,1368,1389,0,0,570
25,16,55,38,0,1368,1389,0,0,570
25,16,56,38,0,1368,1389,0,0,570
25,16,57,38,0,1368,1389,0,0,570
25,16,58,38,0,1368,1389,0,0,570
25,16,59,38,0,1368,1389,0,0,570
25,16,60,38,0,1368,1389,0,0,570
25,16,61,38,0,1368,1389,0,0,570
25,16,62,38,0,1368,1389,0,0,570
25,16,63,38,0,1368,1389,0,0,570
25,16,64,38,0,1368,1389,0,0,570
25,16,65,38,0,1368,1389,0,0,570
25,16,66,38,0,1368,1389,0,0,570
25,16,67,38,0,1368,1389,0,0,570
25,16,68,38,0,1368,1389,0,0,570
25,16,69,38,0,1368,1389,0,0,570
25,16,70,38,0,1368,1389,0,0,570
25,16,71,38,0,1368,1389,0,0,570
25,16,72,38,0,1368,1389,0,0,570
25,16,73,38,0,1368,1389,0,0,570
25,16,74,38,0,1368,1389,0,0,570
25,16,75,38,0,1368,1389,0,0,570
25,16,76,38,0,1368,1389,0,0,570
25,16,77,38,0,1368,1389,0,0,570
25,16,78,38,0,1368,1389,0,0,570
25,16,79,38,0,1368,1389,0,0,570
25,16,80,38,0,1368,1389,0,0,570
25,16,81,38,0,1368,1389,0,0,570
25,16,82,38,0,1368,1389,0,0,570
25,16,83,38,0,1368,1389,0,0,570
25,16,84,38,0,1368,1389,0,0,570
25,16,85,38,0,1368,1389,0,0,570
25,16,86,38,0,1368,1389,0,0,570
25,16,87,38,0,1368,1389,0,0,570
25,16,88,38,0,1368,1389,0,0,570
25,16,89,38,0,1368,1389,0,0,570
25,16,90,38,0,1368,1389,0,0,570
25,16,91,38,0,1368,1389,0,0,570
25,16,92,38,0,1368,1389,0,0,570
25,16,93,38,0,1368,1389,0,0,570
25,16,94,38,0,1368,1389,0,0,570
25,16,95,38,0,1368,1389,0,0,570
25,16,96,38,0,1368,1389,0,0,570
25,16,97,38,0,1368,1389,0,0,570
25,16,98,38,0,1368,1389,0,0,570
25,16,99,38,0,1368,1389,0,0,570
25,16,100,38,0,1368,1389,0,0,570
25,16,101,38,0,1368,1389,0,0,570
25,16,102,38,0,1368,1389,0,0,570
25,16,103,38,0,1368,1389,0,0,570
25,16,104,38,0,1368,1389,0,0,570
25,16,105,38,0,1368,1389,0,0,570
25,16,106,38,0,1368,1389,0,0,570
25,16,107,38,0,1368,1389,0,0,570
25,16,108,38,0,1368,1389,0,0,570
25,16,109,38,0,1368,1389,0,0,570
25,16,110,38,0,1368,1389,0,0,570
25,16,111,38,0,1368,1389,0,0,570
25,16,112,38,0,1368,1389,0,0,570
25,16,113,38,0,1368,1389,0,0,570
25,16,114,38,0,1368,1389,0,0,570
25,16,115,38,0,1368,1389,0,0,570
25,16,116,38,0,1368,1389,0,0,570
25,16,117,38,0,1368,1389,0,0,570
25,16,118,38,0,1368,1389,0,0,570
25,16,119,38,0,1368,1389,0,0,570
25,17,0,36,1,1307,1328,11,0,551
25,17,1,36,1,1318,1339,22,0,562
25,17,2,36,1,1329,1350,33,8,573
25,17,3,36,1,1320,1341,24,0,564
25,17,4,36,1,1308,1329,12,0,552
25,17,5,36,1,1308,1329,12,0,552
25,17,6,36,1,1308,1329,12,0,552
25,17,7,36,1,1320,1341,24,0,564
25,17,8,36,1,1308,1329,12,0,552
25,17,9,36,1,1308,1329,12,0,552
25,17,10,36,1,1308,1329,12,0,552
25,17,11,36,1,1314,1335,18,0,558
25,17,12,36,1,1296,1317,0,0,540
25,17,13,36,1,1308,1329,12,0,552
25,17,14,36,1,1296,1317,0,0,540
25,17,15,36,1,1296,1317,0,0,540
25,17,16,36,1,1321,1342,25,0,565
25,17,17,37,0,1332,1353,0,0,555
25,17,18,37,0,1332,1353,0,0,555
25,17,19,37,0,1332,1353,0,0,555
25,17,20,37,0,1332,1353,0,0,555
25,17,21,37,0,1332,1353,0,0,555
25,17,22,37,0,1332,1353,0,0,555
25,17,23,37,0,1332,1353,0,0,555
25,17,24,37,0,1332,1353,0,0,555
25,17,25,37,0,1332,1353,0,0,555
25,17,26,37,0,1332,1353,0,0,555
25,17,27,37,0,1332,1353,0,0,555
25,17,28,37,0,1332,1353,0,0,555
25,17,29,37,0,1332,1353,0,0,555
25,17,30,37,0,1332,1353,0,0,555
25,17,31,37,0,1332,1353,0,0,555
25,17,32,37,0,1332,1353,0,0,555
25,17,33,37,0,1332,1353,0,0,555
25,17,34,37,0,1332,1353,0,0,555
25,17,35,37,0,1332,1353,0,0,555
25,17,36,37,0,1332,1353,0,0,555
25,17,37,37,0,1332,1353,0,0,555
25,17,38,37,0,1332,1353,0,0,555
25,17,39,37,0,1332,1353,0,0,555
25,17,40,37,0,1332,1353,0,0,555
25,17,41,37,0,1332,1353,0,0,555
25,17,42,37,0,1332,1353,0,0,555
25,17,43,37,0,1332,1353,0,0,555
25,17,44,37,0,1332,1353,0,0,555
25,17,45,37,0,1332,1353,0,0,555
25,17,46,37,0,1332,1353,0,0,555
25,17,47,37,0,1332,1353,0,0,555
25,17,48,37,0,1332,1353,0,0,555
25,17,49,37,0,1332,1353,0,0,555
25,17,50,37,0,1332,1353,0,0,555
25,17,51,37,0,1332,1353,0,0,555
25,17,52,37,0,1332,1353,0,0,555
25,17,53,37,0,1332,1353,0,0,555
25,17,54,37,0,1332,1353,0,0,555
25,17,55,37,0,1332,1353,0,0,555
25,17,56,37,0,1332,1353,0,0,555
25,17,57,37,0,1332,1353,0,0,555
25,17,58,37,0,1332,1353,0,0,555
25,17,59,37,0,1332,1353,0,0,555
25,17,60,37,0,1332,1353,0,0,555
25,17,61,37,0,1332,1353,0,0,555
25,17,62,37,0,1332,1353,0,0,555
25,17,63,37,0,1332,1353,0,0,555
25,17,64,37,0,1332,1353,0,0,555
25,17,65,37,0,1332,1353,0,0,555
25,17,66,37,0,1332,1353,0,0,555
25,17,67,37,0,1332,1353,0,0,555
25,17,68,37,0,1332,1353,0,0,555
25,17,69,37,0,1332,1353,0,0,555
25,17,70,37,0,1332,1353,0,0,555
25,17,71,37,0,1332,1353,0,0,555
25,17,72,37,0,1332,1353,0,0,555
25,17,73,37,0,1332,1353,0,0,555
25,17,74,37,0,1332,1353,0,0,555
25,17,75,37,0,1332,1353,0,0,555
25,17,76,37,0,1332,1353,0,0,555
25,17,77,37,0,1332,1353,0,0,555
25,17,78,37,0,1332,1353,0,0,555
25,17,79,37,0,1332,1353,0,0,555
25,17,80,37,0,1332,1353,0,0,555
25,17,81,37,0,1332,1353,0,0,555
25,17,82,37,0,1332,1353,0,0,555
25,17,83,37,0,1332,1353,0,0,555
25,17,84,37,0,1332,1353,0,0,555
25,17,85,37,0,1332,1353,0,0,555
25,17,86,37,0,1332,1353,0,0,555
25,17,87,37,0,1332,1353,0,0,555
25,17,88,37,0,1332,1353,0,0,555
25,17,89,37,0,1332,1353,0,0,555
25,17,90,37,0,1332,1353,0,0,555
25,17,91,37,0,1332,1353,0,0,555
25,17,92,37,0,1332,1353,0,0,555
25,17,93,37,0,1332,1353,0,0,555
25,17,94,37,0,1332,1353,0,0,555
25,17,95,37,0,1332,1353,0,0,555
25,17,96,37,0,1332,1353,0,0,555
25,17,97,37,0,1332,1353,0,0,555
25,17,98,37,0,1332,1353,0,0,555
25,17,99,37,0,1332,1353,0,0,555
25,17,100,37,0,1332,1353,0,0,555
25,17,101,37,0,1332,1353,0,0,555
25,17,102,37,0,1332,1353,0,0,555
25,17,103,37,0,1332,1353,0,0,555
25,17,104,37,0,1332,1353,0,0,555
25,17,105,37,0,1332,1353,0,0,555
25,17,106,37,0,1332,1353,0,0,555
25,17,107,37,0,1332,1353,0,0,555
25,17,108,37,0,1332,1353,0,0,555
25,17,109,37,0,1332,1353,0,0,555
25,17,110,37,0,1332,1353,0,0,555
25,17,111,37,0,1332,1353,0,0,555
25,17,112,37,0,1332,1353,0,0,555
25,17,113,37,0,1332,1353,0,0,555
25,17,114,37,0,1332,1353,0,0,555
25,17,115,37,0,1332,1353,0,0,555
25,17,116,37,0,1332,1353,0,0,555
25,17,117,37,0,1332,1353,0,0,555
25,17,118,37,0,1332,1353,0,0,555
25,17,119,37,0,1332,1353,0,0,555
25,18,0,36,1,1307,1328,11,0,551
25,18,1,36,1,1318,1339,22,0,562
25,18,2,36,1,1329,1350,33,8,573
25,18,3,36,1,1320,1341,24,0,564
25,18,4,36,1,1308,1329,12,0,552
25,18,5,36,1,1308,1329,12,0,552
25,18,6,36,1,1308,1329,12,0,552
25,18,7,36,1,1320,1341,24,0,564
25,18,8,36,1,1308,1329,12,0,552
25,18,9,36,1,1308,1329,12,0,552
25,18,10,36,1,1308,1329,12,0,552
25,18,11,36,1,1314,1335,18,0,558
25,18,12,36,1,1296,1317,0,0,540
25,18,13,36,1,1308,1329,12,0,552
25,18,14,36,1,1296,1317,0,0,540
25,18,15,36,1,1296,1317,0,0,540
25,18,16,36,1,1321,1342,25,0,565
25,18,17,37,0,1332,1353,0,0,555
25,18,18,37,0,1332,1353,0,0,555
25,18,19,37,0,1332,1353,0,0,555
25,18,20,37,0,1332,1353,0,0,555
25,18,21,37,0,1332,1353,0,0,555
25,18,22,37,0,1332,1353,0,0,555
25,18,23,37,0,1332,1353,0,0,555
25,18,24,37,0,1332,1353,0,0,555
25,18,25,37,0,1332,1353,0,0,555
25,18,26,37,0,1332,1353,0,0,555
25,18,27,37,0,1332,1353,0,0,555
25,18,28,37,0,1332,1353,0,0,555
25,18,29,37,0,1332,1353,0,0,555
25,18,30,37,0,1332,1353,0,0,555
25,18,31,37,0,1332,1353,0,0,555
25,18,32,37,0,1332,1353,0,0,555
25,18,33,37,0,1332,1353,0,0,555
25,18,34,37,0,1332,1353,0,0,555
25,18,35,37,0,1332,1353,0,0,555
25,18,36,37,0,1332,1353,0,0,555
25,18,37,37,0,1332,1353,0,0,555
25,18,38,37,0,1332,1353,0,0,555
25,18,39,37,0,1332,1353,0,0,555
25,18,40,37,0,1332,1353,0,0,555
25,18,41,37,0,1332,1353,0,0,555
25,18,42,37,0,1332,1353,0,0,555
25,18,43,37,0,1332,1353,0,0,555
25,18,44,37,0,1332,1353,0,0,555
25,18,45,37,0,1332,1353,0,0,555
25,18,46,37,0,1332,1353,0,0,555
25,18,47,37,0,1332,1353,0,0,555
25,18,48,37,0,1332,1353,0,0,555
25,18,49,37,0,1332,1353,0,0,555
25,18,50,37,0,1332,1353,0,0,555
25,18,51,37,0,1332,1353,0,0,555
25,18,52,37,0,1332,1353,0,0,555
25,18,53,37,0,1332,1353,0,0,555
25,18,54,37,0,1332,1353,0,0,555
25,18,55,37,0,1332,1353,0,0,555
25,18,56,37,0,1332,1353,0,0,555
25,18,57,37,0,1332,1353,0,0,555
25,18,58,37,0,1332,1353,0,0,555
25,18,59,37,0,1332,1353,0,0,555
25,18,60,37,0,1332,1353,0,0,555
25,18,61,37,0,1332,1353,0,0,555
25,18,62,37,0,1332,1353,0,0,555
25,18,63,37,0,1332,1353,0,0,555
25,18,64,37,0,1332,1353,0,0,555
25,18,65,37,0,1332,1353,0,0,555
25,18,66,37,0,1332,1353,0,0,555
25,18,67,37,0,1332,1353,0,0,555
25,18,68,37,0,1332,1353,0,0,555
25,18,69,37,0,1332,1353,0,0,555
25,18,70,37,0,1332,1353,0,0,555
25,18,71,37,0,1332,1353,0,0,555
25,18,72,37,0,1332,1353,0,0,555
25,18,73,37,0,1332,1353,0,0,555
25,18,74,37,0,1332,1353,0,0,555
25,18,75,37,0,1332,1353,0,0,555
25,18,76,37,0,1332,1353,0,0,555
25,18,77,37,0,1332,1353,0,0,555
25,18,78,37,0,1332,1353,0,0,555
25,18,79,37,0,1332,1353,0,0,555
25,18,80,37,0,1332,1353,0,0,555
25,18,81,37,0,1332,1353,0,0,555
25,18,82,37,0,1332,1353,0,0,555
25,18,83,37,0,1332,1353,0,0,555
25,18,84,37,0,1332,1353,0,0,555
25,18,85,37,0,1332,1353,0,0,555
25,18,86,37,0,1332,1353,0,0,555
25,18,87,37,0,1332,1353,0,0,555
25,18,88,37,0,1332,1353,0,0,555
25,18,89,37,0,1332,1353,0,0,555
25,18,90,37,0,1332,1353,0,0,555
25,18,91,37,0,1332,1353,0,0,555
25,18,92,37,0,1332,1353,0,0,555
25,18,93,37,0,1332,1353,0,0,555
25,18,94,37,0,1332,1353,0,0,555
25,18,95,37,0,1332,1353,0,0,555
25,18,96,37,0,1332,1353,0,0,555
25,18,97,37,0,1332,1353,0,0,555
25,18,98,37,0,1332,1353,0,0,555
25,18,99,37,0,1332,1353,0,0,555
25,18,100,37,0,1332,1353,0,0,555
25,18,101,37,0,1332,1353,0,0,555
25,18,102,37,0,1332,1353,0,0,555
25,18,103,37,0,1332,1353,0,0,555
25,18,104,37,0,1332,1353,0,0,555
25,18,105,37,0,1332,1353,0,0,555
25,18,106,37,0,1332,1353,0,0,555
25,18,107,37,0,1332,1353,0,0,555
25,18,108,37,0,1332,1353,0,0,555
25,18,109,37,0,1332,1353,0,0,555
25,18,110,37,0,1332,1353,0,0,555
25,18,111,37,0,1332,1353,0,0,555
25,18,112,37,0,1332,1353,0,0,555
25,18,113,37,0,1332,1353,0,0,555
25,18,114,37,0,1332,1353,0,0,555
25,18,115,37,0,1332,1353,0,0,555
25,18,116,37,0,1332,1353,0,0,555
25,18,117,37,0,1332,1353,0,0,555
25,18,118,37,0,1332,1353,0,0,555
25,18,119,37,0,1332,1353,0,0,555
25,19,0,36,1,1307,1328,11,0,551
25,19,1,36,1,1318,1339,22,0,562
25,19,2,36,1,1329,1350,33,8,573
25,19,3,36,1,1320,1341,24,0,564
25,19,4,36,1,1308,1329,12,0,552
25,19,5,36,1,1308,1329,12,0,552
25,19,6,36,1,1308,1329,12,0,552
25,19,7,36,1,1320,1341,24,0,564
25,19,8,36,1,1308,1329,12,0,552
25,19,9,36,1,1308,1329,12,0,552
25,19,10,36,1,1308,1329,12,0,552
25,19,11,36,1,1314,1335,18,0,558
25,19,12,36,1,1296,1317,0,0,540
25,19,13,36,1,1308,1329,12,0,552
25,19,14,36,1,1296,1317,0,0,540
25,19,15,36,1,1296,1317,0,0,540
25,19,16,36,1,1321,1342,25,0,565
25,19,17,37,0,1332,1353,0,0,555
25,19,18,37,0,1332,1353,0,0,555
25,19,19,37,0,1332,1353,0,0,555
25,19,20,37,0,1332,1353,0,0,555
25,19,21,37,0,1332,1353,0,0,555
25,19,22,37,0,1332,1353,0,0,555
25,19,23,37,0,1332,1353,0,0,555
25,19,24,37,0,1332,1353,0,0,555
25,19,25,37,0,1332,1353,0,0,555
25,19,26,37,0,1332,1353,0,0,555
25,19,27,37,0,1332,1353,0,0,555
25,19,28,37,0,1332,1353,0,0,555
25,19,29,37,0,1332,1353,0,0,555
25,19,30,37,0,1332,1353,0,0,555
25,19,31,37,0,1332,1353,0,0,555
25,19,32,37,0,1332,1353,0,0,555
25,19,33,37,0,1332,1353,0,0,555
25,19,34,37,0,1332,1353,0,0,555
25,19,35,37,0,1332,1353,0,0,555
25,19,36,37,0,1332,1353,0,0,555
25,19,37,37,0,1332,1353,0,0,555
25,19,38,37,0,1332,1353,0,0,555
25,19,39,37,0,1332,1353,0,0,555
25,19,40,37,0,1332,1353,0,0,555
25,19,41,37,0,1332,1353,0,0,555
25,19,42,37,0,1332,1353,0,0,555
25,19,43,37,0,1332,1353,0,0,555
25,19,44,37,0,1332,1353,0,0,555
25,19,45,37,0,1332,1353,0,0,555
25,19,46,37,0,1332,1353,0,0,555
25,19,47,37,0,1332,1353,0,0,555
25,19,48,37,0,1332,1353,0,0,555
25,19,49,37,0,1332,1353,0,0,555
25,19,50,37,0,1332,1353,0,0,555
25,19,51,37,0,1332,1353,0,0,555
25,19,52,37,0,1332,1353,0,0,555
25,19,53,37,0,1332,1353,0,0,555
25,19,54,37,0,1332,1353,0,0,555
25,19,55,37,0,1332,1353,0,0,555
25,19,56,37,0,1332,1353,0,0,555
25,19,57,37,0,1332,1353,0,0,555
25,19,58,37,0,1332,1353,0,0,555
25,19,59,37,0,1332,1353,0,0,555
25,19,60,37,0,1332,1353,0,0,555
25,19,61,37,0,1332,1353,0,0,555
25,19,62,37,0,1332,1353,0,0,555
25,19,63,37,0,1332,1353,0,0,555
25,19,64,37,0,1332,1353,0,0,555
25,19,65,37,0,1332,1353,0,0,555
25,19,66,37,0,1332,1353,0,0,555
25,19,67,37,0,1332,1353,0,0,555
25,19,68,37,0,1332,1353,0,0,555
25,19,69,37,0,1332,1353,0,0,555
25,19,70,37,0,1332,1353,0,0,555
25,19,71,37,0,1332,1353,0,0,555
25,19,72,37,0,1332,1353,0,0,555
25,19,73,37,0,1332,1353,0,0,555
25,19,74,37,0,1332,1353,0,0,555
25,19,75,37,0,1332,1353,0,0,555
25,19,76,37,0,1332,1353,0,0,555
25,19,77,37,0,1332,1353,0,0,555
25,19,78,37,0,1332,1353,0,0,555
25,19,79,37,0,1332,1353,0,0,555
25,19,80,37,0,1332,1353,0,0,555
25,19,81,37,0,1332,1353,0,0,555
25,19,82,37,0,1332,1353,0,0,555
25,19,83,37,0,1332,1353,0,0,555
25,19,84,37,0,1332,1353,0,0,555
25,19,85,37,0,1332,1353,0,0,555
25,19,86,37,0,1332,1353,0,0,555
25,19,87,37,0,1332,1353,0,0,555
25,19,88,37,0,1332,1353,0,0,555
25,19,89,37,0,1332,1353,0,0,555
25,19,90,37,0,1332,1353,0,0,555
25,19,91,37,0,1332,1353,0,0,555
25,19,92,37,0,1332,1353,0,0,555
25,19,93,37,0,1332,1353,0,0,555
25,19,94,37,0,1332,1353,0,0,555
25,19,95,37,0,1332,1353,0,0,555
25,19,96,37,0,1332,1353,0,0,555
25,19,97,37,0,1332,1353,0,0,555
25,19,98,37,0,1332,1353,0,0,555
25,19,99,37,0,1332,1353,0,0,555
25,19,100,37,0,1332,1353,0,0,555
25,19,101,37,0,1332,1353,0,0,555
25,19,102,37,0,1332,1353,0,0,555
25,19,103,37,0,1332,1353,0,0,555
25,19,104,37,0,1332,1353,0,0,555
25,19,105,37,0,1332,1353,0,0,555
25,19,106,37,0,1332,1353,0,0,555
25,19,107,37,0,1332,1353,0,0,555
25,19,108,37,0,1332,1353,0,0,555
25,19,109,37,0,1332,1353,0,0,555
25,19,110,37,0,1332,1353,0,0,555
25,19,111,37,0,1332,1353,0,0,555
25,19,112,37,0,1332,1353,0,0,555
25,19,113,37,0,1332,1353,0,0,555
25,19,114,37,0,1332,1353,0,0,555
25,19,115,37,0,1332,1353,0,0,555
25,19,116,37,0,1332,1353,0,0,555
25,19,117,37,0,1332,1353,0,0,555
25,19,118,37,0,1332,1353,0,0,555
25,19,119,37,0,1332,1353,0,0,555
25,20,0,36,1,1307,1328,11,0,551
25,20,1,36,1,1318,1339,22,0,562
25,20,2,36,1,1329,1350,33,8,573
25,20,3,36,1,1320,1341,24,0,564
25,20,4,36,1,1308,1329,12,0,552
25,20,5,36,1,1308,1329,12,0,552
25,20,6,36,1,1308,1329,12,0,552
25,20,7,36,1,1320,1341,24,0,564
25,20,8,36,1,1308,1329,12,0,552
25,20,9,36,1,1308,1329,12,0,552
25,20,10,36,1,1308,1329,12,0,552
25,20,11,36,1,1314,1335,18,0,558
25,20,12,36,1,1296,1317,0,0,540
25,20,13,36,1,1308,1329,12,0,552
25,20,14,36,1,1296,1317,0,0,540
25,20,15,36,1,1296,1317,0,0,540
25,20,16,36,1,1321,1342,25,0,565
25,20,17,37,0,1332,1353,0,0,555
25,20,18,37,0,1332,1353,0,0,555
25,20,19,37,0,1332,1353,0,0,555
25,20,20,37,0,1332,1353,0,0,555
25,20,21,37,0,1332,1353,0,0,555
25,20,22,37,0,1332,1353,0,0,555
25,20,23,37,0,1332,1353,0,0,555
25,20,24,37,0,1332,1353,0,0,555
25,20,25,37,0,1332,1353,0,0,555
25,20,26,37,0,1332,1353,0,0,555
25,20,27,37,0,1332,1353,0,0,555
25,20,28,37,0,1332,1353,0,0,555
25,20,29,37,0,1332,1353,0,0,555
25,20,30,37,0,1332,1353,0,0,555
25,20,31,37,0,1332,1353,0,0,555
25,20,32,37,0,1332,1353,0,0,555
25,20,33,37,0,1332,1353,0,0,555
25,20,34,37,0,1332,1353,0,0,555
25,20,35,37,0,1332,1353,0,0,555
25,20,36,37,0,1332,1353,0,0,555
25,20,37,37,0,1332,1353,0,0,555
25,20,38,37,0,1332,1353,0,0,555
25,20,39,37,0,1332,1353,0,0,555
25,20,40,37,0,1332,1353,0,0,555
25,20,41,37,0,1332,1353,0,0,555
25,20,42,37,0,1332,1353,0,0,555
25,20,43,37,0,1332,1353,0,0,555
25,20,44,37,0,1332,1353,0,0,555
25,20,45,37,0,1332,1353,0,0,555
25,20,46,37,0,1332,1353,0,0,555
25,20,47,37,0,1332,1353,0,0,555
25,20,48,37,0,1332,1353,0,0,555
25,20,49,37,0,1332,1353,0,0,555
25,20,50,37,0,1332,1353,0,0,555
25,20,51,37,0,1332,1353,0,0,555
25,20,52,37,0,1332,1353,0,0,555
25,20,53,37,0,1332,1353,0,0,555
25,20,54,37,0,1332,1353,0,0,555
25,20,55,37,0,1332,1353,0,0,555
25,20,56,37,0,1332,1353,0,0,555
25,20,57,37,0,1332,1353,0,0,555
25,20,58,37,0,1332,1353,0,0,555
25,20,59,37,0,1332,1353,0,0,555
25,20,60,37,0,1332,1353,0,0,555
25,20,61,37,0,1332,1353,0,0,555
25,20,62,37,0,1332,1353,0,0,555
25,20,63,37,0,1332,1353,0,0,555
25,20,64,37,0,1332,1353,0,0,555
25,20,65,37,0,1332,1353,0,0,555
25,20,66,37,0,1332,1353,0,0,555
25,20,67,37,0,1332,1353,0,0,555
25,20,68,37,0,1332,1353,0,0,555
25,20,69,37,0,1332,1353,0,0,555
25,20,70,37,0,1332,1353,0,0,555
25,20,71,37,0,1332,1353,0,0,555
25,20,72,37,0,1332,1353,0,0,555
25,20,73,37,0,1332,1353,0,0,555
25,20,74,37,0,1332,1353,0,0,555
25,20,75,37,0,1332,1353,0,0,555
25,20,76,37,0,1332,1353,0,0,555
25,20,77,37,0,1332,1353,0,0,555
25,20,78,37,0,1332,1353,0,0,555
25,20,79,37,0,1332,1353,0,0,555
25,20,80,37,0,1332,1353,0,0,555
25,20,81,37,0,1332,1353,0,0,555
25,20,82,37,0,1332,1353,0,0,555
25,20,83,37,0,1332,1353,0,0,555
25,20,84,37,0,1332,1353,0,0,555
25,20,85,37,0,1332,1353,0,0,555
25,20,86,37,0,1332,1353,0,0,555
25,20,87,37,0,1332,1353,0,0,555
25,20,88,37,0,1332,1353,0,0,555
25,20,89,37,0,1332,1353,0,0,555
25,20,90,37,0,1332,1353,0,0,555
25,20,91,37,0,1332,1353,0,0,555
25,20,92,37,0,1332,1353,0,0,555
25,20,93,37,0,1332,1353,0,0,555
25,20,94,37,0,1332,1353,0,0,555
25,20,95,37,0,1332,1353,0,0,555
25,20,96,37,0,1332,1353,0,0,555
25,20,97,37,0,1332,1353,0,0,555
25,20,98,37,0,1332,1353,0,0,555
25,20,99,37,0,1332,1353,0,0,555
25,20,100,37,0,1332,1353,0,0,555
25,20,101,37,0,1332,1353,0,0,555
25,20,102,37,0,1332,1353,0,0,555
25,20,103,37,0,1332,1353,0,0,555
25,20,104,37,0,1332,1353,0,0,555
25,20,105,37,0,1332,1353,0,0,555
25,20,106,37,0,1332,1353,0,0,555
25,20,107,37,0,1332,1353,0,0,555
25,20,108,37,0,1332,1353,0,0,555
25,20,109,37,0,1332,1353,0,0,555
25,20,110,37,0,1332,1353,0,0,555
25,20,111,37,0,1332,1353,0,0,555
25,20,112,37,0,1332,1353,0,0,555
25,20,113,37,0,1332,1353,0,0,555
25,20,114,37,0,1332,1353,0,0,555
25,20,115,37,0,1332,1353,0,0,555
25,20,116,37,0,1332,1353,0,0,555
25,20,117,37,0,1332,1353,0,0,555
25,20,118,37,0,1332,1353,0,0,555
25,20,119,37,0,1332,1353,0,0,555
25,21,0,36,1,1307,1328,11,0,551
25,21,1,36,1,1318,1339,22,0,562
25,21,2,36,1,1329,1350,33,8,573
25,21,3,36,1,1320,1341,24,0,564
25,21,4,36,1,1308,1329,12,0,552
25,21,5,36,1,1308,1329,12,0,552
25,21,6,36,1,1308,1329,12,0,552
25,21,7,36,1,1320,1341,24,0,564
25,21,8,36,1,1308,1329,12,0,552
25,21,9,36,1,1308,1329,12,0,552
25,21,10,36,1,1308,1329,12,0,552
25,21,11,36,1,1314,1335,18,0,558
25,21,12,36,1,1296,1317,0,0,540
25,21,13,36,1,1308,1329,12,0,552
25,21,14,36,1,1296,1317,0,0,540
25,21,15,36,1,1296,1317,0,0,540
25,21,16,36,1,1321,1342,25,0,565
25,21,17,37,0,1332,1353,0,0,555
25,21,18,37,0,1332,1353,0,0,555
25,21,19,37,0,1332,1353,0,0,555
25,21,20,37,0,1332,1353,0,0,555
25,21,21,37,0,1332,1353,0,0,555
25,21,22,37,0,1332,1353,0,0,555
25,21,23,37,0,1332,1353,0,0,555
25,21,24,37,0,1332,1353,0,0,555
25,21,25,37,0,1332,1353,0,0,555
25,21,26,37,0,1332,1353,0,0,555
25,21,27,37,0,1332,1353,0,0,555
25,21,28,37,0,1332,1353,0,0,555
25,21,29,37,0,1332,1353,0,0,555
25,21,30,37,0,1332,1353,0,0,555
25,21,31,37,0,1332,1353,0,0,555
25,21,32,37,0,1332,1353,0,0,555
25,21,33,37,0,1332,1353,0,0,555
25,21,34,37,0,1332,1353,0,0,555
25,21,35,37,0,1332,1353,0,0,555
25,21,36,37,0,1332,1353,0,0,555
25,21,37,37,0,1332,1353,0,0,555
25,21,38,37,0,1332,1353,0,0,555
25,21,39,37,0,1332,1353,0,0,555
25,21,40,37,0,1332,1353,0,0,555
25,21,41,37,0,1332,1353,0,0,555
25,21,42,37,0,1332,1353,0,0,555
25,21,43,37,0,1332,1353,0,0,555
25,21,44,37,0,1332,1353,0,0,555
25,21,45,37,0,1332,1353,0,0,555
25,21,46,37,0,1332,1353,0,0,555
25,21,47,37,0,1332,1353,0,0,555
25,21,48,37,0,1332,1353,0,0,555
25,21,49,37,0,1332,1353,0,0,555
25,21,50,37,0,1332,1353,0,0,555
25,21,51,37,0,1332,1353,0,0,555
25,21,52,37,0,1332,1353,0,0,555
25,21,53,37,0,1332,1353,0,0,555
25,21,54,37,0,1332,1353,0,0,555
25,21,55,37,0,1332,1353,0,0,555
25,21,56,37,0,1332,1353,0,0,555
25,21,57,37,0,1332,1353,0,0,555
25,21,58,37,0,1332,1353,0,0,555
25,21,59,37,0,1332,1353,0,0,555
25,21,60,37,0,1332,1353,0,0,555
25,21,61,37,0,1332,1353,0,0,555
25,21,62,37,0,1332,1353,0,0,555
25,21,63,37,0,1332,1353,0,0,555
25,21,64,37,0,1332,1353,0,0,555
25,21,65,37,0,1332,1353,0,0,555
25,21,66,37,0,1332,1353,0,0,555
25,21,67,37,0,1332,1353,0,0,555
25,21,68,37,0,1332,1353,0,0,555
25,21,69,37,0,1332,1353,0,0,555
25,21,70,37,0,1332,1353,0,0,555
25,21,71,37,0,1332,1353,0,0,555
25,21,72,37,0,1332,1353,0,0,555
25,21,73,37,0,1332,1353,0,0,555
25,21,74,37,0,1332,1353,0,0,555
25,21,75,37,0,1332,1353,0,0,555
25,21,76,37,0,1332,1353,0,0,555
25,21,77,37,0,1332,1353,0,0,555
25,21,78,37,0,1332,1353,0,0,555
25,21,79,37,0,1332,1353,0,0,555
25,21,80,37,0,1332,1353,0,0,555
25,21,81,37,0,1332,1353,0,0,555
25,21,82,37,0,1332,1353,0,0,555
25,21,83,37,0,1332,1353,0,0,555
25,21,84,37,0,1332,1353,0,0,555
25,21,85,37,0,1332,1353,0,0,555
25,21,86,37,0,1332,1353,0,0,555
25,21,87,37,0,1332,1353,0,0,555
25,21,88,37,0,1332,1353,0,0,555
25,21,89,37,0,1332,1353,0,0,555
25,21,90,37,0,1332,1353,0,0,555
25,21,91,37,0,1332,1353,0,0,555
25,21,92,37,0,1332,1353,0,0,555
25,21,93,37,0,1332,1353,0,0,555
25,21,94,37,0,1332,1353,0,0,555
25,21,95,37,0,1332,1353,0,0,555
25,21,96,37,0,1332,1353,0,0,555
25,21,97,37,0,1332,1353,0,0,555
25,21,98,37,0,1332,1353,0,0,555
25,21,99,37,0,1332,1353,0,0,555
25,21,100,37,0,1332,1353,0,0,555
25,21,101,37,0,1332,1353,0,0,555
25,21,102,37,0,1332,1353,0,0,555
25,21,103,37,0,1332,1353,0,0,555
25,21,104,37,0,1332,1353,0,0,555
25,21,105,37,0,1332,1353,0,0,555
25,21,106,37,0,1332,1353,0,0,555
25,21,107,37,0,1332,1353,0,0,555
25,21,108,37,0,1332,1353,0,0,555
25,21,109,37,0,1332,1353,0,0,555
25,21,110,37,0,1332,1353,0,0,555
25,21,111,37,0,1332,1353,0,0,555
25,21,112,37,0,1332,1353,0,0,555
25,21,113,37,0,1332,1353,0,0,555
25,21,114,37,0,1332,1353,0,0,555
25,21,115,37,0,1332,1353,0,0,555
25,21,116,37,0,1332,1353,0,0,555
25,21,117,37,0,1332,1353,0,0,555
25,21,118,37,0,1332,1353,0,0,555
25,21,119,37,0,1332,1353,0,0,555
25,22,0,36,1,1307,1328,11,0,551
25,22,1,36,1,1318,1339,22,0,562
25,22,2,36,1,1329,1350,33,8,573
25,22,3,36,1,1320,1341,24,0,564
25,22,4,36,1,1308,1329,12,0,552
25,22,5,36,1,1308,1329,12,0,552
25,22,6,36,1,1308,1329,12,0,552
25,22,7,36,1,1320,1341,24,0,564
25,22,8,36,1,1308,1329,12,0,552
25,22,9,36,1,1308,1329,12,0,552
25,22,10,36,1,1308,1329,12,0,552
25,22,11,36,1,1314,1335,18,0,558
25,22,12,36,1,1296,1317,0,0,540
25,22,13,36,1,1308,1329,12,0,552
25,22,14,36,1,1296,1317,0,0,540
25,22,15,36,1,1296,1317,0,0,540
25,22,16,36,1,1321,1342,25,0,565
25,22,17,37,0,1332,1353,0,0,555
25,22,18,37,0,1332,1353,0,0,555
25,22,19,37,0,1332,1353,0,0,555
25,22,20,37,0,1332,1353,0,0,555
25,22,21,37,0,1332,1353,0,0,555
25,22,22,37,0,1332,1353,0,0,555
25,22,23,37,0,1332,1353,0,0,555
25,22,24,37,0,1332,1353,0,0,555
25,22,25,37,0,1332,1353,0,0,555
25,22,26,37,0,1332,1353,0,0,555
25,22,27,37,0,1332,1353,0,0,555
25,22,28,37,0,1332,1353,0,0,555
25,22,29,37,0,1332,1353,0,0,555
25,22,30,37,0,1332,1353,0,0,555
25,22,31,37,0,1332,1353,0,0,555
25,22,32,37,0,1332,1353,0,0,555
25,22,33,37,0,1332,1353,0,0,555
25,22,34,37,0,1332,1353,0,0,555
25,22,35,37,0,1332,1353,0,0,555
25,22,36,37,0,1332,1353,0,0,555
25,22,37,37,0,1332,1353,0,0,555
25,22,38,37,0,1332,1353,0,0,555
25,22,39,37,0,1332,1353,0,0,555
25,22,40,37,0,1332,1353,0,0,555
25,22,41,37,0,1332,1353,0,0,555
25,22,42,37,0,1332,1353,0,0,555
25,22,43,37,0,1332,1353,0,0,555
25,22,44,37,0,1332,1353,0,0,555
25,22,45,37,0,1332,1353,0,0,555
25,22,46,37,0,1332,1353,0,0,555
25,22,47,37,0,1332,1353,0,0,555
25,22,48,37,0,1332,1353,0,0,555
25,22,49,37,0,1332,1353,0,0,555
25,22,50,37,0,1332,1353,0,0,555
25,22,51,37,0,1332,1353,0,0,555
25,22,52,37,0,1332,1353,0,0,555
25,22,53,37,0,1332,1353,0,0,555
25,22,54,37,0,1332,1353,0,0,555
25,22,55,37,0,1332,1353,0,0,555
25,22,56,37,0,1332,1353,0,0,555
25,22,57,37,0,1332,1353,0,0,555
25,22,58,37,0,1332,1353,0,0,555
25,22,59,37,0,1332,1353,0,0,555
25,22,60,37,0,1332,1353,0,0,555
25,22,61,37,0,1332,1353,0,0,555
25,22,62,37,0,1332,1353,0,0,555
25,22,63,37,0,1332,1353,0,0,555
25,22,64,37,0,1332,1353,0,0,555
25,22,65,37,0,1332,1353,0,0,555
25,22,66,37,0,1332,1353,0,0,555
25,22,67,37,0,1332,1353,0,0,555
25,22,68,37,0,1332,1353,0,0,555
25,22,69,37,0,1332,1353,0,0,555
25,22,70,37,0,1332,1353,0,0,555
25,22,71,37,0,1332,1353,0,0,555
25,22,72,37,0,1332,1353,0,0,555
25,22,73,37,0,1332,1353,0,0,555
25,22,74,37,0,1332,1353,0,0,555
25,22,75,37,0,1332,1353,0,0,555
25,22,76,37,0,1332,1353,0,0,555
25,22,77,37,0,1332,1353,0,0,555
25,22,78,37,0,1332,1353,0,0,555
25,22,79,37,0,1332,1353,0,0,555
25,22,80,37,0,1332,1353,0,0,555
25,22,81,37,0,1332,1353,0,0,555
25,22,82,37,0,1332,1353,0,0,555
25,22,83,37,0,1332,1353,0,0,555
25,22,84,37,0,1332,1353,0,0,555
25,22,85,37,0,1332,1353,0,0,555
25,22,86,37,0,1332,1353,0,0,555
25,22,87,37,0,1332,1353,0,0,555
25,22,88,37,0,1332,1353,0,0,555
25,22,89,37,0,1332,1353,0,0,555
25,22,90,37,0,1332,1353,0,0,555
25,22,91,37,0,1332,1353,0,0,555
25,22,92,37,0,1332,1353,0,0,555
25,22,93,37,0,1332,1353,0,0,555
25,22,94,37,0,1332,1353,0,0,555
25,22,95,37,0,1332,1353,0,0,555
25,22,96,37,0,1332,1353,0,0,555
25,22,97,37,0,1332,1353,0,0,555
25,22,98,37,0,1332,1353,0,0,555
25,22,99,37,0,1332,1353,0,0,555
25,22,100,37,0,1332,1353,0,0,555
25,22,101,37,0,1332,1353,0,0,555
25,22,102,37,0,1332,1353,0,0,555
25,22,103,37,0,1332,1353,0,0,555
25,22,104,37,0,1332,1353,0,0,555
25,22,105,37,0,1332,1353,0,0,555
25,22,106,37,0,1332,1353,0,0,555
25,22,107,37,0,1332,1353,0,0,555
25,22,108,37,0,1332,1353,0,0,555
25,22,109,37,0,1332,1353,0,0,555
25,22,110,37,0,1332,1353,0,0,555
25,22,111,37,0,1332,1353,0,0,555
25,22,112,37,0,1332,1353,0,0,555
25,22,113,37,0,1332,1353,0,0,555
25,22,114,37,0,1332,1353,0,0,555
25,22,115,37,0,1332,1353,0,0,555
25,22,116,37,0,1332,1353,0,0,555
25,22,117,37,0,1332,1353,0,0,555
25,22,118,37,0,1332,1353,0,0,555
25,22,119,37,0,1332,1353,0,0,555
25,23,0,36,1,1307,1328,11,0,551
25,23,1,36,1,1318,1339,22,0,562
25,23,2,36,1,1329,1350,33,8,573
25,23,3,36,1,1320,1341,24,0,564
25,23,4,36,1,1308,1329,12,0,552
25,23,5,36,1,1308,1329,12,0,552
25,23,6,36,1,1308,1329,12,0,552
25,23,7,36,1,1320,1341,24,0,564
25,23,8,36,1,1308,1329,12,0,552
25,23,9,36,1,1308,1329,12,0,552
25,23,10,36,1,1308,1329,12,0,552
25,23,11,36,1,1314,1335,18,0,558
25,23,12,36,1,1296,1317,0,0,540
25,23,13,36,1,1308,1329,12,0,552
25,23,14,36,1,1296,1317,0,0,540
25,23,15,36,1,1296,1317,0,0,540
25,23,16,36,1,1321,1342,25,0,565
25,23,17,37,0,1332,1353,0,0,555
25,23,18,37,0,1332,1353,0,0,555
25,23,19,37,0,1332,1353,0,0,555
25,23,20,37,0,1332,1353,0,0,555
25,23,21,37,0,1332,1353,0,0,555
25,23,22,37,0,1332,1353,0,0,555
25,23,23,37,0,1332,1353,0,0,555
25,23,24,37,0,1332,1353,0,0,555
25,23,25,37,0,1332,1353,0,0,555
25,23,26,37,0,1332,1353,0,0,555
25,23,27,37,0,1332,1353,0,0,555
25,23,28,37,0,1332,1353,0,0,555
25,23,29,37,0,1332,1353,0,0,555
25,23,30,37,0,1332,1353,0,0,555
25,23,31,37,0,1332,1353,0,0,555
25,23,32,37,0,1332,1353,0,0,555
25,23,33,37,0,1332,1353,0,0,555
25,23,34,37,0,1332,1353,0,0,555
25,23,35,37,0,1332,1353,0,0,555
25,23,36,37,0,1332,1353,0,0,555
25,23,37,37,0,1332,1353,0,0,555
25,23,38,37,0,1332,1353,0,0,555
25,23,39,37,0,1332,1353,0,0,555
25,23,40,37,0,1332,1353,0,0,555
25,23,41,37,0,1332,1353,0,0,555
25,23,42,37,0,1332,1353,0,0,555
25,23,43,37,0,1332,1353,0,0,555
25,23,44,37,0,1332,1353,0,0,555
25,23,45,37,0,1332,1353,0,0,555
25,23,46,37,0,1332,1353,0,0,555
25,23,47,37,0,1332,1353,0,0,555
25,23,48,37,0,1332,1353,0,0,555
25,23,49,37,0,1332,1353,0,0,555
25,23,50,37,0,1332,1353,0,0,555
25,23,51,37,0,1332,1353,0,0,555
25,23,52,37,0,1332,1353,0,0,555
25,23,53,37,0,1332,1353,0,0,555
25,23,54,37,0,1332,1353,0,0,555
25,23,55,37,0,1332,1353,0,0,555
25,23,56,37,0,1332,1353,0,0,555
25,23,57,37,0,1332,1353,0,0,555
25,23,58,37,0,1332,1353,0,0,555
25,23,59,37,0,1332,1353,0,0,555
25,23,60,37,0,1332,1353,0,0,555
25,23,61,37,0,1332,1353,0,0,555
25,23,62,37,0,1332,1353,0,0,555
25,23,63,37,0,1332,1353,0,0,555
25,23,64,37,0,1332,1353,0,0,555
25,23,65,37,0,1332,1353,0,0,555
25,23,66,37,0,1332,1353,0,0,555
25,23,67,37,0,1332,1353,0,0,555
25,23,68,37,0,1332,1353,0,0,555
25,23,69,37,0,1332,1353,0,0,555
25,23,70,37,0,1332,1353,0,0,555
25,23,71,37,0,1332,1353,0,0,555
25,23,72,37,0,1332,1353,0,0,555
25,23,73,37,0,1332,1353,0,0,555
25,23,74,37,0,1332,1353,0,0,555
25,23,75,37,0,1332,1353,0,0,555
25,23,76,37,0,1332,1353,0,0,555
25,23,77,37,0,1332,1353,0,0,555
25,23,78,37,0,1332,1353,0,0,555
25,23,79,37,0,1332,1353,0,0,555
25,23,80,37,0,1332,1353,0,0,555
25,23,81,37,0,1332,1353,0,0,555
25,23,82,37,0,1332,1353,0,0,555
25,23,83,37,0,1332,1353,0,0,555
25,23,84,37,0,1332,1353,0,0,555
25,23,85,37,0,1332,1353,0,0,555
25,23,86,37,0,1332,1353,0,0,555
25,23,87,37,0,1332,1353,0,0,555
25,23,88,37,0,1332,1353,0,0,555
25,23,89,37,0,1332,1353,0,0,555
25,23,90,37,0,1332,1353,0,0,555
25,23,91,37,0,1332,1353,0,0,555
25,23,92,37,0,1332,1353,0,0,555
25,23,93,37,0,1332,1353,0,0,555
25,23,94,37,0,1332,1353,0,0,555
25,23,95,37,0,1332,1353,0,0,555
25,23,96,37,0,1332,1353,0,0,555
25,23,97,37,0,1332,1353,0,0,555
25,23,98,37,0,1332,1353,0,0,555
25,23,99,37,0,1332,1353,0,0,555
25,23,100,37,0,1332,1353,0,0,555
25,23,101,37,0,1332,1353,0,0,555
25,23,102,37,0,1332,1353,0,0,555
25,23,103,37,0,1332,1353,0,0,555
25,23,104,37,0,1332,1353,0,0,555
25,23,105,37,0,1332,1353,0,0,555
25,23,106,37,0,1332,1353,0,0,555
25,23,107,37,0,1332,1353,0,0,555
25,23,108,37,0,1332,1353,0,0,555
25,23,109,37,0,1332,1353,0,0,555
25,23,110,37,0,1332,1353,0,0,555
25,23,111,37,0,1332,1353,0,0,555
25,23,112,37,0,1332,1353,0,0,555
25,23,113,37,0,1332,1353,0,0,555
25,23,114,37,0,1332,1353,0,0,555
25,23,115,37,0,1332,1353,0,0,555
25,23,116,37,0,1332,1353,0,0,555
25,23,117,37,0,1332,1353,0,0,555
25,23,118,37,0,1332,1353,0,0,555
25,23,119,37,0,1332,1353,0,0,555
25,24,0,36,1,1307,1328,11,0,551
25,24,1,36,1,1318,1339,22,0,562
25,24,2,36,1,1329,1350,33,8,573
25,24,3,36,1,1320,1341,24,0,564
25,24,4,36,1,1308,1329,12,0,552
25,24,5,36,1,1308,1329,12,0,552
25,24,6,36,1,1308,1329,12,0,552
25,24,7,36,1,1320,1341,24,0,564
25,24,8,36,1,1308,1329,12,0,552
25,24,9,36,1,1308,1329,12,0,552
25,24,10,36,1,1308,1329,12,0,552
25,24,11,36,1,1314,1335,18,0,558
25,24,12,36,1,1296,1317,0,0,540
25,24,13,36,1,1308,1329,12,0,552
25,24,14,36,1,1296,1317,0,0,540
25,24,15,36,1,1296,1317,0,0,540
25,24,16,36,1,1321,1342,25,0,565
25,24,17,37,0,1332,1353,0,0,555
25,24,18,37,0,1332,1353,0,0,555
25,24,19,37,0,1332,1353,0,0,555
25,24,20,37,0,1332,1353,0,0,555
25,24,21,37,0,1332,1353,0,0,555
25,24,22,37,0,1332,1353,0,0,555
25,24,23,37,0,1332,1353,0,0,555
25,24,24,37,0,1332,1353,0,0,555
25,24,25,37,0,1332,1353,0,0,555
25,24,26,37,0,1332,1353,0,0,555
25,24,27,37,0,1332,1353,0,0,555
25,24,28,37,0,1332,1353,0,0,555
25,24,29,37,0,1332,1353,0,0,555
25,24,30,37,0,1332,1353,0,0,555
25,24,31,37,0,1332,1353,0,0,555
25,24,32,37,0,1332,1353,0,0,555
25,24,33,37,0,1332,1353,0,0,555
25,24,34,37,0,1332,1353,0,0,555
25,24,35,37,0,1332,1353,0,0,555
25,24,36,37,0,1332,1353,0,0,555
25,24,37,37,0,1332,1353,0,0,555
25,24,38,37,0,1332,1353,0,0,555
25,24,39,37,0,1332,1353,0,0,555
25,24,40,37,0,1332,1353,0,0,555
25,24,41,37,0,1332,1353,0,0,555
25,24,42,37,0,1332,1353,0,0,555
25,24,43,37,0,1332,1353,0,0,555
25,24,44,37,0,1332,1353,0,0,555
25,24,45,37,0,1332,1353,0,0,555
25,24,46,37,0,1332,1353,0,0,555
25,24,47,37,0,1332,1353,0,0,555
25,24,48,37,0,1332,1353,0,0,555
25,24,49,37,0,1332,1353,0,0,555
25,24,50,37,0,1332,1353,0,0,555
25,24,51,37,0,1332,1353,0,0,555
25,24,52,37,0,1332,1353,0,0,555
25,24,53,37,0,1332,1353,0,0,555
25,24,54,37,0,1332,1353,0,0,555
25,24,55,37,0,1332,1353,0,0,555
25,24,56,37,0,1332,1353,0,0,555
25,24,57,37,0,1332,1353,0,0,555
25,24,58,37,0,1332,1353,0,0,555
25,24,59,37,0,1332,1353,0,0,555
25,24,60,37,0,1332,1353,0,0,555
25,24,61,37,0,1332,1353,0,0,555
25,24,62,37,0,1332,1353,0,0,555
25,24,63,37,0,1332,1353,0,0,555
25,24,64,37,0,1332,1353,0,0,555
25,24,65,37,0,1332,1353,0,0,555
25,24,66,37,0,1332,1353,0,0,555
25,24,67,37,0,1332,1353,0,0,555
25,24,68,37,0,1332,1353,0,0,555
25,24,69,37,0,1332,1353,0,0,555
25,24,70,37,0,1332,1353,0,0,555
25,24,71,37,0,1332,1353,0,0,555
25,24,72,37,0,1332,1353,0,0,555
25,24,73,37,0,1332,1353,0,0,555
25,24,74,37,0,1332,1353,0,0,555
25,24,75,37,0,1332,1353,0,0,555
25,24,76,37,0,1332,1353,0,0,555
25,24,77,37,0,1332,1353,0,0,555
25,24,78,37,0,1332,1353,0,0,555
25,24,79,37,0,1332,1353,0,0,555
25,24,80,37,0,1332,1353,0,0,555
25,24,81,37,0,1332,1353,0,0,555
25,24,82,37,0,1332,1353,0,0,555
25,24,83,37,0,1332,1353,0,0,555
25,24,84,37,0,1332,1353,0,0,555
25,24,85,37,0,1332,1353,0,0,555
25,24,86,37,0,1332,1353,0,0,555
25,24,87,37,0,1332,1353,0,0,555
25,24,88,37,0,1332,1353,0,0,555
25,24,89,37,0,1332,1353,0,0,555
25,24,90,37,0,1332,1353,0,0,555
25,24,91,37,0,1332,1353,0,0,555
25,24,92,37,0,1332,1353,0,0,555
25,24,93,37,0,1332,1353,0,0,555
25,24,94,37,0,1332,1353,0,0,555
25,24,95,37,0,1332,1353,0,0,555
25,24,96,37,0,1332,1353,0,0,555
25,24,97,37,0,1332,1353,0,0,555
25,24,98,37,0,1332,1353,0,0,555
25,24,99,37,0,1332,1353,0,0,555
25,24,100,37,0,1332,1353,0,0,555
25,24,101,37,0,1332,1353,0,0,555
25,24,102,37,0,1332,1353,0,0,555
25,24,103,37,0,1332,1353,0,0,555
25,24,104,37,0,1332,1353,0,0,555
25,24,105,37,0,1332,1353,0,0,555
25,24,106,37,0,1332,1353,0,0,555
25,24,107,37,0,1332,1353,0,0,555
25,24,108,37,0,1332,1353,0,0,555
25,24,109,37,0,1332,1353,0,0,555
25,24,110,37,0,1332,1353,0,0,555
25,24,111,37,0,1332,1353,0,0,555
25,24,112,37,0,1332,1353,0,0,555
25,24,113,37,0,1332,1353,0,0,555
25,24,114,37,0,1332,1353,0,0,555
25,24,115,37,0,1332,1353,0,0,555
25,24,116,37,0,1332,1353,0,0,555
25,24,117,37,0,1332,1353,0,0,555
25,24,118,37,0,1332,1353,0,0,555
25,24,119,37,0,1332,1353,0,0,555
25,25,0,36,1,1307,1328,11,0,551
25,25,1,36,1,1318,1339,22,0,562
25,25,2,36,1,1329,1350,33,8,573
25,25,3,36,1,1320,1341,24,0,564
25,25,4,36,1,1308,1329,12,0,552
25,25,5,36,1,1308,1329,12,0,552
25,25,6,36,1,1308,1329,12,0,552
25,25,7,36,1,1320,1341,24,0,564
25,25,8,36,1,1308,1329,12,0,552
25,25,9,36,1,1308,1329,12,0,552
25,25,10,36,1,1308,1329,12,0,552
25,25,11,36,1,1314,1335,18,0,558
25,25,12,36,1,1296,1317,0,0,540
25,25,13,36,1,1308,1329,12,0,552
25,25,14,36,1,1296,1317,0,0,540
25,25,15,36,1,1296,1317,0,0,540
25,25,16,36,1,1321,1342,25,0,565
25,25,17,37,0,1332,1353,0,0,555
25,25,18,37,0,1332,1353,0,0,555
25,25,19,37,0,1332,1353,0,0,555
25,25,20,37,0,1332,1353,0,0,555
25,25,21,37,0,1332,1353,0,0,555
25,25,22,37,0,1332,1353,0,0,555
25,25,23,37,0,1332,1353,0,0,555
25,25,24,37,0,1332,1353,0,0,555
25,25,25,37,0,1332,1353,0,0,555
25,25,26,37,0,1332,1353,0,0,555
25,25,27,37,0,1332,1353,0,0,555
25,25,28,37,0,1332,1353,0,0,555
25,25,29,37,0,1332,1353,0,0,555
25,25,30,37,0,1332,1353,0,0,555
25,25,31,37,0,1332,1353,0,0,555
25,25,32,37,0,1332,1353,0,0,555
25,25,33,37,0,1332,1353,0,0,555
25,25,34,37,0,1332,1353,0,0,555
25,25,35,37,0,1332,1353,0,0,555
25,25,36,37,0,1332,1353,0,0,555
25,25,37,37,0,1332,1353,0,0,555
25,25,38,37,0,1332,1353,0,0,555
25,25,39,37,0,1332,1353,0,0,555
25,25,40,37,0,1332,1353,0,0,555
25,25,41,37,0,1332,1353,0,0,555
25,25,42,37,0,1332,1353,0,0,555
25,25,43,37,0,1332,1353,0,0,555
25,25,44,37,0,1332,1353,0,0,555
25,25,45,37,0,1332,1353,0,0,555
25,25,46,37,0,1332,1353,0,0,555
25,25,47,37,0,1332,1353,0,0,555
25,25,48,37,0,1332,1353,0,0,555
25,25,49,37,0,1332,1353,0,0,555
25,25,50,37,0,1332,1353,0,0,555
25,25,51,37,0,1332,1353,0,0,555
25,25,52,37,0,1332,1353,0,0,555
25,25,53,37,0,1332,1353,0,0,555
25,25,54,37,0,1332,1353,0,0,555
25,25,55,37,0,1332,1353,0,0,555
25,25,56,37,0,1332,1353,0,0,555
25,25,57,37,0,1332,1353,0,0,555
25,25,58,37,0,1332,1353,0,0,555
25,25,59,37,0,1332,1353,0,0,555
25,25,60,37,0,1332,1353,0,0,555
25,25,61,37,0,1332,1353,0,0,555
25,25,62,37,0,1332,1353,0,0,555
25,25,63,37,0,1332,1353,0,0,555
25,25,64,37,0,1332,1353,0,0,555
25,25,65,37,0,1332,1353,0,0,555
25,25,66,37,0,1332,1353,0,0,555
25,25,67,37,0,1332,1353,0,0,555
25,25,68,37,0,1332,1353,0,0,555
25,25,69,37,0,1332,1353,0,0,555
25,25,70,37,0,1332,1353,0,0,555
25,25,71,37,0,1332,1353,0,0,555
25,25,72,37,0,1332,1353,0,0,555
25,25,73,37,0,1332,1353,0,0,555
25,25,74,37,0,1332,1353,0,0,555
25,25,75,37,0,1332,1353,0,0,555
25,25,76,37,0,1332,1353,0,0,555
25,25,77,37,0,1332,1353,0,0,555
25,25,78,37,0,1332,1353,0,0,555
25,25,79,37,0,1332,1353,0,0,555
25,25,80,37,0,1332,1353,0,0,555
25,25,81,37,0,1332,1353,0,0,555
25,25,82,37,0,1332,1353,0,0,555
25,25,83,37,0,1332,1353,0,0,555
25,25,84,37,0,1332,1353,0,0,555
25,25,85,37,0,1332,1353,0,0,555
25,25,86,37,0,1332,1353,0,0,555
25,25,87,37,0,1332,1353,0,0,555
25,25,88,37,0,1332,1353,0,0,555
25,25,89,37,0,1332,1353,0,0,555
25,25,90,37,0,1332,1353,0,0,555
25,25,91,37,0,1332,1353,0,0,555
25,25,92,37,0,1332,1353,0,0,555
25,25,93,37,0,1332,1353,0,0,555
25,25,94,37,0,1332,1353,0,0,555
25,25,95,37,0,1332,1353,0,0,555
25,25,96,37,0,1332,1353,0,0,555
25,25,97,37,0,1332,1353,0,0,555
25,25,98,37,0,1332,1353,0,0,555
25,25,99,37,0,1332,1353,0,0,555
25,25,100,37,0,1332,1353,0,0,555
25,25,101,37,0,1332,1353,0,0,555
25,25,102,37,0,1332,1353,0,0,555
25,25,103,37,0,1332,1353,0,0,555
25,25,104,37,0,1332,1353,0,0,555
25,25,105,37,0,1332,1353,0,0,555
25,25,106,37,0,1332,1353,0,0,555
25,25,107,37,0,1332,1353,0,0,555
25,25,108,37,0,1332,1353,0,0,555
25,25,109,37,0,1332,1353,0,0,555
25,25,110,37,0,1332,1353,0,0,555
25,25,111,37,0,1332,1353,0,0,555
25,25,112,37,0,1332,1353,0,0,555
25,25,113,37,0,1332,1353,0,0,555
25,25,114,37,0,1332,1353,0,0,555
25,25,115,37,0,1332,1353,0,0,555
25,25,116,37,0,1332,1353,0,0,555
25,25,117,37,0,1332,1353,0,0,555
25,25,118,37,0,1332,1353,0,0,555
25,25,119,37,0,1332,1353,0,0,555
25,26,0,36,1,1307,1328,11,0,551
25,26,1,36,1,1318,1339,22,0,562
25,26,2,36,1,1329,1350,33,8,573
25,26,3,36,1,1320,1341,24,0,564
25,26,4,36,1,1308,1329,12,0,552
25,26,5,36,1,1308,1329,12,0,552
25,26,6,36,1,1308,1329,12,0,552
25,26,7,36,1,1320,1341,24,0,564
25,26,8,36,1,1308,1329,12,0,552
25,26,9,36,1,1308,1329,12,0,552
25,26,10,36,1,1308,1329,12,0,552
25,26,11,36,1,1314,1335,18,0,558
25,26,12,36,1,1296,1317,0,0,540
25,26,13,36,1,1308,1329,12,0,552
25,26,14,36,1,1296,1317,0,0,540
25,26,15,36,1,1296,1317,0,0,540
25,26,16,36,1,1321,1342,25,0,565
25,26,17,37,0,1332,1353,0,0,555
25,26,18,37,0,1332,1353,0,0,555
25,26,19,37,0,1332,1353,0,0,555
25,26,20,37,0,1332,1353,0,0,555
25,26,21,37,0,1332,1353,0,0,555
25,26,22,37,0,1332,1353,0,0,555
25,26,23,37,0,1332,1353,0,0,555
25,26,24,37,0,1332,1353,0,0,555
25,26,25,37,0,1332,1353,0,0,555
25,26,26,37,0,1332,1353,0,0,555
25,26,27,37,0,1332,1353,0,0,555
25,26,28,37,0,1332,1353,0,0,555
25,26,29,37,0,1332,1353,0,0,555
25,26,30,37,0,1332,1353,0,0,555
25,26,31,37,0,1332,1353,0,0,555
25,26,32,37,0,1332,1353,0,0,555
25,26,33,37,0,1332,1353,0,0,555
25,26,34,37,0,1332,1353,0,0,555
25,26,35,37,0,1332,1353,0,0,555
25,26,36,37,0,1332,1353,0,0,555
25,26,37,37,0,1332,1353,0,0,555
25,26,38,37,0,1332,1353,0,0,555
25,26,39,37,0,1332,1353,0,0,555
25,26,40,37,0,1332,1353,0,0,555
25,26,41,37,0,1332,1353,0,0,555
25,26,42,37,0,1332,1353,0,0,555
25,26,43,37,0,1332,1353,0,0,555
25,26,44,37,0,1332,1353,0,0,555
25,26,45,37,0,1332,1353,0,0,555
25,26,46,37,0,1332,1353,0,0,555
25,26,47,37,0,1332,1353,0,0,555
25,26,48,37,0,1332,1353,0,0,555
25,26,49,37,0,1332,1353,0,0,555
25,26,50,37,0,1332,1353,0,0,555
25,26,51,37,0,1332,1353,0,0,555
25,26,52,37,0,1332,1353,0,0,555
25,26,53,37,0,1332,1353,0,0,555
25,26,54,37,0,1332,1353,0,0,555
25,26,55,37,0,1332,1353,0,0,555
25,26,56,37,0,1332,1353,0,0,555
25,26,57,37,0,1332,1353,0,0,555
25,26,58,37,0,1332,1353,0,0,555
25,26,59,37,0,1332,1353,0,0,555
25,26,60,37,0,1332,1353,0,0,555
25,26,61,37,0,1332,1353,0,0,555
25,26,62,37,0,1332,1353,0,0,555
25,26,63,37,0,1332,1353,0,0,555
25,26,64,37,0,1332,1353,0,0,555
25,26,65,37,0,1332,1353,0,0,555
25,26,66,37,0,1332,1353,0,0,555
25,26,67,37,0,1332,1353,0,0,555
25,26,68,37,0,1332,1353,0,0,555
25,26,69,37,0,1332,1353,0,0,555
25,26,70,37,0,1332,1353,0,0,555
25,26,71,37,0,1332,1353,0,0,555
25,26,72,37,0,1332,1353,0,0,555
25,26,73,37,0,1332,1353,0,0,555
25,26,74,37,0,1332,1353,0,0,555
25,26,75,37,0,1332,1353,0,0,555
25,26,76,37,0,1332,1353,0,0,555
25,26,77,37,0,1332,1353,0,0,555
25,26,78,37,0,1332,1353,0,0,555
25,26,79,37,0,1332,1353,0,0,555
25,26,80,37,0,1332,1353,0,0,555
25,26,81,37,0,1332,1353,0,0,555
25,26,82,37,0,1332,1353,0,0,555
25,26,83,37,0,1332,1353,0,0,555
25,26,84,37,0,1332,1353,0,0,555
25,26,85,37,0,1332,1353,0,0,555
25,26,86,37,0,1332,1353,0,0,555
25,26,87,37,0,1332,1353,0,0,555
25,26,88,37,0,1332,1353,0,0,555
25,26,89,37,0,1332,1353,0,0,555
25,26,90,37,0,1332,1353,0,0,555
25,26,91,37,0,1332,1353,0,0,555
25,26,92,37,0,1332,1353,0,0,555
25,26,93,37,0,1332,1353,0,0,555
25,26,94,37,0,1332,1353,0,0,555
25,26,95,37,0,1332,1353,0,0,555
25,26,96,37,0,1332,1353,0,0,555
25,26,97,37,0,1332,1353,0,0,555
25,26,98,37,0,1332,1353,0,0,555
25,26,99,37,0,1332,1353,0,0,555
25,26,100,37,0,1332,1353,0,0,555
25,26,101,37,0,1332,1353,0,0,555
25,26,102,37,0,1332,1353,0,0,555
25,26,103,37,0,1332,1353,0,0,555
25,26,104,37,0,1332,1353,0,0,555
25,26,105,37,0,1332,1353,0,0,555
25,26,106,37,0,1332,1353,0,0,555
25,26,107,37,0,1332,1353,0,0,555
25,26,108,37,0,1332,1353,0,0,555
25,26,109,37,0,1332,1353,0,0,555
25,26,110,37,0,1332,1353,0,0,555
25,26,111,37,0,1332,1353,0,0,555
25,26,112,37,0,1332,1353,0,0,555
25,26,113,37,0,1332,1353,0,0,555
25,26,114,37,0,1332,1353,0,0,555
25,26,115,37,0,1332,1353,0,0,555
25,26,116,37,0,1332,1353,0,0,555
25,26,117,37,0,1332,1353,0,0,555
25,26,118,37,0,1332,1353,0,0,555
25,26,119,37,0,1332,1353,0,0,555
25,27,0,36,1,1307,1328,11,0,551
25,27,1,36,1,1318,1339,22,0,562
25,27,2,36,1,1329,1350,33,8,573
25,27,3,36,1,1320,1341,24,0,564
25,27,4,36,1,1308,1329,12,0,552
25,27,5,36,1,1308,1329,12,0,552
25,27,6,36,1,1308,1329,12,0,552
25,27,7,36,1,1320,1341,24,0,564
25,27,8,36,1,1308,1329,12,0,552
25,27,9,36,1,1308,1329,12,0,552
25,27,10,36,1,1308,1329,12,0,552
25,27,11,36,1,1314,1335,18,0,558
25,27,12,36,1,1296,1317,0,0,540
25,27,13,36,1,1308,1329,12,0,552
25,27,14,36,1,1296,1317,0,0,540
25,27,15,36,1,1296,1317,0,0,540
25,27,16,36,1,1321,1342,25,0,565
25,27,17,37,0,1332,1353,0,0,555
25,27,18,37,0,1332,1353,0,0,555
25,27,19,37,0,1332,1353,0,0,555
25,27,20,37,0,1332,1353,0,0,555
25,27,21,37,0,1332,1353,0,0,555
25,27,22,37,0,1332,1353,0,0,555
25,27,23,37,0,1332,1353,0,0,555
25,27,24,37,0,1332,1353,0,0,555
25,27,25,37,0,1332,1353,0,0,555
25,27,26,37,0,1332,1353,0,0,555
25,27,27,37,0,1332,1353,0,0,555
25,27,28,37,0,1332,1353,0,0,555
25,27,29,37,0,1332,1353,0,0,555
25,27,30,37,0,1332,1353,0,0,555
25,27,31,37,0,1332,1353,0,0,555
25,27,32,37,0,1332,1353,0,0,555
25,27,33,37,0,1332,1353,0,0,555
25,27,34,37,0,1332,1353,0,0,555
25,27,35,37,0,1332,1353,0,0,555
25,27,36,37,0,1332,1353,0,0,555
25,27,37,37,0,1332,1353,0,0,555
25,27,38,37,0,1332,1353,0,0,555
25,27,39,37,0,1332,1353,0,0,555
25,27,40,37,0,1332,1353,0,0,555
25,27,41,37,0,1332,1353,0,0,555
25,27,42,37,0,1332,1353,0,0,555
25,27,43,37,0,1332,1353,0,0,555
25,27,44,37,0,1332,1353,0,0,555
25,27,45,37,0,1332,1353,0,0,555
25,27,46,37,0,1332,1353,0,0,555
25,27,47,37,0,1332,1353,0,0,555
25,27,48,37,0,1332,1353,0,0,555
25,27,49,37,0,1332,1353,0,0,555
25,27,50,37,0,1332,1353,0,0,555
25,27,51,37,0,1332,1353,0,0,555
25,27,52,37,0,1332,1353,0,0,555
25,27,53,37,0,1332,1353,0,0,555
25,27,54,37,0,1332,1353,0,0,555
25,27,55,37,0,1332,1353,0,0,555
25,27,56,37,0,1332,1353,0,0,555
25,27,57,37,0,1332,1353,0,0,555
25,27,58,37,0,1332,1353,0,0,555
25,27,59,37,0,1332,1353,0,0,555
25,27,60,37,0,1332,1353,0,0,555
25,27,61,37,0,1332,1353,0,0,555
25,27,62,37,0,1332,1353,0,0,555
25,27,63,37,0,1332,1353,0,0,555
25,27,64,37,0,1332,1353,0,0,555
25,27,65,37,0,1332,1353,0,0,555
25,27,66,37,0,1332,1353,0,0,555
25,27,67,37,0,1332,1353,0,0,555
25,27,68,37,0,1332,1353,0,0,555
25,27,69,37,0,1332,1353,0,0,555
25,27,70,37,0,1332,1353,0,0,555
25,27,71,37,0,1332,1353,0,0,555
25,27,72,37,0,1332,1353,0,0,555
25,27,73,37,0,1332,1353,0,0,555
25,27,74,37,0,1332,1353,0,0,555
25,27,75,37,0,1332,1353,0,0,555
25,27,76,37,0,1332,1353,0,0,555
25,27,77,37,0,1332,1353,0,0,555
25,27,78,37,0,1332,1353,0,0,555
25,27,79,37,0,1332,1353,0,0,555
25,27,80,37,0,1332,1353,0,0,555
25,27,81,37,0,1332,1353,0,0,555
25,27,82,37,0,1332,1353,0,0,555
25,27,83,37,0,1332,1353,0,0,555
25,27,84,37,0,1332,1353,0,0,555
25,27,85,37,0,1332,1353,0,0,555
25,27,86,37,0,1332,1353,0,0,555
25,27,87,37,0,1332,1353,0,0,555
25,27,88,37,0,1332,1353,0,0,555
25,27,89,37,0,1332,1353,0,0,555
25,27,90,37,0,1332,1353,0,0,555
25,27,91,37,0,1332,1353,0,0,555
25,27,92,37,0,1332,1353,0,0,555
25,27,93,37,0,1332,1353,0,0,555
25,27,94,37,0,1332,1353,0,0,555
25,27,95,37,0,1332,1353,0,0,555
25,27,96,37,0,1332,1353,0,0,555
25,27,97,37,0,1332,1353,0,0,555
25,27,98,37,0,1332,1353,0,0,555
25,27,99,37,0,1332,1353,0,0,555
25,27,100,37,0,1332,1353,0,0,555
25,27,101,37,0,1332,1353,0,0,555
25,27,102,37,0,1332,1353,0,0,555
25,27,103,37,0,1332,1353,0,0,555
25,27,104,37,0,1332,1353,0,0,555
25,27,105,37,0,1332,1353,0,0,555
25,27,106,37,0,1332,1353,0,0,555
25,27,107,37,0,1332,1353,0,0,555
25,27,108,37,0,1332,1353,0,0,555
25,27,109,37,0,1332,1353,0,0,555
25,27,110,37,0,1332,1353,0,0,555
25,27,111,37,0,1332,1353,0,0,555
25,27,112,37,0,1332,1353,0,0,555
25,27,113,37,0,1332,1353,0,0,555
25,27,114,37,0,1332,1353,0,0,555
25,27,115,37,0,1332,1353,0,0,555
25,27,116,37,0,1332,1353,0,0,555
25,27,117,37,0,1332,1353,0,0,555
25,27,118,37,0,1332,1353,0,0,555
25,27,119,37,0,1332,1353,0,0,555
25,28,0,36,1,1307,1328,11,0,551
25,28,1,36,1,1318,1339,22,0,562
25,28,2,36,1,1329,1350,33,8,573
25,28,3,36,1,1320,1341,24,0,564
25,28,4,36,1,1308,1329,12,0,552
25,28,5,36,1,1308,1329,12,0,552
25,28,6,36,1,1308,1329,12,0,552
25,28,7,36,1,1320,1341,24,0,564
25,28,8,36,1,1308,1329,12,0,552
25,28,9,36,1,1308,1329,12,0,552
25,28,10,36,1,1308,1329,12,0,552
25,28,11,36,1,1314,1335,18,0,558
25,28,12,36,1,1296,1317,0,0,540
25,28,13,36,1,1308,1329,12,0,552
25,28,14,36,1,1296,1317,0,0,540
25,28,15,36,1,1296,1317,0,0,540
25,28,16,36,1,1321,1342,25,0,565
25,28,17,37,0,1332,1353,0,0,555
25,28,18,37,0,1332,1353,0,0,555
25,28,19,37,0,1332,1353,0,0,555
25,28,20,37,0,1332,1353,0,0,555
25,28,21,37,0,1332,1353,0,0,555
25,28,22,37,0,1332,1353,0,0,555
25,28,23,37,0,1332,1353,0,0,555
25,28,24,37,0,1332,1353,0,0,555
25,28,25,37,0,1332,1353,0,0,555
25,28,26,37,0,1332,1353,0,0,555
25,28,27,37,0,1332,1353,0,0,555
25,28,28,37,0,1332,1353,0,0,555
25,28,29,37,0,1332,1353,0,0,555
25,28,30,37,0,1332,1353,0,0,555
25,28,31,37,0,1332,1353,0,0,555
25,28,32,37,0,1332,1353,0,0,555
25,28,33,37,0,1332,1353,0,0,555
25,28,34,37,0,1332,1353,0,0,555
25,28,35,37,0,1332,1353,0,0,555
25,28,36,37,0,1332,1353,0,0,555
25,28,37,37,0,1332,1353,0,0,555
25,28,38,37,0,1332,1353,0,0,555
25,28,39,37,0,1332,1353,0,0,555
25,28,40,37,0,1332,1353,0,0,555
25,28,41,37,0,1332,1353,0,0,555
25,28,42,37,0,1332,1353,0,0,555
25,28,43,37,0,1332,1353,0,0,555
25,28,44,37,0,1332,1353,0,0,555
25,28,45,37,0,1332,1353,0,0,555
25,28,46,37,0,1332,1353,0,0,555
25,28,47,37,0,1332,1353,0,0,555
25,28,48,37,0,1332,1353,0,0,555
25,28,49,37,0,1332,1353,0,0,555
25,28,50,37,0,1332,1353,0,0,555
25,28,51,37,0,1332,1353,0,0,555
25,28,52,37,0,1332,1353,0,0,555
25,28,53,37,0,1332,1353,0,0,555
25,28,54,37,0,1332,1353,0,0,555
25,28,55,37,0,1332,1353,0,0,555
25,28,56,37,0,1332,1353,0,0,555
25,28,57,37,0,1332,1353,0,0,555
25,28,58,37,0,1332,1353,0,0,555
25,28,59,37,0,1332,1353,0,0,555
25,28,60,37,0,1332,1353,0,0,555
25,28,61,37,0,1332,1353,0,0,555
25,28,62,37,0,1332,1353,0,0,555
25,28,63,37,0,1332,1353,0,0,555
25,28,64,37,0,1332,1353,0,0,555
25,28,65,37,0,1332,1353,0,0,555
25,28,66,37,0,1332,1353,0,0,555
25,28,67,37,0,1332,1353,0,0,555
25,28,68,37,0,1332,1353,0,0,555
25,28,69,37,0,1332,1353,0,0,555
25,28,70,37,0,1332,1353,0,0,555
25,28,71,37,0,1332,1353,0,0,555
25,28,72,37,0,1332,1353,0,0,555
25,28,73,37,0,1332,1353,0,0,555
25,28,74,37,0,1332,1353,0,0,555
25,28,75,37,0,1332,1353,0,0,555
25,28,76,37,0,1332,1353,0,0,555
25,28,77,37,0,1332,1353,0,0,555
25,28,78,37,0,1332,1353,0,0,555
25,28,79,37,0,1332,1353,0,0,555
25,28,80,37,0,1332,1353,0,0,555
25,28,81,37,0,1332,1353,0,0,555
25,28,82,37,0,1332,1353,0,0,555
25,28,83,37,0,1332,1353,0,0,555
25,28,84,37,0,1332,1353,0,0,555
25,28,85,37,0,1332,1353,0,0,555
25,28,86,37,0,1332,1353,0,0,555
25,28,87,37,0,1332,1353,0,0,555
25,28,88,37,0,1332,1353,0,0,555
25,28,89,37,0,1332,1353,0,0,555
25,28,90,37,0,1332,1353,0,0,555
25,28,91,37,0,1332,1353,0,0,555
25,28,92,37,0,1332,1353,0,0,555
25,28,93,37,0,1332,1353,0,0,555
25,28,94,37,0,1332,1353,0,0,555
25,28,95,37,0,1332,1353,0,0,555
25,28,96,37,0,1332,1353,0,0,555
25,28,97,37,0,1332,1353,0,0,555
25,28,98,37,0,1332,1353,0,0,555
25,28,99,37,0,1332,1353,0,0,555
25,28,100,37,0,1332,1353,0,0,555
25,28,101,37,0,1332,1353,0,0,555
25,28,102,37,0,1332,1353,0,0,555
25,28,103,37,0,1332,1353,0,0,555
25,28,104,37,0,1332,1353,0,0,555
25,28,105,37,0,1332,1353,0,0,555
25,28,106,37,0,1332,1353,0,0,555
25,28,107,37,0,1332,1353,0,0,555
25,28,108,37,0,1332,1353,0,0,555
25,28,109,37,0,1332,1353,0,0,555
25,28,110,37,0,1332,1353,0,0,555
25,28,111,37,0,1332,1353,0,0,555
25,28,112,37,0,1332,1353,0,0,555
25,28,113,37,0,1332,1353,0,0,555
25,28,114,37,0,1332,1353,0,0,555
25,28,115,37,0,1332,1353,0,0,555
25,28,116,37,0,1332,1353,0,0,555
25,28,117,37,0,1332,1353,0,0,555
25,28,118,37,0,1332,1353,0,0,555
25,28,119,37,0,1332,1353,0,0,555
25,29,0,36,1,1307,1328,11,0,551
25,29,1,36,1,1318,1339,22,0,562
25,29,2,36,1,1329,1350,33,8,573
25,29,3,36,1,1320,1341,24,0,564
25,29,4,36,1,1308,1329,12,0,552
25,29,5,36,1,1308,1329,12,0,552
25,29,6,36,1,1308,1329,12,0,552
25,29,7,36,1,1320,1341,24,0,564
25,29,8,36,1,1308,1329,12,0,552
25,29,9,36,1,1308,1329,12,0,552
25,29,10,36,1,1308,1329,12,0,552
25,29,11,36,1,1314,1335,18,0,558
25,29,12,36,1,1296,1317,0,0,540
25,29,13,36,1,1308,1329,12,0,552
25,29,14,36,1,1296,1317,0,0,540
25,29,15,36,1,1296,1317,0,0,540
25,29,16,36,1,1321,1342,25,0,565
25,29,17,37,0,1332,1353,0,0,555
25,29,18,37,0,1332,1353,0,0,555
25,29,19,37,0,1332,1353,0,0,555
25,29,20,37,0,1332,1353,0,0,555
25,29,21,37,0,1332,1353,0,0,555
25,29,22,37,0,1332,1353,0,0,555
25,29,23,37,0,1332,1353,0,0,555
25,29,24,37,0,1332,1353,0,0,555
25,29,25,37,0,1332,1353,0,0,555
25,29,26,37,0,1332,1353,0,0,555
25,29,27,37,0,1332,1353,0,0,555
25,29,28,37,0,1332,1353,0,0,555
25,29,29,37,0,1332,1353,0,0,555
25,29,30,37,0,1332,1353,0,0,555
25,29,31,37,0,1332,1353,0,0,555
25,29,32,37,0,1332,1353,0,0,555
25,29,33,37,0,1332,1353,0,0,555
25,29,34,37,0,1332,1353,0,0,555
25,29,35,37,0,1332,1353,0,0,555
25,29,36,37,0,1332,1353,0,0,555
25,29,37,37,0,1332,1353,0,0,555
25,29,38,37,0,1332,1353,0,0,555
25,29,39,37,0,1332,1353,0,0,555
25,29,40,37,0,1332,1353,0,0,555
25,29,41,37,0,1332,1353,0,0,555
25,29,42,37,0,1332,1353,0,0,555
25,29,43,37,0,1332,1353,0,0,555
25,29,44,37,0,1332,1353,0,0,555
25,29,45,37,0,1332,1353,0,0,555
25,29,46,37,0,1332,1353,0,0,555
25,29,47,37,0,1332,1353,0,0,555
25,29,48,37,0,1332,1353,0,0,555
25,29,49,37,0,1332,1353,0,0,555
25,29,50,37,0,1332,1353,0,0,555
25,29,51,37,0,1332,1353,0,0,555
25,29,52,37,0,1332,1353,0,0,555
25,29,53,37,0,1332,1353,0,0,555
25,29,54,37,0,1332,1353,0,0,555
25,29,55,37,0,1332,1353,0,0,555
25,29,56,37,0,1332,1353,0,0,555
25,29,57,37,0,1332,1353,0,0,555
25,29,58,37,0,1332,1353,0,0,555
25,29,59,37,0,1332,1353,0,0,555
25,29,60,37,0,1332,1353,0,0,555
25,29,61,37,0,1332,1353,0,0,555
25,29,62,37,0,1332,1353,0,0,555
25,29,63,37,0,1332,1353,0,0,555
25,29,64,37,0,1332,1353,0,0,555
25,29,65,37,0,1332,1353,0,0,555
25,29,66,37,0,1332,1353,0,0,555
25,29,67,37,0,1332,1353,0,0,555
25,29,68,37,0,1332,1353,0,0,555
25,29,69,37,0,1332,1353,0,0,555
25,29,70,37,0,1332,1353,0,0,555
25,29,71,37,0,1332,1353,0,0,555
25,29,72,37,0,1332,1353,0,0,555
25,29,73,37,0,1332,1353,0,0,555
25,29,74,37,0,1332,1353,0,0,555
25,29,75,37,0,1332,1353,0,0,555
25,29,76,37,0,1332,1353,0,0,555
25,29,77,37,0,1332,1353,0,0,555
25,29,78,37,0,1332,1353,0,0,555
25,29,79,37,0,1332,1353,0,0,555
25,29,80,37,0,1332,1353,0,0,555
25,29,81,37,0,1332,1353,0,0,555
25,29,82,37,0,1332,1353,0,0,555
25,29,83,37,0,1332,1353,0,0,555
25,29,84,37,0,1332,1353,0,0,555
25,29,85,37,0,1332,1353,0,0,555
25,29,86,37,0,1332,1353,0,0,555
25,29,87,37,0,1332,1353,0,0,555
25,29,88,37,0,1332,1353,0,0,555
25,29,89,37,0,1332,1353,0,0,555
25,29,90,37,0,1332,1353,0,0,555
25,29,91,37,0,1332,1353,0,0,555
25,29,92,37,0,1332,1353,0,0,555
25,29,93,37,0,1332,1353,0,0,555
25,29,94,37,0,1332,1353,0,0,555
25,29,95,37,0,1332,1353,0,0,555
25,29,96,37,0,1332,1353,0,0,555
25,29,97,37,0,1332,1353,0,0,555
25,29,98,37,0,1332,1353,0,0,555
25,29,99,37,0,1332,1353,0,0,555
25,29,100,37,0,1332,1353,0,0,555
25,29,101,37,0,1332,1353,0,0,555
25,29,102,37,0,1332,1353,0,0,555
25,29,103,37,0,1332,1353,0,0,555
25,29,104,37,0,1332,1353,0,0,555
25,29,105,37,0,1332,1353,0,0,555
25,29,106,37,0,1332,1353,0,0,555
25,29,107,37,0,1332,1353,0,0,555
25,29,108,37,0,1332,1353,0,0,555
25,29,109,37,0,1332,1353,0,0,555
25,29,110,37,0,1332,1353,0,0,555
25,29,111,37,0,1332,1353,0,0,555
25,29,112,37,0,1332,1353,0,0,555
25,29,113,37,0,1332,1353,0,0,555
25,29,114,37,0,1332,1353,0,0,555
25,29,115,37,0,1332,1353,0,0,555
25,29,116,37,0,1332,1353,0,0,555
25,29,117,37,0,1332,1353,0,0,555
25,29,118,37,0,1332,1353,0,0,555
25,29,119,37,0,1332,1353,0,0,555
25,30,0,36,1,1307,1328,11,0,551
25,30,1,36,1,1318,1339,22,0,562
25,30,2,36,1,1329,1350,33,8,573
25,30,3,36,1,1320,1341,24,0,564
25,30,4,36,1,1308,1329,12,0,552
25,30,5,36,1,1308,1329,12,0,552
25,30,6,36,1,1308,1329,12,0,552
25,30,7,36,1,1320,1341,24,0,564
25,30,8,36,1,1308,1329,12,0,552
25,30,9,36,1,1308,1329,12,0,552
25,30,10,36,1,1308,1329,12,0,552
25,30,11,36,1,1314,1335,18,0,558
25,30,12,36,1,1296,1317,0,0,540
25,30,13,36,1,1308,1329,12,0,552
25,30,14,36,1,1296,1317,0,0,540
25,30,15,36,1,1296,1317,0,0,540
25,30,16,36,1,1321,1342,25,0,565
25,30,17,37,0,1332,1353,0,0,555
25,30,18,37,0,1332,1353,0,0,555
25,30,19,37,0,1332,1353,0,0,555
25,30,20,37,0,1332,1353,0,0,555
25,30,21,37,0,1332,1353,0,0,555
25,30,22,37,0,1332,1353,0,0,555
25,30,23,37,0,1332,1353,0,0,555
25,30,24,37,0,1332,1353,0,0,555
25,30,25,37,0,1332,1353,0,0,555
25,30,26,37,0,1332,1353,0,0,555
25,30,27,37,0,1332,1353,0,0,555
25,30,28,37,0,1332,1353,0,0,555
25,30,29,37,0,1332,1353,0,0,555
25,30,30,37,0,1332,1353,0,0,555
25,30,31,37,0,1332,1353,0,0,555
25,30,32,37,0,1332,1353,0,0,555
25,30,33,37,0,1332,1353,0,0,555
25,30,34,37,0,1332,1353,0,0,555
25,30,35,37,0,1332,1353,0,0,555
25,30,36,37,0,1332,1353,0,0,555
25,30,37,37,0,1332,1353,0,0,555
25,30,38,37,0,1332,1353,0,0,555
25,30,39,37,0,1332,1353,0,0,555
25,30,40,37,0,1332,1353,0,0,555
25,30,41,37,0,1332,1353,0,0,555
25,30,42,37,0,1332,1353,0,0,555
25,30,43,37,0,1332,1353,0,0,555
25,30,44,37,0,1332,1353,0,0,555
25,30,45,37,0,1332,1353,0,0,555
25,30,46,37,0,1332,1353,0,0,555
25,30,47,37,0,1332,1353,0,0,555
25,30,48,37,0,1332,1353,0,0,555
25,30,49,37,0,1332,1353,0,0,555
25,30,50,37,0,1332,1353,0,0,555
25,30,51,37,0,1332,1353,0,0,555
25,30,52,37,0,1332,1353,0,0,555
25,30,53,37,0,1332,1353,0,0,555
25,30,54,37,0,1332,1353,0,0,555
25,30,55,37,0,1332,1353,0,0,555
25,30,56,37,0,1332,1353,0,0,555
25,30,57,37,0,1332,1353,0,0,555
25,30,58,37,0,1332,1353,0,0,555
25,30,59,37,0,1332,1353,0,0,555
25,30,60,37,0,1332,1353,0,0,555
25,30,61,37,0,1332,1353,0,0,555
25,30,62,37,0,1332,1353,0,0,555
25,30,63,37,0,1332,1353,0,0,555
25,30,64,37,0,1332,1353,0,0,555
25,30,65,37,0,1332,1353,0,0,555
25,30,66,37,0,1332,1353,0,0,555
25,30,67,37,0,1332,1353,0,0,555
25,30,68,37,0,1332,1353,0,0,555
25,30,69,37,0,1332,1353,0,0,555
25,30,70,37,0,1332,1353,0,0,555
25,30,71,37,0,1332,1353,0,0,555
25,30,72,37,0,1332,1353,0,0,555
25,30,73,37,0,1332,1353,0,0,555
25,30,74,37,0,1332,1353,0,0,555
25,30,75,37,0,1332,1353,0,0,555
25,30,76,37,0,1332,1353,0,0,555
25,30,77,37,0,1332,1353,0,0,555
25,30,78,37,0,1332,1353,0,0,555
25,30,79,37,0,1332,1353,0,0,555
25,30,80,37,0,1332,1353,0,0,555
25,30,81,37,0,1332,1353,0,0,555
25,30,82,37,0,1332,1353,0,0,555
25,30,83,37,0,1332,1353,0,0,555
25,30,84,37,0,1332,1353,0,0,555
25,30,85,37,0,1332,1353,0,0,555
25,30,86,37,0,1332,1353,0,0,555
25,30,87,37,0,1332,1353,0,0,555
25,30,88,37,0,1332,1353,0,0,555
25,30,89,37,0,1332,1353,0,0,555
25,30,90,37,0,1332,1353,0,0,555
25,30,91,37,0,1332,1353,0,0,555
25,30,92,37,0,1332,1353,0,0,555
25,30,93,37,0,1332,1353,0,0,555
25,30,94,37,0,1332,1353,0,0,555
25,30,95,37,0,1332,1353,0,0,555
25,30,96,37,0,1332,1353,0,0,555
25,30,97,37,0,1332,1353,0,0,555
25,30,98,37,0,1332,1353,0,0,555
25,30,99,37,0,1332,1353,0,0,555
25,30,100,37,0,1332,1353,0,0,555
25,30,101,37,0,1332,1353,0,0,555
25,30,102,37,0,1332,1353,0,0,555
25,30,103,37,0,1332,1353,0,0,555
25,30,104,37,0,1332,1353,0,0,555
25,30,105,37,0,1332,1353,0,0,555
25,30,106,37,0,1332,1353,0,0,555
25,30,107,37,0,1332,1353,0,0,555
25,30,108,37,0,1332,1353,0,0,555
25,30,109,37,0,1332,1353,0,0,555
25,30,110,37,0,1332,1353,0,0,555
25,30,111,37,0,1332,1353,0,0,555
25,30,112,37,0,1332,1353,0,0,555
25,30,113,37,0,1332,1353,0,0,555
25,30,114,37,0,1332,1353,0,0,555
25,30,115,37,0,1332,1353,0,0,555
25,30,116,37,0,1332,1353,0,0,555
25,30,117,37,0,1332,1353,0,0,555
25,30,118,37,0,1332,1353,0,0,555
25,30,119,37,0,1332,1353,0,0,555
25,31,0,36,1,1307,1328,11,0,551
25,31,1,36,1,1318,1339,22,0,562
25,31,2,36,1,1329,1350,33,8,573
25,31,3,36,1,1320,1341,24,0,564
25,31,4,36,1,1308,1329,12,0,552
25,31,5,36,1,1308,1329,12,0,552
25,31,6,36,1,1308,1329,12,0,552
25,31,7,36,1,1320,1341,24,0,564
25,31,8,36,1,1308,1329,12,0,552
25,31,9,36,1,1308,1329,12,0,552
25,31,10,36,1,1308,1329,12,0,552
25,31,11,36,1,1314,1335,18,0,558
25,31,12,36,1,1296,1317,0,0,540
25,31,13,36,1,1308,1329,12,0,552
25,31,14,36,1,1296,1317,0,0,540
25,31,15,36,1,1296,1317,0,0,540
25,31,16,36,1,1321,1342,25,0,565
25,31,17,37,0,1332,1353,0,0,555
25,31,18,37,0,1332,1353,0,0,555
25,31,19,37,0,1332,1353,0,0,555
25,31,20,37,0,1332,1353,0,0,555
25,31,21,37,0,1332,1353,0,0,555
25,31,22,37,0,1332,1353,0,0,555
25,31,23,37,0,1332,1353,0,0,555
25,31,24,37,0,1332,1353,0,0,555
25,31,25,37,0,1332,1353,0,0,555
25,31,26,37,0,1332,1353,0,0,555
25,31,27,37,0,1332,1353,0,0,555
25,31,28,37,0,1332,1353,0,0,555
25,31,29,37,0,1332,1353,0,0,555
25,31,30,37,0,1332,1353,0,0,555
25,31,31,37,0,1332,1353,0,0,555
25,31,32,37,0,1332,1353,0,0,555
25,31,33,37,0,1332,1353,0,0,555
25,31,34,37,0,1332,1353,0,0,555
25,31,35,37,0,1332,1353,0,0,555
25,31,36,37,0,1332,1353,0,0,555
25,31,37,37,0,1332,1353,0,0,555
25,31,38,37,0,1332,1353,0,0,555
25,31,39,37,0,1332,1353,0,0,555
25,31,40,37,0,1332,1353,0,0,555
25,31,41,37,0,1332,1353,0,0,555
25,31,42,37,0,1332,1353,0,0,555
25,31,43,37,0,1332,1353,0,0,555
25,31,44,37,0,1332,1353,0,0,555
25,31,45,37,0,1332,1353,0,0,555
25,31,46,37,0,1332,1353,0,0,555
25,31,47,37,0,1332,1353,0,0,555
25,31,48,37,0,1332,1353,0,0,555
25,31,49,37,0,1332,1353,0,0,555
25,31,50,37,0,1332,1353,0,0,555
25,31,51,37,0,1332,1353,0,0,555
25,31,52,37,0,1332,1353,0,0,555
25,31,53,37,0,1332,1353,0,0,555
25,31,54,37,0,1332,1353,0,0,555
25,31,55,37,0,1332,1353,0,0,555
25,31,56,37,0,1332,1353,0,0,555
25,31,57,37,0,1332,1353,0,0,555
25,31,58,37,0,1332,1353,0,0,555
25,31,59,37,0,1332,1353,0,0,555
25,31,60,37,0,1332,1353,0,0,555
25,31,61,37,0,1332,1353,0,0,555
25,31,62,37,0,1332,1353,0,0,555
25,31,63,37,0,1332,1353,0,0,555
25,31,64,37,0,1332,1353,0,0,555
25,31,65,37,0,1332,1353,0,0,555
25,31,66,37,0,1332,1353,0,0,555
25,31,67,37,0,1332,1353,0,0,555
25,31,68,37,0,1332,1353,0,0,555
25,31,69,37,0,1332,1353,0,0,555
25,31,70,37,0,1332,1353,0,0,555
25,31,71,37,0,1332,1353,0,0,555
25,31,72,37,0,1332,1353,0,0,555
25,31,73,37,0,1332,1353,0,0,555
25,31,74,37,0,1332,1353,0,0,555
25,31,75,37,0,1332,1353,0,0,555
25,31,76,37,0,1332,1353,0,0,555
25,31,77,37,0,1332,1353,0,0,555
25,31,78,37,0,1332,1353,0,0,555
25,31,79,37,0,1332,1353,0,0,555
25,31,80,37,0,1332,1353,0,0,555
25,31,81,37,0,1332,1353,0,0,555
25,31,82,37,0,1332,1353,0,0,555
25,31,83,37,0,1332,1353,0,0,555
25,31,84,37,0,1332,1353,0,0,555
25,31,85,37,0,1332,1353,0,0,555
25,31,86,37,0,1332,1353,0,0,555
25,31,87,37,0,1332,1353,0,0,555
25,31,88,37,0,1332,1353,0,0,555
25,31,89,37,0,1332,1353,0,0,555
25,31,90,37,0,1332,1353,0,0,555
25,31,91,37,0,1332,1353,0,0,555
25,31,92,37,0,1332,1353,0,0,555
25,31,93,37,0,1332,1353,0,0,555
25,31,94,37,0,1332,1353,0,0,555
25,31,95,37,0,1332,1353,0,0,555
25,31,96,37,0,1332,1353,0,0,555
25,31,97,37,0,1332,1353,0,0,555
25,31,98,37,0,1332,1353,0,0,555
25,31,99,37,0,1332,1353,0,0,555
25,31,100,37,0,1332,1353,0,0,555
25,31,101,37,0,1332,1353,0,0,555
25,31,102,37,0,1332,1353,0,0,555
25,31,103,37,0,1332,1353,0,0,555
25,31,104,37,0,1332,1353,0,0,555
25,31,105,37,0,1332,1353,0,0,555
25,31,106,37,0,1332,1353,0,0,555
25,31,107,37,0,1332,1353,0,0,555
25,31,108,37,0,1332,1353,0,0,555
25,31,109,37,0,1332,1353,0,0,555
25,31,110,37,0,1332,1353,0,0,555
25,31,111,37,0,1332,1353,0,0,555
25,31,112,37,0,1332,1353,0,0,555
25,31,113,37,0,1332,1353,0,0,555
25,31,114,37,0,1332,1353,0,0,555
25,31,115,37,0,1332,1353,0,0,555
25,31,116,37,0,1332,1353,0,0,555
25,31,117,37,0,1332,1353,0,0,555
25,31,118,37,0,1332,1353,0,0,555
25,31,119,37,0,1332,1353,0,0,555
25,32,0,36,1,1307,1328,11,0,551
25,32,1,36,1,1318,1339,22,0,562
25,32,2,36,1,1329,1350,33,8,573
25,32,3,36,1,1320,1341,24,0,564
25,32,4,36,1,1308,1329,12,0,552
25,32,5,36,1,1308,1329,12,0,552
25,32,6,36,1,1308,1329,12,0,552
25,32,7,36,1,1320,1341,24,0,564
25,32,8,36,1,1308,1329,12,0,552
25,32,9,36,1,1308,1329,12,0,552
25,32,10,36,1,1308,1329,12,0,552
25,32,11,36,1,1314,1335,18,0,558
25,32,12,36,1,1296,1317,0,0,540
25,32,13,36,1,1308,1329,12,0,552
25,32,14,36,1,1296,1317,0,0,540
25,32,15,36,1,1296,1317,0,0,540
25,32,16,36,1,1321,1342,25,0,565
25,32,17,37,0,1332,1353,0,0,555
25,32,18,37,0,1332,1353,0,0,555
25,32,19,37,0,1332,1353,0,0,555
25,32,20,37,0,1332,1353,0,0,555
25,32,21,37,0,1332,1353,0,0,555
25,32,22,37,0,1332,1353,0,0,555
25,32,23,37,0,1332,1353,0,0,555
25,32,24,37,0,1332,1353,0,0,555
25,32,25,37,0,1332,1353,0,0,555
25,32,26,37,0,1332,1353,0,0,555
25,32,27,37,0,1332,1353,0,0,555
25,32,28,37,0,1332,1353,0,0,555
25,32,29,37,0,1332,1353,0,0,555
25,32,30,37,0,1332,1353,0,0,555
25,32,31,37,0,1332,1353,0,0,555
25,32,32,37,0,1332,1353,0,0,555
25,32,33,37,0,1332,1353,0,0,555
25,32,34,37,0,1332,1353,0,0,555
25,32,35,37,0,1332,1353,0,0,555
25,32,36,37,0,1332,1353,0,0,555
25,32,37,37,0,1332,1353,0,0,555
25,32,38,37,0,1332,1353,0,0,555
25,32,39,37,0,1332,1353,0,0,555
25,32,40,37,0,1332,1353,0,0,555
25,32,41,37,0,1332,1353,0,0,555
25,32,42,37,0,1332,1353,0,0,555
25,32,43,37,0,1332,1353,0,0,555
25,32,44,37,0,1332,1353,0,0,555
25,32,45,37,0,1332,1353,0,0,555
25,32,46,37,0,1332,1353,0,0,555
25,32,47,37,0,1332,1353,0,0,555
25,32,48,37,0,1332,1353,0,0,555
25,32,49,37,0,1332,1353,0,0,555
25,32,50,37,0,1332,1353,0,0,555
25,32,51,37,0,1332,1353,0,0,555
25,32,52,37,0,1332,1353,0,0,555
25,32,53,37,0,1332,1353,0,0,555
25,32,54,37,0,1332,1353,0,0,555
25,32,55,37,0,1332,1353,0,0,555
25,32,56,37,0,1332,1353,0,0,555
25,32,57,37,0,1332,1353,0,0,555
25,32,58,37,0,1332,1353,0,0,555
25,32,59,37,0,1332,1353,0,0,555
25,32,60,37,0,1332,1353,0,0,555
25,32,61,37,0,1332,1353,0,0,555
25,32,62,37,0,1332,1353,0,0,555
25,32,63,37,0,1332,1353,0,0,555
25,32,64,37,0,1332,1353,0,0,555
25,32,65,37,0,1332,1353,0,0,555
25,32,66,37,0,1332,1353,0,0,555
25,32,67,37,0,1332,1353,0,0,555
25,32,68,37,0,1332,1353,0,0,555
25,32,69,37,0,1332,1353,0,0,555
25,32,70,37,0,1332,1353,0,0,555
25,32,71,37,0,1332,1353,0,0,555
25,32,72,37,0,1332,1353,0,0,555
25,32,73,37,0,1332,1353,0,0,555
25,32,74,37,0,1332,1353,0,0,555
25,32,75,37,0,1332,1353,0,0,555
25,32,76,37,0,1332,1353,0,0,555
25,32,77,37,0,1332,1353,0,0,555
25,32,78,37,0,1332,1353,0,0,555
25,32,79,37,0,1332,1353,0,0,555
25,32,80,37,0,1332,1353,0,0,555
25,32,81,37,0,1332,1353,0,0,555
25,32,82,37,0,1332,1353,0,0,555
25,32,83,37,0,1332,1353,0,0,555
25,32,84,37,0,1332,1353,0,0,555
25,32,85,37,0,1332,1353,0,0,555
25,32,86,37,0,1332,1353,0,0,555
25,32,87,37,0,1332,1353,0,0,555
25,32,88,37,0,1332,1353,0,0,555
25,32,89,37,0,1332,1353,0,0,555
25,32,90,37,0,1332,1353,0,0,555
25,32,91,37,0,1332,1353,0,0,555
25,32,92,37,0,1332,1353,0,0,555
25,32,93,37,0,1332,1353,0,0,555
25,32,94,37,0,1332,1353,0,0,555
25,32,95,37,0,1332,1353,0,0,555
25,32,96,37,0,1332,1353,0,0,555
25,32,97,37,0,1332,1353,0,0,555
25,32,98,37,0,1332,1353,0,0,555
25,32,99,37,0,1332,1353,0,0,555
25,32,100,37,0,1332,1353,0,0,555
25,32,101,37,0,1332,1353,0,0,555
25,32,102,37,0,1332,1353,0,0,555
25,32,103,37,0,1332,1353,0,0,555
25,32,104,37,0,1332,1353,0,0,555
25,32,105,37,0,1332,1353,0,0,555
25,32,106,37,0,1332,1353,0,0,555
25,32,107,37,0,1332,1353,0,0,555
25,32,108,37,0,1332,1353,0,0,555
25,32,109,37,0,1332,1353,0,0,555
25,32,110,37,0,1332,1353,0,0,555
25,32,111,37,0,1332,1353,0,0,555
25,32,112,37,0,1332,1353,0,0,555
25,32,113,37,0,1332,1353,0,0,555
25,32,114,37,0,1332,1353,0,0,555
25,32,115,37,0,1332,1353,0,0,555
25,32,116,37,0,1332,1353,0,0,555
25,32,117,37,0,1332,1353,0,0,555
25,32,118,37,0,1332,1353,0,0,555
25,32,119,37,0,1332,1353,0,0,555
25,33,0,36,1,1307,1328,11,0,551
25,33,1,36,1,1318,1339,22,0,562
25,33,2,36,1,1329,1350,33,8,573
25,33,3,36,1,1320,1341,24,0,564
25,33,4,36,1,1308,1329,12,0,552
25,33,5,36,1,1308,1329,12,0,552
25,33,6,36,1,1308,1329,12,0,552
25,33,7,36,1,1320,1341,24,0,564
25,33,8,36,1,1308,1329,12,0,552
25,33,9,36,1,1308,1329,12,0,552
25,33,10,36,1,1308,1329,12,0,552
25,33,11,36,1,1314,1335,18,0,558
25,33,12,36,1,1296,1317,0,0,540
25,33,13,36,1,1308,1329,12,0,552
25,33,14,36,1,1296,1317,0,0,540
25,33,15,36,1,1296,1317,0,0,540
25,33,16,36,1,1321,1342,25,0,565
25,33,17,37,0,1332,1353,0,0,555
25,33,18,37,0,1332,1353,0,0,555
25,33,19,37,0,1332,1353,0,0,555
25,33,20,37,0,1332,1353,0,0,555
25,33,21,37,0,1332,1353,0,0,555
25,33,22,37,0,1332,1353,0,0,555
25,33,23,37,0,1332,1353,0,0,555
25,33,24,37,0,1332,1353,0,0,555
25,33,25,37,0,1332,1353,0,0,555
25,33,26,37,0,1332,1353,0,0,555
25,33,27,37,0,1332,1353,0,0,555
25,33,28,37,0,1332,1353,0,0,555
25,33,29,37,0,1332,1353,0,0,555
25,33,30,37,0,1332,1353,0,0,555
25,33,31,37,0,1332,1353,0,0,555
25,33,32,37,0,1332,1353,0,0,555
25,33,33,37,0,1332,1353,0,0,555
25,33,34,37,0,1332,1353,0,0,555
25,33,35,37,0,1332,1353,0,0,555
25,33,36,37,0,1332,1353,0,0,555
25,33,37,37,0,1332,1353,0,0,555
25,33,38,37,0,1332,1353,0,0,555
25,33,39,37,0,1332,1353,0,0,555
25,33,40,37,0,1332,1353,0,0,555
25,33,41,37,0,1332,1353,0,0,555
25,33,42,37,0,1332,1353,0,0,555
25,33,43,37,0,1332,1353,0,0,555
25,33,44,37,0,1332,1353,0,0,555
25,33,45,37,0,1332,1353,0,0,555
25,33,46,37,0,1332,1353,0,0,555
25,33,47,37,0,1332,1353,0,0,555
25,33,48,37,0,1332,1353,0,0,555
25,33,49,37,0,1332,1353,0,0,555
25,33,50,37,0,1332,1353,0,0,555
25,33,51,37,0,1332,1353,0,0,555
25,33,52,37,0,1332,1353,0,0,555
25,33,53,37,0,1332,1353,0,0,555
25,33,54,37,0,1332,1353,0,0,555
25,33,55,37,0,1332,1353,0,0,555
25,33,56,37,0,1332,1353,0,0,555
25,33,57,37,0,1332,1353,0,0,555
25,33,58,37,0,1332,1353,0,0,555
25,33,59,37,0,1332,1353,0,0,555
25,33,60,37,0,1332,1353,0,0,555
25,33,61,37,0,1332,1353,0,0,555
25,33,62,37,0,1332,1353,0,0,555
25,33,63,37,0,1332,1353,0,0,555
25,33,64,37,0,1332,1353,0,0,555
25,33,65,37,0,1332,1353,0,0,555
25,33,66,37,0,1332,1353,0,0,555
25,33,67,37,0,1332,1353,0,0,555
25,33,68,37,0,1332,1353,0,0,555
25,33,69,37,0,1332,1353,0,0,555
25,33,70,37,0,1332,1353,0,0,555
25,33,71,37,0,1332,1353,0,0,555
25,33,72,37,0,1332,1353,0,0,555
25,33,73,37,0,1332,1353,0,0,555
25,33,74,37,0,1332,1353,0,0,555
25,33,75,37,0,1332,1353,0,0,555
25,33,76,37,0,1332,1353,0,0,555
25,33,77,37,0,1332,1353,0,0,555
25,33,78,37,0,1332,1353,0,0,555
25,33,79,37,0,1332,1353,0,0,555
25,33,80,37,0,1332,1353,0,0,555
25,33,81,37,0,1332,1353,0,0,555
25,33,82,37,0,1332,1353,0,0,555
25,33,83,37,0,1332,1353,0,0,555
25,33,84,37,0,1332,1353,0,0,555
25,33,85,37,0,1332,1353,0,0,555
25,33,86,37,0,1332,1353,0,0,555
25,33,87,37,0,1332,1353,0,0,555
25,33,88,37,0,1332,1353,0,0,555
25,33,89,37,0,1332,1353,0,0,555
25,33,90,37,0,1332,1353,0,0,555
25,33,91,37,0,1332,1353,0,0,555
25,33,92,37,0,1332,1353,0,0,555
25,33,93,37,0,1332,1353,0,0,555
25,33,94,37,0,1332,1353,0,0,555
25,33,95,37,0,1332,1353,0,0,555
25,33,96,37,0,1332,1353,0,0,555
25,33,97,37,0,1332,1353,0,0,555
25,33,98,37,0,1332,1353,0,0,555
25,33,99,37,0,1332,1353,0,0,555
25,33,100,37,0,1332,1353,0,0,555
25,33,101,37,0,1332,1353,0,0,555
25,33,102,37,0,1332,1353,0,0,555
25,33,103,37,0,1332,1353,0,0,555
25,33,104,37,0,1332,1353,0,0,555
25,33,105,37,0,1332,1353,0,0,555
25,33,106,37,0,1332,1353,0,0,555
25,33,107,37,0,1332,1353,0,0,555
25,33,108,37,0,1332,1353,0,0,555
25,33,109,37,0,1332,1353,0,0,555
25,33,110,37,0,1332,1353,0,0,555
25,33,111,37,0,1332,1353,0,0,555
25,33,112,37,0,1332,1353,0,0,555
25,33,113,37,0,1332,1353,0,0,555
25,33,114,37,0,1332,1353,0,0,555
25,33,115,37,0,1332,1353,0,0,555
25,33,116,37,0,1332,1353,0,0,555
25,33,117,37,0,1332,1353,0,0,555
25,33,118,37,0,1332,1353,0,0,555
25,33,119,37,0,1332,1353,0,0,555
25,34,0,36,1,1307,1328,11,0,551
25,34,1,36,1,1318,1339,22,0,562
25,34,2,36,1,1329,1350,33,8,573
25,34,3,36,1,1320,1341,24,0,564
25,34,4,36,1,1308,1329,12,0,552
25,34,5,36,1,1308,1329,12,0,552
25,34,6,36,1,1308,1329,12,0,552
25,34,7,36,1,1320,1341,24,0,564
25,34,8,36,1,1308,1329,12,0,552
25,34,9,36,1,1308,1329,12,0,552
25,34,10,36,1,1308,1329,12,0,552
25,34,11,36,1,1314,1335,18,0,558
25,34,12,36,1,1296,1317,0,0,540
25,34,13,36,1,1308,1329,12,0,552
25,34,14,36,1,1296,1317,0,0,540
25,34,15,36,1,1296,1317,0,0,540
25,34,16,36,1,1321,1342,25,0,565
25,34,17,37,0,1332,1353,0,0,555
25,34,18,37,0,1332,1353,0,0,555
25,34,19,37,0,1332,1353,0,0,555
25,34,20,37,0,1332,1353,0,0,555
25,34,21,37,0,1332,1353,0,0,555
25,34,22,37,0,1332,1353,0,0,555
25,34,23,37,0,1332,1353,0,0,555
25,34,24,37,0,1332,1353,0,0,555
25,34,25,37,0,1332,1353,0,0,555
25,34,26,37,0,1332,1353,0,0,555
25,34,27,37,0,1332,1353,0,0,555
25,34,28,37,0,1332,1353,0,0,555
25,34,29,37,0,1332,1353,0,0,555
25,34,30,37,0,1332,1353,0,0,555
25,34,31,37,0,1332,1353,0,0,555
25,34,32,37,0,1332,1353,0,0,555
25,34,33,37,0,1332,1353,0,0,555
25,34,34,37,0,1332,1353,0,0,555
25,34,35,37,0,1332,1353,0,0,555
25,34,36,37,0,1332,1353,0,0,555
25,34,37,37,0,1332,1353,0,0,555
25,34,38,37,0,1332,1353,0,0,555
25,34,39,37,0,1332,1353,0,0,555
25,34,40,37,0,1332,1353,0,0,555
25,34,41,37,0,1332,1353,0,0,555
25,34,42,37,0,1332,1353,0,0,555
25,34,43,37,0,1332,1353,0,0,555
25,34,44,37,0,1332,1353,0,0,555
25,34,45,37,0,1332,1353,0,0,555
25,34,46,37,0,1332,1353,0,0,555
25,34,47,37,0,1332,1353,0,0,555
25,34,48,37,0,1332,1353,0,0,555
25,34,49,37,0,1332,1353,0,0,555
25,34,50,37,0,1332,1353,0,0,555
25,34,51,37,0,1332,1353,0,0,555
25,34,52,37,0,1332,1353,0,0,555
25,34,53,37,0,1332,1353,0,0,555
25,34,54,37,0,1332,1353,0,0,555
25,34,55,37,0,1332,1353,0,0,555
25,34,56,37,0,1332,1353,0,0,555
25,34,57,37,0,1332,1353,0,0,555
25,34,58,37,0,1332,1353,0,0,555
25,34,59,37,0,1332,1353,0,0,555
25,34,60,37,0,1332,1353,0,0,555
25,34,61,37,0,1332,1353,0,0,555
25,34,62,37,0,1332,1353,0,0,555
25,34,63,37,0,1332,1353,0,0,555
25,34,64,37,0,1332,1353,0,0,555
25,34,65,37,0,1332,1353,0,0,555
25,34,66,37,0,1332,1353,0,0,555
25,34,67,37,0,1332,1353,0,0,555
25,34,68,37,0,1332,1353,0,0,555
25,34,69,37,0,1332,1353,0,0,555
25,34,70,37,0,1332,1353,0,0,555
25,34,71,37,0,1332,1353,0,0,555
25,34,72,37,0,1332,1353,0,0,555
25,34,73,37,0,1332,1353,0,0,555
25,34,74,37,0,1332,1353,0,0,555
25,34,75,37,0,1332,1353,0,0,555
25,34,76,37,0,1332,1353,0,0,555
25,34,77,37,0,1332,1353,0,0,555
25,34,78,37,0,1332,1353,0,0,555
25,34,79,37,0,1332,1353,0,0,555
25,34,80,37,0,1332,1353,0,0,555
25,34,81,37,0,1332,1353,0,0,555
25,34,82,37,0,1332,1353,0,0,555
25,34,83,37,0,1332,1353,0,0,555
25,34,84,37,0,1332,1353,0,0,555
25,34,85,37,0,1332,1353,0,0,555
25,34,86,37,0,1332,1353,0,0,555
25,34,87,37,0,1332,1353,0,0,555
25,34,88,37,0,1332,1353,0,0,555
25,34,89,37,0,1332,1353,0,0,555
25,34,90,37,0,1332,1353,0,0,555
25,34,91,37,0,1332,1353,0,0,555
25,34,92,37,0,1332,1353,0,0,555
25,34,93,37,0,1332,1353,0,0,555
25,34,94,37,0,1332,1353,0,0,555
25,34,95,37,0,1332,1353,0,0,555
25,34,96,37,0,1332,1353,0,0,555
25,34,97,37,0,1332,1353,0,0,555
25,34,98,37,0,1332,1353,0,0,555
25,34,99,37,0,1332,1353,0,0,555
25,34,100,37,0,1332,1353,0,0,555
25,34,101,37,0,1332,1353,0,0,555
25,34,102,37,0,1332,1353,0,0,555
25,34,103,37,0,1332,1353,0,0,555
25,34,104,37,0,1332,1353,0,0,555
25,34,105,37,0,1332,1353,0,0,555
25,34,106,37,0,1332,1353,0,0,555
25,34,107,37,0,1332,1353,0,0,555
25,34,108,37,0,1332,1353,0,0,555
25,34,109,37,0,1332,1353,0,0,555
25,34,110,37,0,1332,1353,0,0,555
25,34,111,37,0,1332,1353,0,0,555
25,34,112,37,0,1332,1353,0,0,555
25,34,113,37,0,1332,1353,0,0,555
25,34,114,37,0,1332,1353,0,0,555
25,34,115,37,0,1332,1353,0,0,555
25,34,116,37,0,1332,1353,0,0,555
25,34,117,37,0,1332,1353,0,0,555
25,34,118,37,0,1332,1353,0,0,555
25,34,119,37,0,1332,1353,0,0,555
25,35,0,36,1,1307,1328,11,0,551
25,35,1,36,1,1318,1339,22,0,562
25,35,2,36,1,1329,1350,33,8,573
25,35,3,36,1,1320,1341,24,0,564
25,35,4,36,1,1308,1329,12,0,552
25,35,5,36,1,1308,1329,12,0,552
25,35,6,36,1,1308,1329,12,0,552
25,35,7,36,1,1320,1341,24,0,564
25,35,8,36,1,1308,1329,12,0,552
25,35,9,36,1,1308,1329,12,0,552
25,35,10,36,1,1308,1329,12,0,552
25,35,11,36,1,1314,1335,18,0,558
25,35,12,36,1,1296,1317,0,0,540
25,35,13,36,1,1308,1329,12,0,552
25,35,14,36,1,1296,1317,0,0,540
25,35,15,36,1,1296,1317,0,0,540
25,35,16,36,1,1321,1342,25,0,565
25,35,17,37,0,1332,1353,0,0,555
25,35,18,37,0,1332,1353,0,0,555
25,35,19,37,0,1332,1353,0,0,555
25,35,20,37,0,1332,1353,0,0,555
25,35,21,37,0,1332,1353,0,0,555
25,35,22,37,0,1332,1353,0,0,555
25,35,23,37,0,1332,1353,0,0,555
25,35,24,37,0,1332,1353,0,0,555
25,35,25,37,0,1332,1353,0,0,555
25,35,26,37,0,1332,1353,0,0,555
25,35,27,37,0,1332,1353,0,0,555
25,35,28,37,0,1332,1353,0,0,555
25,35,29,37,0,1332,1353,0,0,555
25,35,30,37,0,1332,1353,0,0,555
25,35,31,37,0,1332,1353,0,0,555
25,35,32,37,0,1332,1353,0,0,555
25,35,33,37,0,1332,1353,0,0,555
25,35,34,37,0,1332,1353,0,0,555
25,35,35,37,0,1332,1353,0,0,555
25,35,36,37,0,1332,1353,0,0,555
25,35,37,37,0,1332,1353,0,0,555
25,35,38,37,0,1332,1353,0,0,555
25,35,39,37,0,1332,1353,0,0,555
25,35,40,37,0,1332,1353,0,0,555
25,35,41,37,0,1332,1353,0,0,555
25,35,42,37,0,1332,1353,0,0,555
25,35,43,37,0,1332,1353,0,0,555
25,35,44,37,0,1332,1353,0,0,555
25,35,45,37,0,1332,1353,0,0,555
25,35,46,37,0,1332,1353,0,0,555
25,35,47,37,0,1332,1353,0,0,555
25,35,48,37,0,1332,1353,0,0,555
25,35,49,37,0,1332,1353,0,0,555
25,35,50,37,0,1332,1353,0,0,555
25,35,51,37,0,1332,1353,0,0,555
25,35,52,37,0,1332,1353,0,0,555
25,35,53,37,0,1332,1353,0,0,555
25,35,54,37,0,1332,1353,0,0,555
25,35,55,37,0,1332,1353,0,0,555
25,35,56,37,0,1332,1353,0,0,555
25,35,57,37,0,1332,1353,0,0,555
25,35,58,37,0,1332,1353,0,0,555
25,35,59,37,0,1332,1353,0,0,555
25,35,60,37,0,1332,1353,0,0,555
25,35,61,37,0,1332,1353,0,0,555
25,35,62,37,0,1332,1353,0,0,555
25,35,63,37,0,1332,1353,0,0,555
25,35,64,37,0,1332,1353,0,0,555
25,35,65,37,0,1332,1353,0,0,555
25,35,66,37,0,1332,1353,0,0,555
25,35,67,37,0,1332,1353,0,0,555
25,35,68,37,0,1332,1353,0,0,555
25,35,69,37,0,1332,1353,0,0,555
25,35,70,37,0,1332,1353,0,0,555
25,35,71,37,0,1332,1353,0,0,555
25,35,72,37,0,1332,1353,0,0,555
25,35,73,37,0,1332,1353,0,0,555
25,35,74,37,0,1332,1353,0,0,555
25,35,75,37,0,1332,1353,0,0,555
25,35,76,37,0,1332,1353,0,0,555
25,35,77,37,0,1332,1353,0,0,555
25,35,78,37,0,1332,1353,0,0,555
25,35,79,37,0,1332,1353,0,0,555
25,35,80,37,0,1332,1353,0,0,555
25,35,81,37,0,1332,1353,0,0,555
25,35,82,37,0,1332,1353,0,0,555
25,35,83,37,0,1332,1353,0,0,555
25,35,84,37,0,1332,1353,0,0,555
25,35,85,37,0,1332,1353,0,0,555
25,35,86,37,0,1332,1353,0,0,555
25,35,87,37,0,1332,1353,0,0,555
25,35,88,37,0,1332,1353,0,0,555
25,35,89,37,0,1332,1353,0,0,555
25,35,90,37,0,1332,1353,0,0,555
25,35,91,37,0,1332,1353,0,0,555
25,35,92,37,0,1332,1353,0,0,555
25,35,93,37,0,1332,1353,0,0,555
25,35,94,37,0,1332,1353,0,0,555
25,35,95,37,0,1332,1353,0,0,555
25,35,96,37,0,1332,1353,0,0,555
25,35,97,37,0,1332,1353,0,0,555
25,35,98,37,0,1332,1353,0,0,555
25,35,99,37,0,1332,1353,0,0,555
25,35,100,37,0,1332,1353,0,0,555
25,35,101,37,0,1332,1353,0,0,555
25,35,102,37,0,1332,1353,0,0,555
25,35,103,37,0,1332,1353,0,0,555
25,35,104,37,0,1332,1353,0,0,555
25,35,105,37,0,1332,1353,0,0,555
25,35,106,37,0,1332,1353,0,0,555
25,35,107,37,0,1332,1353,0,0,555
25,35,108,37,0,1332,1353,0,0,555
25,35,109,37,0,1332,1353,0,0,555
25,35,110,37,0,1332,1353,0,0,555
25,35,111,37,0,1332,1353,0,0,555
25,35,112,37,0,1332,1353,0,0,555
25,35,113,37,0,1332,1353,0,0,555
25,35,114,37,0,1332,1353,0,0,555
25,35,115,37,0,1332,1353,0,0,555
25,35,116,37,0,1332,1353,0,0,555
25,35,117,37,0,1332,1353,0,0,555
25,35,118,37,0,1332,1353,0,0,555
25,35,119,37,0,1332,1353,0,0,555
25,36,0,36,1,1307,1328,11,0,551
25,36,1,36,1,1318,1339,22,0,562
25,36,2,36,1,1329,1350,33,8,573
25,36,3,36,1,1320,1341,24,0,564
25,36,4,36,1,1308,1329,12,0,552
25,36,5,36,1,1308,1329,12,0,552
25,36,6,36,1,1308,1329,12,0,552
25,36,7,36,1,1320,1341,24,0,564
25,36,8,36,1,1308,1329,12,0,552
25,36,9,36,1,1308,1329,12,0,552
25,36,10,36,1,1308,1329,12,0,552
25,36,11,36,1,1314,1335,18,0,558
25,36,12,36,1,1296,1317,0,0,540
25,36,13,36,1,1308,1329,12,0,552
25,36,14,36,1,1296,1317,0,0,540
25,36,15,36,1,1296,1317,0,0,540
25,36,16,36,1,1321,1342,25,0,565
25,36,17,37,0,1332,1353,0,0,555
25,36,18,37,0,1332,1353,0,0,555
25,36,19,37,0,1332,1353,0,0,555
25,36,20,37,0,1332,1353,0,0,555
25,36,21,37,0,1332,1353,0,0,555
25,36,22,37,0,1332,1353,0,0,555
25,36,23,37,0,1332,1353,0,0,555
25,36,24,37,0,1332,1353,0,0,555
25,36,25,37,0,1332,1353,0,0,555
25,36,26,37,0,1332,1353,0,0,555
25,36,27,37,0,1332,1353,0,0,555
25,36,28,37,0,1332,1353,0,0,555
25,36,29,37,0,1332,1353,0,0,555
25,36,30,37,0,1332,1353,0,0,555
25,36,31,37,0,1332,1353,0,0,555
25,36,32,37,0,1332,1353,0,0,555
25,36,33,37,0,1332,1353,0,0,555
25,36,34,37,0,1332,1353,0,0,555
25,36,35,37,0,1332,1353,0,0,555
25,36,36,37,0,1332,1353,0,0,555
25,36,37,37,0,1332,1353,0,0,555
25,36,38,37,0,1332,1353,0,0,555
25,36,39,37,0,1332,1353,0,0,555
25,36,40,37,0,1332,1353,0,0,555
25,36,41,37,0,1332,1353,0,0,555
25,36,42,37,0,1332,1353,0,0,555
25,36,43,37,0,1332,1353,0,0,555
25,36,44,37,0,1332,1353,0,0,555
25,36,45,37,0,1332,1353,0,0,555
25,36,46,37,0,1332,1353,0,0,555
25,36,47,37,0,1332,1353,0,0,555
25,36,48,37,0,1332,1353,0,0,555
25,36,49,37,0,1332,1353,0,0,555
25,36,50,37,0,1332,1353,0,0,555
25,36,51,37,0,1332,1353,0,0,555
25,36,52,37,0,1332,1353,0,0,555
25,36,53,37,0,1332,1353,0,0,555
25,36,54,37,0,1332,1353,0,0,555
25,36,55,37,0,1332,1353,0,0,555
25,36,56,37,0,1332,1353,0,0,555
25,36,57,37,0,1332,1353,0,0,555
25,36,58,37,0,1332,1353,0,0,555
25,36,59,37,0,1332,1353,0,0,555
25,36,60,37,0,1332,1353,0,0,555
25,36,61,37,0,1332,1353,0,0,555
25,36,62,37,0,1332,1353,0,0,555
25,36,63,37,0,1332,1353,0,0,555
25,36,64,37,0,1332,1353,0,0,555
25,36,65,37,0,1332,1353,0,0,555
25,36,66,37,0,1332,1353,0,0,555
25,36,67,37,0,1332,1353,0,0,555
25,36,68,37,0,1332,1353,0,0,555
25,36,69,37,0,1332,1353,0,0,555
25,36,70,37,0,1332,1353,0,0,555
25,36,71,37,0,1332,1353,0,0,555
25,36,72,37,0,1332,1353,0,0,555
25,36,73,37,0,1332,1353,0,0,555
25,36,74,37,0,1332,1353,0,0,555
25,36,75,37,0,1332,1353,0,0,555
25,36,76,37,0,1332,1353,0,0,555
25,36,77,37,0,1332,1353,0,0,555
25,36,78,37,0,1332,1353,0,0,555
25,36,79,37,0,1332,1353,0,0,555
25,36,80,37,0,1332,1353,0,0,555
25,36,81,37,0,1332,1353,0,0,555
25,36,82,37,0,1332,1353,0,0,555
25,36,83,37,0,1332,1353,0,0,555
25,36,84,37,0,1332,1353,0,0,555
25,36,85,37,0,1332,1353,0,0,555
25,36,86,37,0,1332,1353,0,0,555
25,36,87,37,0,1332,1353,0,0,555
25,36,88,37,0,1332,1353,0,0,555
25,36,89,37,0,1332,1353,0,0,555
25,36,90,37,0,1332,1353,0,0,555
25,36,91,37,0,1332,1353,0,0,555
25,36,92,37,0,1332,1353,0,0,555
25,36,93,37,0,1332,1353,0,0,555
25,36,94,37,0,1332,1353,0,0,555
25,36,95,37,0,1332,1353,0,0,555
25,36,96,37,0,1332,1353,0,0,555
25,36,97,37,0,1332,1353,0,0,555
25,36,98,37,0,1332,1353,0,0,555
25,36,99,37,0,1332,1353,0,0,555
25,36,100,37,0,1332,1353,0,0,555
25,36,101,37,0,1332,1353,0,0,555
25,36,102,37,0,1332,1353,0,0,555
25,36,103,37,0,1332,1353,0,0,555
25,36,104,37,0,1332,1353,0,0,555
25,36,105,37,0,1332,1353,0,0,555
25,36,106,37,0,1332,1353,0,0,555
25,36,107,37,0,1332,1353,0,0,555
25,36,108,37,0,1332,1353,0,0,555
25,36,109,37,0,1332,1353,0,0,555
25,36,110,37,0,1332,1353,0,0,555
25,36,111,37,0,1332,1353,0,0,555
25,36,112,37,0,1332,1353,0,0,555
25,36,113,37,0,1332,1353,0,0,555
25,36,114,37,0,1332,1353,0,0,555
25,36,115,37,0,1332,1353,0,0,555
25,36,116,37,0,1332,1353,0,0,555
25,36,117,37,0,1332,1353,0,0,555
25,36,118,37,0,1332,1353,0,0,555
25,36,119,37,0,1332,1353,0,0,555
25,37,0,36,1,1307,1328,11,0,551
25,37,1,36,1,1318,1339,22,0,562
25,37,2,36,1,1329,1350,33,8,573
25,37,3,36,1,1320,1341,24,0,564
25,37,4,36,1,1308,1329,12,0,552
25,37,5,36,1,1308,1329,12,0,552
25,37,6,36,1,1308,1329,12,0,552
25,37,7,36,1,1320,1341,24,0,564
25,37,8,36,1,1308,1329,12,0,552
25,37,9,36,1,1308,1329,12,0,552
25,37,10,36,1,1308,1329,12,0,552
25,37,11,36,1,1314,1335,18,0,558
25,37,12,36,1,1296,1317,0,0,540
25,37,13,36,1,1308,1329,12,0,552
25,37,14,36,1,1296,1317,0,0,540
25,37,15,36,1,1296,1317,0,0,540
25,37,16,36,1,1321,1342,25,0,565
25,37,17,37,0,1332,1353,0,0,555
25,37,18,37,0,1332,1353,0,0,555
25,37,19,37,0,1332,1353,0,0,555
25,37,20,37,0,1332,1353,0,0,555
25,37,21,37,0,1332,1353,0,0,555
25,37,22,37,0,1332,1353,0,0,555
25,37,23,37,0,1332,1353,0,0,555
25,37,24,37,0,1332,1353,0,0,555
25,37,25,37,0,1332,1353,0,0,555
25,37,26,37,0,1332,1353,0,0,555
25,37,27,37,0,1332,1353,0,0,555
25,37,28,37,0,1332,1353,0,0,555
25,37,29,37,0,1332,1353,0,0,555
25,37,30,37,0,1332,1353,0,0,555
25,37,31,37,0,1332,1353,0,0,555
25,37,32,37,0,1332,1353,0,0,555
25,37,33,37,0,1332,1353,0,0,555
25,37,34,37,0,1332,1353,0,0,555
25,37,35,37,0,1332,1353,0,0,555
25,37,36,37,0,1332,1353,0,0,555
25,37,37,37,0,1332,1353,0,0,555
25,37,38,37,0,1332,1353,0,0,555
25,37,39,37,0,1332,1353,0,0,555
25,37,40,37,0,1332,1353,0,0,555
25,37,41,37,0,1332,1353,0,0,555
25,37,42,37,0,1332,1353,0,0,555
25,37,43,37,0,1332,1353,0,0,555
25,37,44,37,0,1332,1353,0,0,555
25,37,45,37,0,1332,1353,0,0,555
25,37,46,37,0,1332,1353,0,0,555
25,37,47,37,0,1332,1353,0,0,555
25,37,48,37,0,1332,1353,0,0,555
25,37,49,37,0,1332,1353,0,0,555
25,37,50,37,0,1332,1353,0,0,555
25,37,51,37,0,1332,1353,0,0,555
25,37,52,37,0,1332,1353,0,0,555
25,37,53,37,0,1332,1353,0,0,555
25,37,54,37,0,1332,1353,0,0,555
25,37,55,37,0,1332,1353,0,0,555
25,37,56,37,0,1332,1353,0,0,555
25,37,57,37,0,1332,1353,0,0,555
25,37,58,37,0,1332,1353,0,0,555
25,37,59,37,0,1332,1353,0,0,555
25,37,60,37,0,1332,1353,0,0,555
25,37,61,37,0,1332,1353,0,0,555
25,37,62,37,0,1332,1353,0,0,555
25,37,63,37,0,1332,1353,0,0,555
25,37,64,37,0,1332,1353,0,0,555
25,37,65,37,0,1332,1353,0,0,555
25,37,66,37,0,1332,1353,0,0,555
25,37,67,37,0,1332,1353,0,0,555
25,37,68,37,0,1332,1353,0,0,555
25,37,69,37,0,1332,1353,0,0,555
25,37,70,37,0,1332,1353,0,0,555
25,37,71,37,0,1332,1353,0,0,555
25,37,72,37,0,1332,1353,0,0,555
25,37,73,37,0,1332,1353,0,0,555
25,37,74,37,0,1332,1353,0,0,555
25,37,75,37,0,1332,1353,0,0,555
25,37,76,37,0,1332,1353,0,0,555
25,37,77,37,0,1332,1353,0,0,555
25,37,78,37,0,1332,1353,0,0,555
25,37,79,37,0,1332,1353,0,0,555
25,37,80,37,0,1332,1353,0,0,555
25,37,81,37,0,1332,1353,0,0,555
25,37,82,37,0,1332,1353,0,0,555
25,37,83,37,0,1332,1353,0,0,555
25,37,84,37,0,1332,1353,0,0,555
25,37,85,37,0,1332,1353,0,0,555
25,37,86,37,0,1332,1353,0,0,555
25,37,87,37,0,1332,1353,0,0,555
25,37,88,37,0,1332,1353,0,0,555
25,37,89,37,0,1332,1353,0,0,555
25,37,90,37,0,1332,1353,0,0,555
25,37,91,37,0,1332,1353,0,0,555
25,37,92,37,0,1332,1353,0,0,555
25,37,93,37,0,1332,1353,0,0,555
25,37,94,37,0,1332,1353,0,0,555
25,37,95,37,0,1332,1353,0,0,555
25,37,96,37,0,1332,1353,0,0,555
25,37,97,37,0,1332,1353,0,0,555
25,37,98,37,0,1332,1353,0,0,555
25,37,99,37,0,1332,1353,0,0,555
25,37,100,37,0,1332,1353,0,0,555
25,37,101,37,0,1332,1353,0,0,555
25,37,102,37,0,1332,1353,0,0,555
25,37,103,37,0,1332,1353,0,0,555
25,37,104,37,0,1332,1353,0,0,555
25,37,105,37,0,1332,1353,0,0,555
25,37,106,37,0,1332,1353,0,0,555
25,37,107,37,0,1332,1353,0,0,555
25,37,108,37,0,1332,1353,0,0,555
25,37,109,37,0,1332,1353,0,0,555
25,37,110,37,0,1332,1353,0,0,555
25,37,111,37,0,1332,1353,0,0,555
25,37,112,37,0,1332,1353,0,0,555
25,37,113,37,0,1332,1353,0,0,555
25,37,114,37,0,1332,1353,0,0,555
25,37,115,37,0,1332,1353,0,0,555
25,37,116,37,0,1332,1353,0,0,555
25,37,117,37,0,1332,1353,0,0,555
25,37,118,37,0,1332,1353,0,0,555
25,37,119,37,0,1332,1353,0,0,555
25,38,0,36,1,1307,1328,11,0,551
25,38,1,36,1,1318,1339,22,0,562
25,38,2,36,1,1329,1350,33,8,573
25,38,3,36,1,1320,1341,24,0,564
25,38,4,36,1,1308,1329,12,0,552
25,38,5,36,1,1308,1329,12,0,552
25,38,6,36,1,1308,1329,12,0,552
25,38,7,36,1,1320,1341,24,0,564
25,38,8,36,1,1308,1329,12,0,552
25,38,9,36,1,1308,1329,12,0,552
25,38,10,36,1,1308,1329,12,0,552
25,38,11,36,1,1314,1335,18,0,558
25,38,12,36,1,1296,1317,0,0,540
25,38,13,36,1,1308,1329,12,0,552
25,38,14,36,1,1296,1317,0,0,540
25,38,15,36,1,1296,1317,0,0,540
25,38,16,36,1,1321,1342,25,0,565
25,38,17,37,0,1332,1353,0,0,555
25,38,18,37,0,1332,1353,0,0,555
25,38,19,37,0,1332,1353,0,0,555
25,38,20,37,0,1332,1353,0,0,555
25,38,21,37,0,1332,1353,0,0,555
25,38,22,37,0,1332,1353,0,0,555
25,38,23,37,0,1332,1353,0,0,555
25,38,24,37,0,1332,1353,0,0,555
25,38,25,37,0,1332,1353,0,0,555
25,38,26,37,0,1332,1353,0,0,555
25,38,27,37,0,1332,1353,0,0,555
25,38,28,37,0,1332,1353,0,0,555
25,38,29,37,0,1332,1353,0,0,555
25,38,30,37,0,1332,1353,0,0,555
25,38,31,37,0,1332,1353,0,0,555
25,38,32,37,0,1332,1353,0,0,555
25,38,33,37,0,1332,1353,0,0,555
25,38,34,37,0,1332,1353,0,0,555
25,38,35,37,0,1332,1353,0,0,555
25,38,36,37,0,1332,1353,0,0,555
25,38,37,37,0,1332,1353,0,0,555
25,38,38,37,0,1332,1353,0,0,555
25,38,39,37,0,1332,1353,0,0,555
25,38,40,37,0,1332,1353,0,0,555
25,38,41,37,0,1332,1353,0,0,555
25,38,42,37,0,1332,1353,0,0,555
25,38,43,37,0,1332,1353,0,0,555
25,38,44,37,0,1332,1353,0,0,555
25,38,45,37,0,1332,1353,0,0,555
25,38,46,37,0,1332,1353,0,0,555
25,38,47,37,0,1332,1353,0,0,555
25,38,48,37,0,1332,1353,0,0,555
25,38,49,37,0,1332,1353,0,0,555
25,38,50,37,0,1332,1353,0,0,555
25,38,51,37,0,1332,1353,0,0,555
25,38,52,37,0,1332,1353,0,0,555
25,38,53,37,0,1332,1353,0,0,555
25,38,54,37,0,1332,1353,0,0,555
25,38,55,37,0,1332,1353,0,0,555
25,38,56,37,0,1332,1353,0,0,555
25,38,57,37,0,1332,1353,0,0,555
25,38,58,37,0,1332,1353,0,0,555
25,38,59,37,0,1332,1353,0,0,555
25,38,60,37,0,1332,1353,0,0,555
25,38,61,37,0,1332,1353,0,0,555
25,38,62,37,0,1332,1353,0,0,555
25,38,63,37,0,1332,1353,0,0,555
25,38,64,37,0,1332,1353,0,0,555
25,38,65,37,0,1332,1353,0,0,555
25,38,66,37,0,1332,1353,0,0,555
25,38,67,37,0,1332,1353,0,0,555
25,38,68,37,0,1332,1353,0,0,555
25,38,69,37,0,1332,1353,0,0,555
25,38,70,37,0,1332,1353,0,0,555
25,38,71,37,0,1332,1353,0,0,555
25,38,72,37,0,1332,1353,0,0,555
25,38,73,37,0,1332,1353,0,0,555
25,38,74,37,0,1332,1353,0,0,555
25,38,75,37,0,1332,1353,0,0,555
25,38,76,37,0,1332,1353,0,0,555
25,38,77,37,0,1332,1353,0,0,555
25,38,78,37,0,1332,1353,0,0,555
25,38,79,37,0,1332,1353,0,0,555
25,38,80,37,0,1332,1353,0,0,555
25,38,81,37,0,1332,1353,0,0,555
25,38,82,37,0,1332,1353,0,0,555
25,38,83,37,0,1332,1353,0,0,555
25,38,84,37,0,1332,1353,0,0,555
25,38,85,37,0,1332,1353,0,0,555
25,38,86,37,0,1332,1353,0,0,555
25,38,87,37,0,1332,1353,0,0,555
25,38,88,37,0,1332,1353,0,0,555
25,38,89,37,0,1332,1353,0,0,555
25,38,90,37,0,1332,1353,0,0,555
25,38,91,37,0,1332,1353,0,0,555
25,38,92,37,0,1332,1353,0,0,555
25,38,93,37,0,1332,1353,0,0,555
25,38,94,37,0,1332,1353,0,0,555
25,38,95,37,0,1332,1353,0,0,555
25,38,96,37,0,1332,1353,0,0,555
25,38,97,37,0,1332,1353,0,0,555
25,38,98,37,0,1332,1353,0,0,555
25,38,99,37,0,1332,1353,0,0,555
25,38,100,37,0,1332,1353,0,0,555
25,38,101,37,0,1332,1353,0,0,555
25,38,102,37,0,1332,1353,0,0,555
25,38,103,37,0,1332,1353,0,0,555
25,38,104,37,0,1332,1353,0,0,555
25,38,105,37,0,1332,1353,0,0,555
25,38,106,37,0,1332,1353,0,0,555
25,38,107,37,0,1332,1353,0,0,555
25,38,108,37,0,1332,1353,0,0,555
25,38,109,37,0,1332,1353,0,0,555
25,38,110,37,0,1332,1353,0,0,555
25,38,111,37,0,1332,1353,0,0,555
25,38,112,37,0,1332,1353,0,0,555
25,38,113,37,0,1332,1353,0,0,555
25,38,114,37,0,1332,1353,0,0,555
25,38,115,37,0,1332,1353,0,0,555
25,38,116,37,0,1332,1353,0,0,555
25,38,117,37,0,1332,1353,0,0,555
25,38,118,37,0,1332,1353,0,0,555
25,38,119,37,0,1332,1353,0,0,555
25,39,0,36,1,1307,1328,11,0,551
25,39,1,36,1,1318,1339,22,0,562
25,39,2,36,1,1329,1350,33,8,573
25,39,3,36,1,1320,1341,24,0,564
25,39,4,36,1,1308,1329,12,0,552
25,39,5,36,1,1308,1329,12,0,552
25,39,6,36,1,1308,1329,12,0,552
25,39,7,36,1,1320,1341,24,0,564
25,39,8,36,1,1308,1329,12,0,552
25,39,9,36,1,1308,1329,12,0,552
25,39,10,36,1,1308,1329,12,0,552
25,39,11,36,1,1314,1335,18,0,558
25,39,12,36,1,1296,1317,0,0,540
25,39,13,36,1,1308,1329,12,0,552
25,39,14,36,1,1296,1317,0,0,540
25,39,15,36,1,1296,1317,0,0,540
25,39,16,36,1,1321,1342,25,0,565
25,39,17,37,0,1332,1353,0,0,555
25,39,18,37,0,1332,1353,0,0,555
25,39,19,37,0,1332,1353,0,0,555
25,39,20,37,0,1332,1353,0,0,555
25,39,21,37,0,1332,1353,0,0,555
25,39,22,37,0,1332,1353,0,0,555
25,39,23,37,0,1332,1353,0,0,555
25,39,24,37,0,1332,1353,0,0,555
25,39,25,37,0,1332,1353,0,0,555
25,39,26,37,0,1332,1353,0,0,555
25,39,27,37,0,1332,1353,0,0,555
25,39,28,37,0,1332,1353,0,0,555
25,39,29,37,0,1332,1353,0,0,555
25,39,30,37,0,1332,1353,0,0,555
25,39,31,37,0,1332,1353,0,0,555
25,39,32,37,0,1332,1353,0,0,555
25,39,33,37,0,1332,1353,0,0,555
25,39,34,37,0,1332,1353,0,0,555
25,39,35,37,0,1332,1353,0,0,555
25,39,36,37,0,1332,1353,0,0,555
25,39,37,37,0,1332,1353,0,0,555
25,39,38,37,0,1332,1353,0,0,555
25,39,39,37,0,1332,1353,0,0,555
25,39,40,37,0,1332,1353,0,0,555
25,39,41,37,0,1332,1353,0,0,555
25,39,42,37,0,1332,1353,0,0,555
25,39,43,37,0,1332,1353,0,0,555
25,39,44,37,0,1332,1353,0,0,555
25,39,45,37,0,1332,1353,0,0,555
25,39,46,37,0,1332,1353,0,0,555
25,39,47,37,0,1332,1353,0,0,555
25,39,48,37,0,1332,1353,0,0,555
25,39,49,37,0,1332,1353,0,0,555
25,39,50,37,0,1332,1353,0,0,555
25,39,51,37,0,1332,1353,0,0,555
25,39,52,37,0,1332,1353,0,0,555
25,39,53,37,0,1332,1353,0,0,555
25,39,54,37,0,1332,1353,0,0,555
25,39,55,37,0,1332,1353,0,0,555
25,39,56,37,0,1332,1353,0,0,555
25,39,57,37,0,1332,1353,0,0,555
25,39,58,37,0,1332,1353,0,0,555
25,39,59,37,0,1332,1353,0,0,555
25,39,60,37,0,1332,1353,0,0,555
25,39,61,37,0,1332,1353,0,0,555
25,39,62,37,0,1332,1353,0,0,555
25,39,63,37,0,1332,1353,0,0,555
25,39,64,37,0,1332,1353,0,0,555
25,39,65,37,0,1332,1353,0,0,555
25,39,66,37,0,1332,1353,0,0,555
25,39,67,37,0,1332,1353,0,0,555
25,39,68,37,0,1332,1353,0,0,555
25,39,69,37,0,1332,1353,0,0,555
25,39,70,37,0,1332,1353,0,0,555
25,39,71,37,0,1332,1353,0,0,555
25,39,72,37,0,1332,1353,0,0,555
25,39,73,37,0,1332,1353,0,0,555
25,39,74,37,0,1332,1353,0,0,555
25,39,75,37,0,1332,1353,0,0,555
25,39,76,37,0,1332,1353,0,0,555
25,39,77,37,0,1332,1353,0,0,555
25,39,78,37,0,1332,1353,0,0,555
25,39,79,37,0,1332,1353,0,0,555
25,39,80,37,0,1332,1353,0,0,555
25,39,81,37,0,1332,1353,0,0,555
25,39,82,37,0,1332,1353,0,0,555
25,39,83,37,0,1332,1353,0,0,555
25,39,84,37,0,1332,1353,0,0,555
25,39,85,37,0,1332,1353,0,0,555
25,39,86,37,0,1332,1353,0,0,555
25,39,87,37,0,1332,1353,0,0,555
25,39,88,37,0,1332,1353,0,0,555
25,39,89,37,0,1332,1353,0,0,555
25,39,90,37,0,1332,1353,0,0,555
25,39,91,37,0,1332,1353,0,0,555
25,39,92,37,0,1332,1353,0,0,555
25,39,93,37,0,1332,1353,0,0,555
25,39,94,37,0,1332,1353,0,0,555
25,39,95,37,0,1332,1353,0,0,555
25,39,96,37,0,1332,1353,0,0,555
25,39,97,37,0,1332,1353,0,0,555
25,39,98,37,0,1332,1353,0,0,555
25,39,99,37,0,1332,1353,0,0,555
25,39,100,37,0,1332,1353,0,0,555
25,39,101,37,0,1332,1353,0,0,555
25,39,102,37,0,1332,1353,0,0,555
25,39,103,37,0,1332,1353,0,0,555
25,39,104,37,0,1332,1353,0,0,555
25,39,105,37,0,1332,1353,0,0,555
25,39,106,37,0,1332,1353,0,0,555
25,39,107,37,0,1332,1353,0,0,555
25,39,108,37,0,1332,1353,0,0,555
25,39,109,37,0,1332,1353,0,0,555
25,39,110,37,0,1332,1353,0,0,555
25,39,111,37,0,1332,1353,0,0,555
25,39,112,37,0,1332,1353,0,0,555
25,39,113,37,0,1332,1353,0,0,555
25,39,114,37,0,1332,1353,0,0,555
25,39,115,37,0,1332,1353,0,0,555
25,39,116,37,0,1332,1353,0,0,555
25,39,117,37,0,1332,1353,0,0,555
25,39,118,37,0,1332,1353,0,0,555
25,39,119,37,0,1332,1353,0,0,555
25,40,0,36,1,1307,1328,11,0,551
25,40,1,36,1,1318,1339,22,0,562
25,40,2,36,1,1329,1350,33,8,573
25,40,3,36,1,1320,1341,24,0,564
25,40,4,36,1,1308,1329,12,0,552
25,40,5,36,1,1308,1329,12,0,552
25,40,6,36,1,1308,1329,12,0,552
25,40,7,36,1,1320,1341,24,0,564
25,40,8,36,1,1308,1329,12,0,552
25,40,9,36,1,1308,1329,12,0,552
25,40,10,36,1,1308,1329,12,0,552
25,40,11,36,1,1314,1335,18,0,558
25,40,12,36,1,1296,1317,0,0,540
25,40,13,36,1,1308,1329,12,0,552
25,40,14,36,1,1296,1317,0,0,540
25,40,15,36,1,1296,1317,0,0,540
25,40,16,36,1,1321,1342,25,0,565
25,40,17,37,0,1332,1353,0,0,555
25,40,18,37,0,1332,1353,0,0,555
25,40,19,37,0,1332,1353,0,0,555
25,40,20,37,0,1332,1353,0,0,555
25,40,21,37,0,1332,1353,0,0,555
25,40,22,37,0,1332,1353,0,0,555
25,40,23,37,0,1332,1353,0,0,555
25,40,24,37,0,1332,1353,0,0,555
25,40,25,37,0,1332,1353,0,0,555
25,40,26,37,0,1332,1353,0,0,555
25,40,27,37,0,1332,1353,0,0,555
25,40,28,37,0,1332,1353,0,0,555
25,40,29,37,0,1332,1353,0,0,555
25,40,30,37,0,1332,1353,0,0,555
25,40,31,37,0,1332,1353,0,0,555
25,40,32,37,0,1332,1353,0,0,555
25,40,33,37,0,1332,1353,0,0,555
25,40,34,37,0,1332,1353,0,0,555
25,40,35,37,0,1332,1353,0,0,555
25,40,36,37,0,1332,1353,0,0,555
25,40,37,37,0,1332,1353,0,0,555
25,40,38,37,0,1332,1353,0,0,555
25,40,39,37,0,1332,1353,0,0,555
25,40,40,37,0,1332,1353,0,0,555
25,40,41,37,0,1332,1353,0,0,555
25,40,42,37,0,1332,1353,0,0,555
25,40,43,37,0,1332,1353,0,0,555
25,40,44,37,0,1332,1353,0,0,555
25,40,45,37,0,1332,1353,0,0,555
25,40,46,37,0,1332,1353,0,0,555
25,40,47,37,0,1332,1353,0,0,555
25,40,48,37,0,1332,1353,0,0,555
25,40,49,37,0,1332,1353,0,0,555
25,40,50,37,0,1332,1353,0,0,555
25,40,51,37,0,1332,1353,0,0,555
25,40,52,37,0,1332,1353,0,0,555
25,40,53,37,0,1332,1353,0,0,555
25,40,54,37,0,1332,1353,0,0,555
25,40,55,37,0,1332,1353,0,0,555
25,40,56,37,0,1332,1353,0,0,555
25,40,57,37,0,1332,1353,0,0,555
25,40,58,37,0,1332,1353,0,0,555
25,40,59,37,0,1332,1353,0,0,555
25,40,60,37,0,1332,1353,0,0,555
25,40,61,37,0,1332,1353,0,0,555
25,40,62,37,0,1332,1353,0,0,555
25,40,63,37,0,1332,1353,0,0,555
25,40,64,37,0,1332,1353,0,0,555
25,40,65,37,0,1332,1353,0,0,555
25,40,66,37,0,1332,1353,0,0,555
25,40,67,37,0,1332,1353,0,0,555
25,40,68,37,0,1332,1353,0,0,555
25,40,69,37,0,1332,1353,0,0,555
25,40,70,37,0,1332,1353,0,0,555
25,40,71,37,0,1332,1353,0,0,555
25,40,72,37,0,1332,1353,0,0,555
25,40,73,37,0,1332,1353,0,0,555
25,40,74,37,0,1332,1353,0,0,555
25,40,75,37,0,1332,1353,0,0,555
25,40,76,37,0,1332,1353,0,0,555
25,40,77,37,0,1332,1353,0,0,555
25,40,78,37,0,1332,1353,0,0,555
25,40,79,37,0,1332,1353,0,0,555
25,40,80,37,0,1332,1353,0,0,555
25,40,81,37,0,1332,1353,0,0,555
25,40,82,37,0,1332,1353,0,0,555
25,40,83,37,0,1332,1353,0,0,555
25,40,84,37,0,1332,1353,0,0,555
25,40,85,37,0,1332,1353,0,0,555
25,40,86,37,0,1332,1353,0,0,555
25,40,87,37,0,1332,1353,0,0,555
25,40,88,37,0,1332,1353,0,0,555
25,40,89,37,0,1332,1353,0,0,555
25,40,90,37,0,1332,1353,0,0,555
25,40,91,37,0,1332,1353,0,0,555
25,40,92,37,0,1332,1353,0,0,555
25,40,93,37,0,1332,1353,0,0,555
25,40,94,37,0,1332,1353,0,0,555
25,40,95,37,0,1332,1353,0,0,555
25,40,96,37,0,1332,1353,0,0,555
25,40,97,37,0,1332,1353,0,0,555
25,40,98,37,0,1332,1353,0,0,555
25,40,99,37,0,1332,1353,0,0,555
25,40,100,37,0,1332,1353,0,0,555
25,40,101,37,0,1332,1353,0,0,555
25,40,102,37,0,1332,1353,0,0,555
25,40,103,37,0,1332,1353,0,0,555
25,40,104,37,0,1332,1353,0,0,555
25,40,105,37,0,1332,1353,0,0,555
25,40,106,37,0,1332,1353,0,0,555
25,40,107,37,0,1332,1353,0,0,555
25,40,108,37,0,1332,1353,0,0,555
25,40,109,37,0,1332,1353,0,0,555
25,40,110,37,0,1332,1353,0,0,555
25,40,111,37,0,1332,1353,0,0,555
25,40,112,37,0,1332,1353,0,0,555
25,40,113,37,0,1332,1353,0,0,555
25,40,114,37,0,1332,1353,0,0,555
25,40,115,37,0,1332,1353,0,0,555
25,40,116,37,0,1332,1353,0,0,555
25,40,117,37,0,1332,1353,0,0,555
25,40,118,37,0,1332,1353,0,0,555
25,40,119,37,0,1332,1353,0,0,555
