timeline,q,cap,K,period,pattern,victim,max_elapsed,argmax_session,c_actual,within_cap,violation_gt40
model,7,0,2,1,none,,33,0,230,1,0
model,7,0,2,2,none,,33,0,230,1,0
model,7,0,2,3,none,,33,0,230,1,0
model,7,0,2,5,none,,33,0,230,1,0
model,7,0,3,1,none,,34,2,230,1,0
model,7,0,3,2,none,,34,2,230,1,0
model,7,0,3,3,none,,34,1,230,1,0
model,7,0,3,5,none,,34,1,230,1,0
model,7,0,4,1,none,,34,0,230,1,0
model,7,0,4,2,none,,34,2,230,1,0
model,7,0,4,3,none,,34,1,230,1,0
model,7,0,4,5,none,,34,0,230,1,0
model,7,0,5,1,none,,34,1,230,1,0
model,7,0,5,2,none,,34,1,230,1,0
model,7,0,5,3,none,,34,2,230,1,0
model,7,0,5,5,none,,34,0,230,1,0
model,7,0,6,1,none,,34,0,230,1,0
model,7,0,6,2,none,,35,5,230,1,0
model,7,0,6,3,none,,34,0,230,1,0
model,7,0,6,5,none,,34,0,230,1,0
model,7,0,7,1,none,,34,0,230,1,0
model,7,0,7,2,none,,35,6,230,1,0
model,7,0,7,3,none,,35,3,230,1,0
model,7,0,7,5,none,,34,0,230,1,0
model,7,0,8,1,none,,35,7,230,1,0
model,7,0,8,2,none,,35,6,230,1,0
model,7,0,8,3,none,,35,0,230,1,0
model,7,0,8,5,none,,34,0,230,1,0
model,7,0,9,1,none,,34,1,230,1,0
model,7,0,9,2,none,,35,6,230,1,0
model,7,0,9,3,none,,35,5,230,1,0
model,7,0,9,5,none,,34,0,230,1,0
model,7,0,10,1,none,,34,1,230,1,0
model,7,0,10,2,none,,35,6,230,1,0
model,7,0,10,3,none,,35,6,230,1,0
model,7,0,10,5,none,,34,0,230,1,0
model,7,0,11,1,none,,35,1,230,1,0
model,7,0,11,2,none,,35,3,230,1,0
model,7,0,11,3,none,,35,0,230,1,0
model,7,0,11,5,none,,34,0,230,1,0
model,7,0,12,1,none,,35,5,230,1,0
model,7,0,12,2,none,,35,5,230,1,0
model,7,0,12,3,none,,35,0,230,1,0
model,7,0,12,5,none,,34,0,230,1,0
model,7,0,13,1,none,,36,12,230,1,0
model,7,0,13,2,none,,35,6,230,1,0
model,7,0,13,3,none,,35,0,230,1,0
model,7,0,13,5,none,,34,0,230,1,0
model,7,0,14,1,none,,35,4,230,1,0
model,7,0,14,2,none,,35,7,230,1,0
model,7,0,14,3,none,,35,0,230,1,0
model,7,0,14,5,none,,34,0,230,1,0
model,7,0,15,1,none,,36,14,230,1,0
model,7,0,15,2,none,,35,8,230,1,0
model,7,0,15,3,none,,35,0,230,1,0
model,7,0,15,5,none,,34,0,230,1,0
model,7,0,16,1,none,,35,2,230,1,0
model,7,0,16,2,none,,35,9,230,1,0
model,7,0,16,3,none,,35,0,230,1,0
model,7,0,16,5,none,,34,0,230,1,0
model,7,0,17,1,none,,35,2,230,1,0
model,7,0,17,2,none,,35,13,230,1,0
model,7,0,17,3,none,,35,0,230,1,0
model,7,0,17,5,none,,34,0,230,1,0
model,7,0,18,1,none,,35,2,230,1,0
model,7,0,18,2,none,,35,16,230,1,0
model,7,0,18,3,none,,35,0,230,1,0
model,7,0,18,5,none,,34,0,230,1,0
model,7,0,19,1,none,,35,2,230,1,0
model,7,0,19,2,none,,35,4,230,1,0
model,7,0,19,3,none,,35,0,230,1,0
model,7,0,19,5,none,,34,0,230,1,0
model,7,0,20,1,none,,35,2,230,1,0
model,7,0,20,2,none,,35,4,230,1,0
model,7,0,20,3,none,,35,0,230,1,0
model,7,0,20,5,none,,34,0,230,1,0
model,7,0,21,1,none,,35,7,230,1,0
model,7,0,21,2,none,,35,4,230,1,0
model,7,0,21,3,none,,35,0,230,1,0
model,7,0,21,5,none,,34,0,230,1,0
model,7,0,22,1,none,,35,2,230,1,0
model,7,0,22,2,none,,35,4,230,1,0
model,7,0,22,3,none,,35,0,230,1,0
model,7,0,22,5,none,,34,0,230,1,0
model,7,0,23,1,none,,35,2,230,1,0
model,7,0,23,2,none,,35,4,230,1,0
model,7,0,23,3,none,,35,0,230,1,0
model,7,0,23,5,none,,34,0,230,1,0
model,7,0,24,1,none,,36,23,230,1,0
model,7,0,24,2,none,,35,4,230,1,0
model,7,0,24,3,none,,35,0,230,1,0
model,7,0,24,5,none,,34,0,230,1,0
model,7,0,25,1,none,,35,2,230,1,0
model,7,0,25,2,none,,35,4,230,1,0
model,7,0,25,3,none,,35,0,230,1,0
model,7,0,25,5,none,,34,0,230,1,0
model,7,0,26,1,none,,35,2,230,1,0
model,7,0,26,2,none,,35,4,230,1,0
model,7,0,26,3,none,,35,0,230,1,0
model,7,0,26,5,none,,34,0,230,1,0
model,7,0,27,1,none,,35,2,230,1,0
model,7,0,27,2,none,,35,4,230,1,0
model,7,0,27,3,none,,35,0,230,1,0
model,7,0,27,5,none,,34,0,230,1,0
model,7,0,28,1,none,,36,27,230,1,0
model,7,0,28,2,none,,35,4,230,1,0
model,7,0,28,3,none,,35,0,230,1,0
model,7,0,28,5,none,,34,0,230,1,0
model,7,0,29,1,none,,38,28,230,1,0
model,7,0,29,2,none,,35,4,230,1,0
model,7,0,29,3,none,,35,0,230,1,0
model,7,0,29,5,none,,34,0,230,1,0
model,7,0,30,1,none,,36,29,230,1,0
model,7,0,30,2,none,,35,4,230,1,0
model,7,0,30,3,none,,35,0,230,1,0
model,7,0,30,5,none,,34,0,230,1,0
model,7,0,31,1,none,,35,2,230,1,0
model,7,0,31,2,none,,35,4,230,1,0
model,7,0,31,3,none,,35,0,230,1,0
model,7,0,31,5,none,,34,0,230,1,0
model,7,0,32,1,none,,35,5,230,1,0
model,7,0,32,2,none,,35,4,230,1,0
model,7,0,32,3,none,,35,0,230,1,0
model,7,0,32,5,none,,34,0,230,1,0
model,7,0,33,1,none,,35,5,230,1,0
model,7,0,33,2,none,,35,4,230,1,0
model,7,0,33,3,none,,35,0,230,1,0
model,7,0,33,5,none,,34,0,230,1,0
model,7,0,34,1,none,,35,5,230,1,0
model,7,0,34,2,none,,35,4,230,1,0
model,7,0,34,3,none,,35,0,230,1,0
model,7,0,34,5,none,,34,0,230,1,0
model,7,0,35,1,none,,36,34,230,1,0
model,7,0,35,2,none,,35,4,230,1,0
model,7,0,35,3,none,,35,0,230,1,0
model,7,0,35,5,none,,34,0,230,1,0
model,7,0,36,1,none,,35,5,230,1,0
model,7,0,36,2,none,,35,4,230,1,0
model,7,0,36,3,none,,35,0,230,1,0
model,7,0,36,5,none,,34,0,230,1,0
model,7,0,37,1,none,,35,5,230,1,0
model,7,0,37,2,none,,35,4,230,1,0
model,7,0,37,3,none,,35,0,230,1,0
model,7,0,37,5,none,,34,0,230,1,0
model,7,0,38,1,none,,36,37,230,1,0
model,7,0,38,2,none,,35,4,230,1,0
model,7,0,38,3,none,,35,0,230,1,0
model,7,0,38,5,none,,34,0,230,1,0
model,19,2,2,1,all-max,,38,0,690,1,0
model,19,2,2,1,victim-max,0,37,0,690,1,0
model,19,2,2,1,others-max,0,37,1,690,1,0
model,19,2,2,1,victim-max,1,37,1,690,1,0
model,19,2,2,1,others-max,1,37,0,690,1,0
model,19,2,2,1,front-max,,24,0,436,1,0
model,19,2,2,1,back-max,,26,0,460,1,0
model,19,2,2,1,tail-max,,21,1,304,1,0
model,19,2,2,2,all-max,,37,0,690,1,0
model,19,2,2,2,victim-max,0,37,0,690,1,0
model,19,2,2,2,others-max,0,37,1,690,1,0
model,19,2,2,2,victim-max,1,37,1,690,1,0
model,19,2,2,2,others-max,1,37,0,690,1,0
model,19,2,2,2,front-max,,24,0,436,1,0
model,19,2,2,2,back-max,,25,0,460,1,0
model,19,2,2,2,tail-max,,20,1,304,1,0
model,19,2,2,3,all-max,,37,0,690,1,0
model,19,2,2,3,victim-max,0,37,0,690,1,0
model,19,2,2,3,others-max,0,37,1,690,1,0
model,19,2,2,3,victim-max,1,37,1,690,1,0
model,19,2,2,3,others-max,1,37,0,690,1,0
model,19,2,2,3,front-max,,24,0,436,1,0
model,19,2,2,3,back-max,,26,0,460,1,0
model,19,2,2,3,tail-max,,21,1,304,1,0
model,19,2,2,5,all-max,,37,0,690,1,0
model,19,2,2,5,victim-max,0,37,0,690,1,0
model,19,2,2,5,others-max,0,37,1,690,1,0
model,19,2,2,5,victim-max,1,37,1,690,1,0
model,19,2,2,5,others-max,1,37,0,690,1,0
model,19,2,2,5,front-max,,24,0,436,1,0
model,19,2,2,5,back-max,,25,0,460,1,0
model,19,2,2,5,tail-max,,20,1,304,1,0
model,19,2,3,1,all-max,,38,0,690,1,0
model,19,2,3,1,victim-max,0,37,0,690,1,0
model,19,2,3,1,others-max,0,38,1,690,1,0
model,19,2,3,1,victim-max,1,37,1,690,1,0
model,19,2,3,1,others-max,1,37,0,690,1,0
model,19,2,3,1,victim-max,2,37,2,690,1,0
model,19,2,3,1,others-max,2,38,0,690,1,0
model,19,2,3,1,front-max,,24,0,436,1,0
model,19,2,3,1,back-max,,26,1,460,1,0
model,19,2,3,1,tail-max,,21,2,304,1,0
model,19,2,3,2,all-max,,38,0,690,1,0
model,19,2,3,2,victim-max,0,37,0,690,1,0
model,19,2,3,2,others-max,0,37,1,690,1,0
model,19,2,3,2,victim-max,1,37,1,690,1,0
model,19,2,3,2,others-max,1,37,0,690,1,0
model,19,2,3,2,victim-max,2,37,2,690,1,0
model,19,2,3,2,others-max,2,37,0,690,1,0
model,19,2,3,2,front-max,,24,0,436,1,0
model,19,2,3,2,back-max,,25,0,460,1,0
model,19,2,3,2,tail-max,,20,2,304,1,0
model,19,2,3,3,all-max,,38,0,690,1,0
model,19,2,3,3,victim-max,0,37,0,690,1,0
model,19,2,3,3,others-max,0,37,1,690,1,0
model,19,2,3,3,victim-max,1,37,1,690,1,0
model,19,2,3,3,others-max,1,38,0,690,1,0
model,19,2,3,3,victim-max,2,37,2,690,1,0
model,19,2,3,3,others-max,2,37,0,690,1,0
model,19,2,3,3,front-max,,24,0,436,1,0
model,19,2,3,3,back-max,,26,1,460,1,0
model,19,2,3,3,tail-max,,21,2,304,1,0
model,19,2,3,5,all-max,,38,0,690,1,0
model,19,2,3,5,victim-max,0,37,0,690,1,0
model,19,2,3,5,others-max,0,37,1,690,1,0
model,19,2,3,5,victim-max,1,37,1,690,1,0
model,19,2,3,5,others-max,1,37,0,690,1,0
model,19,2,3,5,victim-max,2,37,2,690,1,0
model,19,2,3,5,others-max,2,37,0,690,1,0
model,19,2,3,5,front-max,,24,0,436,1,0
model,19,2,3,5,back-max,,25,0,460,1,0
model,19,2,3,5,tail-max,,20,2,304,1,0
model,19,2,4,1,all-max,,38,0,690,1,0
model,19,2,4,1,victim-max,0,37,0,690,1,0
model,19,2,4,1,others-max,0,38,2,690,1,0
model,19,2,4,1,victim-max,2,37,2,690,1,0
model,19,2,4,1,others-max,2,37,0,690,1,0
model,19,2,4,1,victim-max,3,37,3,690,1,0
model,19,2,4,1,others-max,3,38,1,690,1,0
model,19,2,4,1,front-max,,24,0,436,1,0
model,19,2,4,1,back-max,,26,3,460,1,0
model,19,2,4,1,tail-max,,22,3,304,1,0
model,19,2,4,2,all-max,,38,0,690,1,0
model,19,2,4,2,victim-max,0,37,0,690,1,0
model,19,2,4,2,others-max,0,37,1,690,1,0
model,19,2,4,2,victim-max,2,37,2,690,1,0
model,19,2,4,2,others-max,2,38,0,690,1,0
model,19,2,4,2,victim-max,3,37,3,690,1,0
model,19,2,4,2,others-max,3,37,0,690,1,0
model,19,2,4,2,front-max,,24,0,436,1,0
model,19,2,4,2,back-max,,26,0,460,1,0
model,19,2,4,2,tail-max,,20,3,304,1,0
model,19,2,4,3,all-max,,38,1,690,1,0
model,19,2,4,3,victim-max,0,37,0,690,1,0
model,19,2,4,3,others-max,0,37,1,690,1,0
model,19,2,4,3,victim-max,2,37,2,690,1,0
model,19,2,4,3,others-max,2,38,1,690,1,0
model,19,2,4,3,victim-max,3,37,3,690,1,0
model,19,2,4,3,others-max,3,37,0,690,1,0
model,19,2,4,3,front-max,,24,0,436,1,0
model,19,2,4,3,back-max,,26,2,460,1,0
model,19,2,4,3,tail-max,,21,3,304,1,0
model,19,2,4,5,all-max,,38,3,690,1,0
model,19,2,4,5,victim-max,0,37,0,690,1,0
model,19,2,4,5,others-max,0,38,3,690,1,0
model,19,2,4,5,victim-max,2,37,2,690,1,0
model,19,2,4,5,others-max,2,37,0,690,1,0
model,19,2,4,5,victim-max,3,37,3,690,1,0
model,19,2,4,5,others-max,3,37,0,690,1,0
model,19,2,4,5,front-max,,24,0,436,1,0
model,19,2,4,5,back-max,,26,3,460,1,0
model,19,2,4,5,tail-max,,20,3,304,1,0
model,19,2,5,1,all-max,,38,1,690,1,0
model,19,2,5,1,victim-max,0,37,0,690,1,0
model,19,2,5,1,others-max,0,38,3,690,1,0
model,19,2,5,1,victim-max,2,37,2,690,1,0
model,19,2,5,1,others-max,2,38,3,690,1,0
model,19,2,5,1,victim-max,4,37,4,690,1,0
model,19,2,5,1,others-max,4,38,2,690,1,0
model,19,2,5,1,front-max,,24,0,436,1,0
model,19,2,5,1,back-max,,26,4,460,1,0
model,19,2,5,1,tail-max,,21,4,304,1,0
model,19,2,5,2,all-max,,38,1,690,1,0
model,19,2,5,2,victim-max,0,37,0,690,1,0
model,19,2,5,2,others-max,0,37,1,690,1,0
model,19,2,5,2,victim-max,2,37,2,690,1,0
model,19,2,5,2,others-max,2,38,4,690,1,0
model,19,2,5,2,victim-max,4,37,4,690,1,0
model,19,2,5,2,others-max,4,37,0,690,1,0
model,19,2,5,2,front-max,,24,0,436,1,0
model,19,2,5,2,back-max,,26,0,460,1,0
model,19,2,5,2,tail-max,,20,4,304,1,0
model,19,2,5,3,all-max,,38,2,690,1,0
model,19,2,5,3,victim-max,0,37,0,690,1,0
model,19,2,5,3,others-max,0,37,1,690,1,0
model,19,2,5,3,victim-max,2,37,2,690,1,0
model,19,2,5,3,others-max,2,37,0,690,1,0
model,19,2,5,3,victim-max,4,37,4,690,1,0
model,19,2,5,3,others-max,4,37,0,690,1,0
model,19,2,5,3,front-max,,24,0,436,1,0
model,19,2,5,3,back-max,,26,0,460,1,0
model,19,2,5,3,tail-max,,21,4,304,1,0
model,19,2,5,5,all-max,,38,0,690,1,0
model,19,2,5,5,victim-max,0,37,0,690,1,0
model,19,2,5,5,others-max,0,38,4,690,1,0
model,19,2,5,5,victim-max,2,37,2,690,1,0
model,19,2,5,5,others-max,2,37,0,690,1,0
model,19,2,5,5,victim-max,4,37,4,690,1,0
model,19,2,5,5,others-max,4,37,0,690,1,0
model,19,2,5,5,front-max,,24,0,436,1,0
model,19,2,5,5,back-max,,26,1,460,1,0
model,19,2,5,5,tail-max,,20,4,304,1,0
model,19,2,6,1,all-max,,38,1,690,1,0
model,19,2,6,1,victim-max,0,37,0,690,1,0
model,19,2,6,1,others-max,0,38,4,690,1,0
model,19,2,6,1,victim-max,3,37,3,690,1,0
model,19,2,6,1,others-max,3,38,4,690,1,0
model,19,2,6,1,victim-max,5,37,5,690,1,0
model,19,2,6,1,others-max,5,38,3,690,1,0
model,19,2,6,1,front-max,,24,0,436,1,0
model,19,2,6,1,back-max,,26,5,460,1,0
model,19,2,6,1,tail-max,,22,5,304,1,0
model,19,2,6,2,all-max,,38,1,690,1,0
model,19,2,6,2,victim-max,0,37,0,690,1,0
model,19,2,6,2,others-max,0,38,4,690,1,0
model,19,2,6,2,victim-max,3,37,3,690,1,0
model,19,2,6,2,others-max,3,38,2,690,1,0
model,19,2,6,2,victim-max,5,37,5,690,1,0
model,19,2,6,2,others-max,5,38,3,690,1,0
model,19,2,6,2,front-max,,25,0,436,1,0
model,19,2,6,2,back-max,,26,0,460,1,0
model,19,2,6,2,tail-max,,20,5,304,1,0
model,19,2,6,3,all-max,,38,3,690,1,0
model,19,2,6,3,victim-max,0,37,0,690,1,0
model,19,2,6,3,others-max,0,37,1,690,1,0
model,19,2,6,3,victim-max,3,37,3,690,1,0
model,19,2,6,3,others-max,3,37,0,690,1,0
model,19,2,6,3,victim-max,5,37,5,690,1,0
model,19,2,6,3,others-max,5,37,0,690,1,0
model,19,2,6,3,front-max,,25,1,436,1,0
model,19,2,6,3,back-max,,26,1,460,1,0
model,19,2,6,3,tail-max,,21,5,304,1,0
model,19,2,6,5,all-max,,38,1,690,1,0
model,19,2,6,5,victim-max,0,37,0,690,1,0
model,19,2,6,5,others-max,0,38,2,690,1,0
model,19,2,6,5,victim-max,3,37,3,690,1,0
model,19,2,6,5,others-max,3,37,0,690,1,0
model,19,2,6,5,victim-max,5,37,5,690,1,0
model,19,2,6,5,others-max,5,37,0,690,1,0
model,19,2,6,5,front-max,,24,0,436,1,0
model,19,2,6,5,back-max,,26,2,460,1,0
model,19,2,6,5,tail-max,,20,5,304,1,0
model,19,2,7,1,all-max,,38,3,690,1,0
model,19,2,7,1,victim-max,0,37,0,690,1,0
model,19,2,7,1,others-max,0,38,5,690,1,0
model,19,2,7,1,victim-max,3,37,3,690,1,0
model,19,2,7,1,others-max,3,38,5,690,1,0
model,19,2,7,1,victim-max,6,37,6,690,1,0
model,19,2,7,1,others-max,6,38,4,690,1,0
model,19,2,7,1,front-max,,25,1,436,1,0
model,19,2,7,1,back-max,,26,3,460,1,0
model,19,2,7,1,tail-max,,22,6,304,1,0
model,19,2,7,2,all-max,,38,0,690,1,0
model,19,2,7,2,victim-max,0,37,0,690,1,0
model,19,2,7,2,others-max,0,38,5,690,1,0
model,19,2,7,2,victim-max,3,37,3,690,1,0
model,19,2,7,2,others-max,3,38,4,690,1,0
model,19,2,7,2,victim-max,6,37,6,690,1,0
model,19,2,7,2,others-max,6,38,4,690,1,0
model,19,2,7,2,front-max,,25,2,436,1,0
model,19,2,7,2,back-max,,26,0,460,1,0
model,19,2,7,2,tail-max,,20,6,304,1,0
model,19,2,7,3,all-max,,38,5,690,1,0
model,19,2,7,3,victim-max,0,37,0,690,1,0
model,19,2,7,3,others-max,0,38,6,690,1,0
model,19,2,7,3,victim-max,3,37,3,690,1,0
model,19,2,7,3,others-max,3,38,4,690,1,0
model,19,2,7,3,victim-max,6,37,6,690,1,0
model,19,2,7,3,others-max,6,37,0,690,1,0
model,19,2,7,3,front-max,,25,2,436,1,0
model,19,2,7,3,back-max,,26,3,460,1,0
model,19,2,7,3,tail-max,,21,6,304,1,0
model,19,2,7,5,all-max,,38,2,690,1,0
model,19,2,7,5,victim-max,0,37,0,690,1,0
model,19,2,7,5,others-max,0,38,4,690,1,0
model,19,2,7,5,victim-max,3,37,3,690,1,0
model,19,2,7,5,others-max,3,38,6,690,1,0
model,19,2,7,5,victim-max,6,37,6,690,1,0
model,19,2,7,5,others-max,6,37,0,690,1,0
model,19,2,7,5,front-max,,24,0,436,1,0
model,19,2,7,5,back-max,,26,3,460,1,0
model,19,2,7,5,tail-max,,20,6,304,1,0
model,19,2,8,1,all-max,,39,5,690,1,0
model,19,2,8,1,victim-max,0,37,0,690,1,0
model,19,2,8,1,others-max,0,38,6,690,1,0
model,19,2,8,1,victim-max,4,37,4,690,1,0
model,19,2,8,1,others-max,4,38,6,690,1,0
model,19,2,8,1,victim-max,7,37,7,690,1,0
model,19,2,8,1,others-max,7,37,0,690,1,0
model,19,2,8,1,front-max,,25,2,436,1,0
model,19,2,8,1,back-max,,26,1,460,1,0
model,19,2,8,1,tail-max,,22,7,304,1,0
model,19,2,8,2,all-max,,38,0,690,1,0
model,19,2,8,2,victim-max,0,37,0,690,1,0
model,19,2,8,2,others-max,0,38,6,690,1,0
model,19,2,8,2,victim-max,4,37,4,690,1,0
model,19,2,8,2,others-max,4,38,6,690,1,0
model,19,2,8,2,victim-max,7,37,7,690,1,0
model,19,2,8,2,others-max,7,38,5,690,1,0
model,19,2,8,2,front-max,,24,0,436,1,0
model,19,2,8,2,back-max,,26,1,460,1,0
model,19,2,8,2,tail-max,,20,7,304,1,0
model,19,2,8,3,all-max,,40,6,690,1,0
model,19,2,8,3,victim-max,0,37,0,690,1,0
model,19,2,8,3,others-max,0,38,5,690,1,0
model,19,2,8,3,victim-max,4,37,4,690,1,0
model,19,2,8,3,others-max,4,38,5,690,1,0
model,19,2,8,3,victim-max,7,37,7,690,1,0
model,19,2,8,3,others-max,7,37,0,690,1,0
model,19,2,8,3,front-max,,25,3,436,1,0
model,19,2,8,3,back-max,,26,3,460,1,0
model,19,2,8,3,tail-max,,21,7,304,1,0
model,19,2,8,5,all-max,,38,3,690,1,0
model,19,2,8,5,victim-max,0,37,0,690,1,0
model,19,2,8,5,others-max,0,38,1,690,1,0
model,19,2,8,5,victim-max,4,37,4,690,1,0
model,19,2,8,5,others-max,4,38,7,690,1,0
model,19,2,8,5,victim-max,7,37,7,690,1,0
model,19,2,8,5,others-max,7,37,0,690,1,0
model,19,2,8,5,front-max,,24,0,436,1,0
model,19,2,8,5,back-max,,27,6,460,1,0
model,19,2,8,5,tail-max,,20,7,304,1,0
model,19,2,9,1,all-max,,38,2,690,1,0
model,19,2,9,1,victim-max,0,37,0,690,1,0
model,19,2,9,1,others-max,0,38,7,690,1,0
model,19,2,9,1,victim-max,4,37,4,690,1,0
model,19,2,9,1,others-max,4,38,6,690,1,0
model,19,2,9,1,victim-max,8,37,8,690,1,0
model,19,2,9,1,others-max,8,38,6,690,1,0
model,19,2,9,1,front-max,,25,0,436,1,0
model,19,2,9,1,back-max,,26,0,460,1,0
model,19,2,9,1,tail-max,,22,8,304,1,0
model,19,2,9,2,all-max,,38,1,690,1,0
model,19,2,9,2,victim-max,0,37,0,690,1,0
model,19,2,9,2,others-max,0,38,7,690,1,0
model,19,2,9,2,victim-max,4,37,4,690,1,0
model,19,2,9,2,others-max,4,38,3,690,1,0
model,19,2,9,2,victim-max,8,37,8,690,1,0
model,19,2,9,2,others-max,8,38,6,690,1,0
model,19,2,9,2,front-max,,24,0,436,1,0
model,19,2,9,2,back-max,,26,1,460,1,0
model,19,2,9,2,tail-max,,20,8,304,1,0
model,19,2,9,3,all-max,,38,2,690,1,0
model,19,2,9,3,victim-max,0,37,0,690,1,0
model,19,2,9,3,others-max,0,38,6,690,1,0
model,19,2,9,3,victim-max,4,37,4,690,1,0
model,19,2,9,3,others-max,4,38,8,690,1,0
model,19,2,9,3,victim-max,8,37,8,690,1,0
model,19,2,9,3,others-max,8,37,0,690,1,0
model,19,2,9,3,front-max,,25,4,436,1,0
model,19,2,9,3,back-max,,26,3,460,1,0
model,19,2,9,3,tail-max,,21,8,304,1,0
model,19,2,9,5,all-max,,39,8,690,1,0
model,19,2,9,5,victim-max,0,37,0,690,1,0
model,19,2,9,5,others-max,0,38,1,690,1,0
model,19,2,9,5,victim-max,4,37,4,690,1,0
model,19,2,9,5,others-max,4,38,6,690,1,0
model,19,2,9,5,victim-max,8,37,8,690,1,0
model,19,2,9,5,others-max,8,37,0,690,1,0
model,19,2,9,5,front-max,,24,0,436,1,0
model,19,2,9,5,back-max,,26,6,460,1,0
model,19,2,9,5,tail-max,,20,8,304,1,0
model,19,2,10,1,all-max,,38,3,690,1,0
model,19,2,10,1,victim-max,0,37,0,690,1,0
model,19,2,10,1,others-max,0,38,8,690,1,0
model,19,2,10,1,victim-max,5,37,5,690,1,0
model,19,2,10,1,others-max,5,38,7,690,1,0
model,19,2,10,1,victim-max,9,37,9,690,1,0
model,19,2,10,1,others-max,9,37,0,690,1,0
model,19,2,10,1,front-max,,25,0,436,1,0
model,19,2,10,1,back-max,,26,0,460,1,0
model,19,2,10,1,tail-max,,22,9,304,1,0
model,19,2,10,2,all-max,,39,8,690,1,0
model,19,2,10,2,victim-max,0,37,0,690,1,0
model,19,2,10,2,others-max,0,38,8,690,1,0
model,19,2,10,2,victim-max,5,37,5,690,1,0
model,19,2,10,2,others-max,5,38,8,690,1,0
model,19,2,10,2,victim-max,9,37,9,690,1,0
model,19,2,10,2,others-max,9,37,0,690,1,0
model,19,2,10,2,front-max,,24,0,436,1,0
model,19,2,10,2,back-max,,26,0,460,1,0
model,19,2,10,2,tail-max,,20,9,304,1,0
model,19,2,10,3,all-max,,38,3,690,1,0
model,19,2,10,3,victim-max,0,37,0,690,1,0
model,19,2,10,3,others-max,0,38,9,690,1,0
model,19,2,10,3,victim-max,5,37,5,690,1,0
model,19,2,10,3,others-max,5,38,9,690,1,0
model,19,2,10,3,victim-max,9,37,9,690,1,0
model,19,2,10,3,others-max,9,37,0,690,1,0
model,19,2,10,3,front-max,,24,0,436,1,0
model,19,2,10,3,back-max,,26,3,460,1,0
model,19,2,10,3,tail-max,,21,9,304,1,0
model,19,2,10,5,all-max,,38,4,690,1,0
model,19,2,10,5,victim-max,0,37,0,690,1,0
model,19,2,10,5,others-max,0,38,1,690,1,0
model,19,2,10,5,victim-max,5,37,5,690,1,0
model,19,2,10,5,others-max,5,38,7,690,1,0
model,19,2,10,5,victim-max,9,37,9,690,1,0
model,19,2,10,5,others-max,9,37,0,690,1,0
model,19,2,10,5,front-max,,24,0,436,1,0
model,19,2,10,5,back-max,,26,7,460,1,0
model,19,2,10,5,tail-max,,20,9,304,1,0
model,19,2,11,1,all-max,,38,0,690,1,0
model,19,2,11,1,victim-max,0,37,0,690,1,0
model,19,2,11,1,others-max,0,38,9,690,1,0
model,19,2,11,1,victim-max,5,37,5,690,1,0
model,19,2,11,1,others-max,5,38,9,690,1,0
model,19,2,11,1,victim-max,10,37,10,690,1,0
model,19,2,11,1,others-max,10,38,8,690,1,0
model,19,2,11,1,front-max,,25,0,436,1,0
model,19,2,11,1,back-max,,26,3,460,1,0
model,19,2,11,1,tail-max,,22,10,304,1,0
model,19,2,11,2,all-max,,38,2,690,1,0
model,19,2,11,2,victim-max,0,37,0,690,1,0
model,19,2,11,2,others-max,0,38,10,690,1,0
model,19,2,11,2,victim-max,5,37,5,690,1,0
model,19,2,11,2,others-max,5,38,4,690,1,0
model,19,2,11,2,victim-max,10,37,10,690,1,0
model,19,2,11,2,others-max,10,37,0,690,1,0
model,19,2,11,2,front-max,,24,0,436,1,0
model,19,2,11,2,back-max,,26,1,460,1,0
model,19,2,11,2,tail-max,,20,10,304,1,0
model,19,2,11,3,all-max,,40,9,690,1,0
model,19,2,11,3,victim-max,0,37,0,690,1,0
model,19,2,11,3,others-max,0,38,6,690,1,0
model,19,2,11,3,victim-max,5,37,5,690,1,0
model,19,2,11,3,others-max,5,38,8,690,1,0
model,19,2,11,3,victim-max,10,37,10,690,1,0
model,19,2,11,3,others-max,10,37,0,690,1,0
model,19,2,11,3,front-max,,24,0,436,1,0
model,19,2,11,3,back-max,,26,3,460,1,0
model,19,2,11,3,tail-max,,21,10,304,1,0
model,19,2,11,5,all-max,,39,9,690,1,0
model,19,2,11,5,victim-max,0,37,0,690,1,0
model,19,2,11,5,others-max,0,38,1,690,1,0
model,19,2,11,5,victim-max,5,37,5,690,1,0
model,19,2,11,5,others-max,5,38,7,690,1,0
model,19,2,11,5,victim-max,10,37,10,690,1,0
model,19,2,11,5,others-max,10,38,5,690,1,0
model,19,2,11,5,front-max,,24,0,436,1,0
model,19,2,11,5,back-max,,26,8,460,1,0
model,19,2,11,5,tail-max,,20,10,304,1,0
model,19,2,12,1,all-max,,38,0,690,1,0
model,19,2,12,1,victim-max,0,37,0,690,1,0
model,19,2,12,1,others-max,0,38,10,690,1,0
model,19,2,12,1,victim-max,6,37,6,690,1,0
model,19,2,12,1,others-max,6,38,10,690,1,0
model,19,2,12,1,victim-max,11,37,11,690,1,0
model,19,2,12,1,others-max,11,37,0,690,1,0
model,19,2,12,1,front-max,,24,0,436,1,0
model,19,2,12,1,back-max,,26,0,460,1,0
model,19,2,12,1,tail-max,,22,11,304,1,0
model,19,2,12,2,all-max,,38,3,690,1,0
model,19,2,12,2,victim-max,0,37,0,690,1,0
model,19,2,12,2,others-max,0,38,1,690,1,0
model,19,2,12,2,victim-max,6,37,6,690,1,0
model,19,2,12,2,others-max,6,38,5,690,1,0
model,19,2,12,2,victim-max,11,37,11,690,1,0
model,19,2,12,2,others-max,11,37,0,690,1,0
model,19,2,12,2,front-max,,24,0,436,1,0
model,19,2,12,2,back-max,,26,1,460,1,0
model,19,2,12,2,tail-max,,20,11,304,1,0
model,19,2,12,3,all-max,,38,3,690,1,0
model,19,2,12,3,victim-max,0,37,0,690,1,0
model,19,2,12,3,others-max,0,38,6,690,1,0
model,19,2,12,3,victim-max,6,37,6,690,1,0
model,19,2,12,3,others-max,6,38,9,690,1,0
model,19,2,12,3,victim-max,11,37,11,690,1,0
model,19,2,12,3,others-max,11,37,0,690,1,0
model,19,2,12,3,front-max,,25,4,436,1,0
model,19,2,12,3,back-max,,26,3,460,1,0
model,19,2,12,3,tail-max,,21,11,304,1,0
model,19,2,12,5,all-max,,39,6,690,1,0
model,19,2,12,5,victim-max,0,37,0,690,1,0
model,19,2,12,5,others-max,0,38,1,690,1,0
model,19,2,12,5,victim-max,6,37,6,690,1,0
model,19,2,12,5,others-max,6,38,1,690,1,0
model,19,2,12,5,victim-max,11,37,11,690,1,0
model,19,2,12,5,others-max,11,38,6,690,1,0
model,19,2,12,5,front-max,,24,0,436,1,0
model,19,2,12,5,back-max,,26,9,460,1,0
model,19,2,12,5,tail-max,,20,11,304,1,0
model,19,2,13,1,all-max,,38,2,690,1,0
model,19,2,13,1,victim-max,0,37,0,690,1,0
model,19,2,13,1,others-max,0,38,11,690,1,0
model,19,2,13,1,victim-max,6,37,6,690,1,0
model,19,2,13,1,others-max,6,38,11,690,1,0
model,19,2,13,1,victim-max,12,37,12,690,1,0
model,19,2,13,1,others-max,12,38,10,690,1,0
model,19,2,13,1,front-max,,25,2,436,1,0
model,19,2,13,1,back-max,,26,0,460,1,0
model,19,2,13,1,tail-max,,22,12,304,1,0
model,19,2,13,2,all-max,,39,11,690,1,0
model,19,2,13,2,victim-max,0,37,0,690,1,0
model,19,2,13,2,others-max,0,38,1,690,1,0
model,19,2,13,2,victim-max,6,37,6,690,1,0
model,19,2,13,2,others-max,6,38,10,690,1,0
model,19,2,13,2,victim-max,12,37,12,690,1,0
model,19,2,13,2,others-max,12,37,0,690,1,0
model,19,2,13,2,front-max,,24,0,436,1,0
model,19,2,13,2,back-max,,26,1,460,1,0
model,19,2,13,2,tail-max,,20,12,304,1,0
model,19,2,13,3,all-max,,38,3,690,1,0
model,19,2,13,3,victim-max,0,37,0,690,1,0
model,19,2,13,3,others-max,0,38,5,690,1,0
model,19,2,13,3,victim-max,6,37,6,690,1,0
model,19,2,13,3,others-max,6,38,10,690,1,0
model,19,2,13,3,victim-max,12,37,12,690,1,0
model,19,2,13,3,others-max,12,37,0,690,1,0
model,19,2,13,3,front-max,,25,4,436,1,0
model,19,2,13,3,back-max,,26,3,460,1,0
model,19,2,13,3,tail-max,,21,12,304,1,0
model,19,2,13,5,all-max,,38,6,690,1,0
model,19,2,13,5,victim-max,0,37,0,690,1,0
model,19,2,13,5,others-max,0,38,1,690,1,0
model,19,2,13,5,victim-max,6,37,6,690,1,0
model,19,2,13,5,others-max,6,38,1,690,1,0
model,19,2,13,5,victim-max,12,37,12,690,1,0
model,19,2,13,5,others-max,12,38,6,690,1,0
model,19,2,13,5,front-max,,24,0,436,1,0
model,19,2,13,5,back-max,,26,9,460,1,0
model,19,2,13,5,tail-max,,20,12,304,1,0
model,19,2,14,1,all-max,,38,0,690,1,0
model,19,2,14,1,victim-max,0,37,0,690,1,0
model,19,2,14,1,others-max,0,38,12,690,1,0
model,19,2,14,1,victim-max,7,37,7,690,1,0
model,19,2,14,1,others-max,7,38,12,690,1,0
model,19,2,14,1,victim-max,13,37,13,690,1,0
model,19,2,14,1,others-max,13,38,11,690,1,0
model,19,2,14,1,front-max,,25,3,436,1,0
model,19,2,14,1,back-max,,26,1,460,1,0
model,19,2,14,1,tail-max,,22,13,304,1,0
model,19,2,14,2,all-max,,38,2,690,1,0
model,19,2,14,2,victim-max,0,37,0,690,1,0
model,19,2,14,2,others-max,0,38,2,690,1,0
model,19,2,14,2,victim-max,7,37,7,690,1,0
model,19,2,14,2,others-max,7,38,5,690,1,0
model,19,2,14,2,victim-max,13,37,13,690,1,0
model,19,2,14,2,others-max,13,38,1,690,1,0
model,19,2,14,2,front-max,,24,0,436,1,0
model,19,2,14,2,back-max,,26,1,460,1,0
model,19,2,14,2,tail-max,,20,13,304,1,0
model,19,2,14,3,all-max,,38,3,690,1,0
model,19,2,14,3,victim-max,0,37,0,690,1,0
model,19,2,14,3,others-max,0,38,8,690,1,0
model,19,2,14,3,victim-max,7,37,7,690,1,0
model,19,2,14,3,others-max,7,38,11,690,1,0
model,19,2,14,3,victim-max,13,37,13,690,1,0
model,19,2,14,3,others-max,13,38,3,690,1,0
model,19,2,14,3,front-max,,25,4,436,1,0
model,19,2,14,3,back-max,,26,3,460,1,0
model,19,2,14,3,tail-max,,21,13,304,1,0
model,19,2,14,5,all-max,,39,12,690,1,0
model,19,2,14,5,victim-max,0,37,0,690,1,0
model,19,2,14,5,others-max,0,38,1,690,1,0
model,19,2,14,5,victim-max,7,37,7,690,1,0
model,19,2,14,5,others-max,7,38,9,690,1,0
model,19,2,14,5,victim-max,13,37,13,690,1,0
model,19,2,14,5,others-max,13,38,6,690,1,0
model,19,2,14,5,front-max,,24,0,436,1,0
model,19,2,14,5,back-max,,26,9,460,1,0
model,19,2,14,5,tail-max,,20,13,304,1,0
model,19,2,15,1,all-max,,38,0,690,1,0
model,19,2,15,1,victim-max,0,37,0,690,1,0
model,19,2,15,1,others-max,0,38,13,690,1,0
model,19,2,15,1,victim-max,7,37,7,690,1,0
model,19,2,15,1,others-max,7,38,13,690,1,0
model,19,2,15,1,victim-max,14,37,14,690,1,0
model,19,2,15,1,others-max,14,37,0,690,1,0
model,19,2,15,1,front-max,,25,3,436,1,0
model,19,2,15,1,back-max,,26,3,460,1,0
model,19,2,15,1,tail-max,,22,14,304,1,0
model,19,2,15,2,all-max,,39,14,690,1,0
model,19,2,15,2,victim-max,0,37,0,690,1,0
model,19,2,15,2,others-max,0,38,5,690,1,0
model,19,2,15,2,victim-max,7,37,7,690,1,0
model,19,2,15,2,others-max,7,38,12,690,1,0
model,19,2,15,2,victim-max,14,37,14,690,1,0
model,19,2,15,2,others-max,14,38,1,690,1,0
model,19,2,15,2,front-max,,24,0,436,1,0
model,19,2,15,2,back-max,,26,1,460,1,0
model,19,2,15,2,tail-max,,20,14,304,1,0
model,19,2,15,3,all-max,,38,3,690,1,0
model,19,2,15,3,victim-max,0,37,0,690,1,0
model,19,2,15,3,others-max,0,38,5,690,1,0
model,19,2,15,3,victim-max,7,37,7,690,1,0
model,19,2,15,3,others-max,7,38,4,690,1,0
model,19,2,15,3,victim-max,14,37,14,690,1,0
model,19,2,15,3,others-max,14,38,3,690,1,0
model,19,2,15,3,front-max,,25,4,436,1,0
model,19,2,15,3,back-max,,26,3,460,1,0
model,19,2,15,3,tail-max,,21,14,304,1,0
model,19,2,15,5,all-max,,39,9,690,1,0
model,19,2,15,5,victim-max,0,37,0,690,1,0
model,19,2,15,5,others-max,0,38,1,690,1,0
model,19,2,15,5,victim-max,7,37,7,690,1,0
model,19,2,15,5,others-max,7,38,8,690,1,0
model,19,2,15,5,victim-max,14,37,14,690,1,0
model,19,2,15,5,others-max,14,38,6,690,1,0
model,19,2,15,5,front-max,,24,0,436,1,0
model,19,2,15,5,back-max,,26,9,460,1,0
model,19,2,15,5,tail-max,,20,14,304,1,0
model,19,2,16,1,all-max,,38,0,690,1,0
model,19,2,16,1,victim-max,0,37,0,690,1,0
model,19,2,16,1,others-max,0,38,13,690,1,0
model,19,2,16,1,victim-max,8,37,8,690,1,0
model,19,2,16,1,others-max,8,38,13,690,1,0
model,19,2,16,1,victim-max,15,37,15,690,1,0
model,19,2,16,1,others-max,15,38,12,690,1,0
model,19,2,16,1,front-max,,25,3,436,1,0
model,19,2,16,1,back-max,,26,3,460,1,0
model,19,2,16,1,tail-max,,22,15,304,1,0
model,19,2,16,2,all-max,,38,2,690,1,0
model,19,2,16,2,victim-max,0,37,0,690,1,0
model,19,2,16,2,others-max,0,38,1,690,1,0
model,19,2,16,2,victim-max,8,37,8,690,1,0
model,19,2,16,2,others-max,8,38,14,690,1,0
model,19,2,16,2,victim-max,15,37,15,690,1,0
model,19,2,16,2,others-max,15,38,1,690,1,0
model,19,2,16,2,front-max,,24,0,436,1,0
model,19,2,16,2,back-max,,26,1,460,1,0
model,19,2,16,2,tail-max,,20,15,304,1,0
model,19,2,16,3,all-max,,38,3,690,1,0
model,19,2,16,3,victim-max,0,37,0,690,1,0
model,19,2,16,3,others-max,0,38,5,690,1,0
model,19,2,16,3,victim-max,8,37,8,690,1,0
model,19,2,16,3,others-max,8,38,5,690,1,0
model,19,2,16,3,victim-max,15,37,15,690,1,0
model,19,2,16,3,others-max,15,38,3,690,1,0
model,19,2,16,3,front-max,,25,4,436,1,0
model,19,2,16,3,back-max,,26,3,460,1,0
model,19,2,16,3,tail-max,,21,15,304,1,0
model,19,2,16,5,all-max,,38,6,690,1,0
model,19,2,16,5,victim-max,0,37,0,690,1,0
model,19,2,16,5,others-max,0,38,1,690,1,0
model,19,2,16,5,victim-max,8,37,8,690,1,0
model,19,2,16,5,others-max,8,38,3,690,1,0
model,19,2,16,5,victim-max,15,37,15,690,1,0
model,19,2,16,5,others-max,15,38,6,690,1,0
model,19,2,16,5,front-max,,24,0,436,1,0
model,19,2,16,5,back-max,,26,9,460,1,0
model,19,2,16,5,tail-max,,20,15,304,1,0
model,19,2,17,1,all-max,,39,14,690,1,0
model,19,2,17,1,victim-max,0,37,0,690,1,0
model,19,2,17,1,others-max,0,38,4,690,1,0
model,19,2,17,1,victim-max,8,37,8,690,1,0
model,19,2,17,1,others-max,8,38,16,690,1,0
model,19,2,17,1,victim-max,16,37,16,690,1,0
model,19,2,17,1,others-max,16,38,6,690,1,0
model,19,2,17,1,front-max,,25,3,436,1,0
model,19,2,17,1,back-max,,26,3,460,1,0
model,19,2,17,1,tail-max,,22,16,304,1,0
model,19,2,17,2,all-max,,38,9,690,1,0
model,19,2,17,2,victim-max,0,37,0,690,1,0
model,19,2,17,2,others-max,0,38,1,690,1,0
model,19,2,17,2,victim-max,8,37,8,690,1,0
model,19,2,17,2,others-max,8,38,10,690,1,0
model,19,2,17,2,victim-max,16,37,16,690,1,0
model,19,2,17,2,others-max,16,38,2,690,1,0
model,19,2,17,2,front-max,,24,0,436,1,0
model,19,2,17,2,back-max,,26,1,460,1,0
model,19,2,17,2,tail-max,,20,16,304,1,0
model,19,2,17,3,all-max,,38,3,690,1,0
model,19,2,17,3,victim-max,0,37,0,690,1,0
model,19,2,17,3,others-max,0,38,5,690,1,0
model,19,2,17,3,victim-max,8,37,8,690,1,0
model,19,2,17,3,others-max,8,38,5,690,1,0
model,19,2,17,3,victim-max,16,37,16,690,1,0
model,19,2,17,3,others-max,16,38,3,690,1,0
model,19,2,17,3,front-max,,25,4,436,1,0
model,19,2,17,3,back-max,,26,3,460,1,0
model,19,2,17,3,tail-max,,21,16,304,1,0
model,19,2,17,5,all-max,,39,15,690,1,0
model,19,2,17,5,victim-max,0,37,0,690,1,0
model,19,2,17,5,others-max,0,38,1,690,1,0
model,19,2,17,5,victim-max,8,37,8,690,1,0
model,19,2,17,5,others-max,8,38,3,690,1,0
model,19,2,17,5,victim-max,16,37,16,690,1,0
model,19,2,17,5,others-max,16,38,6,690,1,0
model,19,2,17,5,front-max,,24,0,436,1,0
model,19,2,17,5,back-max,,27,14,460,1,0
model,19,2,17,5,tail-max,,20,16,304,1,0
model,19,2,18,1,all-max,,40,17,690,1,0
model,19,2,18,1,victim-max,0,37,0,690,1,0
model,19,2,18,1,others-max,0,38,4,690,1,0
model,19,2,18,1,victim-max,9,37,9,690,1,0
model,19,2,18,1,others-max,9,38,12,690,1,0
model,19,2,18,1,victim-max,17,37,17,690,1,0
model,19,2,18,1,others-max,17,38,3,690,1,0
model,19,2,18,1,front-max,,25,6,436,1,0
model,19,2,18,1,back-max,,26,3,460,1,0
model,19,2,18,1,tail-max,,22,17,304,1,0
model,19,2,18,2,all-max,,38,2,690,1,0
model,19,2,18,2,victim-max,0,37,0,690,1,0
model,19,2,18,2,others-max,0,38,5,690,1,0
model,19,2,18,2,victim-max,9,37,9,690,1,0
model,19,2,18,2,others-max,9,38,17,690,1,0
model,19,2,18,2,victim-max,17,37,17,690,1,0
model,19,2,18,2,others-max,17,38,2,690,1,0
model,19,2,18,2,front-max,,24,0,436,1,0
model,19,2,18,2,back-max,,26,1,460,1,0
model,19,2,18,2,tail-max,,20,17,304,1,0
model,19,2,18,3,all-max,,38,3,690,1,0
model,19,2,18,3,victim-max,0,37,0,690,1,0
model,19,2,18,3,others-max,0,38,5,690,1,0
model,19,2,18,3,victim-max,9,37,9,690,1,0
model,19,2,18,3,others-max,9,38,6,690,1,0
model,19,2,18,3,victim-max,17,37,17,690,1,0
model,19,2,18,3,others-max,17,38,3,690,1,0
model,19,2,18,3,front-max,,25,4,436,1,0
model,19,2,18,3,back-max,,26,3,460,1,0
model,19,2,18,3,tail-max,,21,17,304,1,0
model,19,2,18,5,all-max,,39,12,690,1,0
model,19,2,18,5,victim-max,0,37,0,690,1,0
model,19,2,18,5,others-max,0,38,1,690,1,0
model,19,2,18,5,victim-max,9,37,9,690,1,0
model,19,2,18,5,others-max,9,38,10,690,1,0
model,19,2,18,5,victim-max,17,37,17,690,1,0
model,19,2,18,5,others-max,17,38,6,690,1,0
model,19,2,18,5,front-max,,24,0,436,1,0
model,19,2,18,5,back-max,,26,9,460,1,0
model,19,2,18,5,tail-max,,20,17,304,1,0
model,19,2,19,1,all-max,,39,18,690,1,0
model,19,2,19,1,victim-max,0,37,0,690,1,0
model,19,2,19,1,others-max,0,38,4,690,1,0
model,19,2,19,1,victim-max,9,37,9,690,1,0
model,19,2,19,1,others-max,9,38,1,690,1,0
model,19,2,19,1,victim-max,18,37,18,690,1,0
model,19,2,19,1,others-max,18,38,1,690,1,0
model,19,2,19,1,front-max,,25,7,436,1,0
model,19,2,19,1,back-max,,26,0,460,1,0
model,19,2,19,1,tail-max,,22,18,304,1,0
model,19,2,19,2,all-max,,39,17,690,1,0
model,19,2,19,2,victim-max,0,37,0,690,1,0
model,19,2,19,2,others-max,0,39,17,690,1,0
model,19,2,19,2,victim-max,9,37,9,690,1,0
model,19,2,19,2,others-max,9,38,7,690,1,0
model,19,2,19,2,victim-max,18,37,18,690,1,0
model,19,2,19,2,others-max,18,38,2,690,1,0
model,19,2,19,2,front-max,,24,0,436,1,0
model,19,2,19,2,back-max,,26,1,460,1,0
model,19,2,19,2,tail-max,,20,18,304,1,0
model,19,2,19,3,all-max,,38,3,690,1,0
model,19,2,19,3,victim-max,0,37,0,690,1,0
model,19,2,19,3,others-max,0,38,5,690,1,0
model,19,2,19,3,victim-max,9,37,9,690,1,0
model,19,2,19,3,others-max,9,38,6,690,1,0
model,19,2,19,3,victim-max,18,37,18,690,1,0
model,19,2,19,3,others-max,18,38,3,690,1,0
model,19,2,19,3,front-max,,25,4,436,1,0
model,19,2,19,3,back-max,,26,3,460,1,0
model,19,2,19,3,tail-max,,21,18,304,1,0
model,19,2,19,5,all-max,,38,6,690,1,0
model,19,2,19,5,victim-max,0,37,0,690,1,0
model,19,2,19,5,others-max,0,38,1,690,1,0
model,19,2,19,5,victim-max,9,37,9,690,1,0
model,19,2,19,5,others-max,9,38,10,690,1,0
model,19,2,19,5,victim-max,18,37,18,690,1,0
model,19,2,19,5,others-max,18,38,6,690,1,0
model,19,2,19,5,front-max,,24,0,436,1,0
model,19,2,19,5,back-max,,26,9,460,1,0
model,19,2,19,5,tail-max,,20,18,304,1,0
model,19,2,20,1,all-max,,38,2,690,1,0
model,19,2,20,1,victim-max,0,37,0,690,1,0
model,19,2,20,1,others-max,0,38,2,690,1,0
model,19,2,20,1,victim-max,10,37,10,690,1,0
model,19,2,20,1,others-max,10,38,8,690,1,0
model,19,2,20,1,victim-max,19,37,19,690,1,0
model,19,2,20,1,others-max,19,38,8,690,1,0
model,19,2,20,1,front-max,,25,12,436,1,0
model,19,2,20,1,back-max,,26,0,460,1,0
model,19,2,20,1,tail-max,,22,19,304,1,0
model,19,2,20,2,all-max,,38,2,690,1,0
model,19,2,20,2,victim-max,0,37,0,690,1,0
model,19,2,20,2,others-max,0,38,9,690,1,0
model,19,2,20,2,victim-max,10,37,10,690,1,0
model,19,2,20,2,others-max,10,38,1,690,1,0
model,19,2,20,2,victim-max,19,37,19,690,1,0
model,19,2,20,2,others-max,19,38,2,690,1,0
model,19,2,20,2,front-max,,24,0,436,1,0
model,19,2,20,2,back-max,,26,1,460,1,0
model,19,2,20,2,tail-max,,20,19,304,1,0
model,19,2,20,3,all-max,,38,3,690,1,0
model,19,2,20,3,victim-max,0,37,0,690,1,0
model,19,2,20,3,others-max,0,38,5,690,1,0
model,19,2,20,3,victim-max,10,37,10,690,1,0
model,19,2,20,3,others-max,10,38,7,690,1,0
model,19,2,20,3,victim-max,19,37,19,690,1,0
model,19,2,20,3,others-max,19,38,3,690,1,0
model,19,2,20,3,front-max,,25,4,436,1,0
model,19,2,20,3,back-max,,26,3,460,1,0
model,19,2,20,3,tail-max,,21,19,304,1,0
model,19,2,20,5,all-max,,39,18,690,1,0
model,19,2,20,5,victim-max,0,37,0,690,1,0
model,19,2,20,5,others-max,0,38,1,690,1,0
model,19,2,20,5,victim-max,10,37,10,690,1,0
model,19,2,20,5,others-max,10,38,5,690,1,0
model,19,2,20,5,victim-max,19,37,19,690,1,0
model,19,2,20,5,others-max,19,38,6,690,1,0
model,19,2,20,5,front-max,,24,0,436,1,0
model,19,2,20,5,back-max,,26,9,460,1,0
model,19,2,20,5,tail-max,,20,19,304,1,0
model,19,2,21,1,all-max,,39,20,690,1,0
model,19,2,21,1,victim-max,0,37,0,690,1,0
model,19,2,21,1,others-max,0,38,1,690,1,0
model,19,2,21,1,victim-max,10,37,10,690,1,0
model,19,2,21,1,others-max,10,38,7,690,1,0
model,19,2,21,1,victim-max,20,37,20,690,1,0
model,19,2,21,1,others-max,20,38,14,690,1,0
model,19,2,21,1,front-max,,25,2,436,1,0
model,19,2,21,1,back-max,,26,0,460,1,0
model,19,2,21,1,tail-max,,22,20,304,1,0
model,19,2,21,2,all-max,,38,2,690,1,0
model,19,2,21,2,victim-max,0,37,0,690,1,0
model,19,2,21,2,others-max,0,39,17,690,1,0
model,19,2,21,2,victim-max,10,37,10,690,1,0
model,19,2,21,2,others-max,10,38,1,690,1,0
model,19,2,21,2,victim-max,20,37,20,690,1,0
model,19,2,21,2,others-max,20,38,2,690,1,0
model,19,2,21,2,front-max,,25,13,436,1,0
model,19,2,21,2,back-max,,26,1,460,1,0
model,19,2,21,2,tail-max,,20,20,304,1,0
model,19,2,21,3,all-max,,38,3,690,1,0
model,19,2,21,3,victim-max,0,37,0,690,1,0
model,19,2,21,3,others-max,0,38,5,690,1,0
model,19,2,21,3,victim-max,10,37,10,690,1,0
model,19,2,21,3,others-max,10,38,7,690,1,0
model,19,2,21,3,victim-max,20,37,20,690,1,0
model,19,2,21,3,others-max,20,38,3,690,1,0
model,19,2,21,3,front-max,,25,4,436,1,0
model,19,2,21,3,back-max,,26,3,460,1,0
model,19,2,21,3,tail-max,,21,20,304,1,0
model,19,2,21,5,all-max,,39,15,690,1,0
model,19,2,21,5,victim-max,0,37,0,690,1,0
model,19,2,21,5,others-max,0,38,1,690,1,0
model,19,2,21,5,victim-max,10,37,10,690,1,0
model,19,2,21,5,others-max,10,38,5,690,1,0
model,19,2,21,5,victim-max,20,37,20,690,1,0
model,19,2,21,5,others-max,20,38,6,690,1,0
model,19,2,21,5,front-max,,24,0,436,1,0
model,19,2,21,5,back-max,,26,9,460,1,0
model,19,2,21,5,tail-max,,20,20,304,1,0
model,19,2,22,1,all-max,,38,2,690,1,0
model,19,2,22,1,victim-max,0,37,0,690,1,0
model,19,2,22,1,others-max,0,38,9,690,1,0
model,19,2,22,1,victim-max,11,37,11,690,1,0
model,19,2,22,1,others-max,11,38,0,690,1,0
model,19,2,22,1,victim-max,21,37,21,690,1,0
model,19,2,22,1,others-max,21,38,2,690,1,0
model,19,2,22,1,front-max,,25,2,436,1,0
model,19,2,22,1,back-max,,26,0,460,1,0
model,19,2,22,1,tail-max,,22,21,304,1,0
model,19,2,22,2,all-max,,39,20,690,1,0
model,19,2,22,2,victim-max,0,37,0,690,1,0
model,19,2,22,2,others-max,0,38,9,690,1,0
model,19,2,22,2,victim-max,11,37,11,690,1,0
model,19,2,22,2,others-max,11,38,6,690,1,0
model,19,2,22,2,victim-max,21,37,21,690,1,0
model,19,2,22,2,others-max,21,38,2,690,1,0
model,19,2,22,2,front-max,,24,0,436,1,0
model,19,2,22,2,back-max,,26,1,460,1,0
model,19,2,22,2,tail-max,,20,21,304,1,0
model,19,2,22,3,all-max,,38,3,690,1,0
model,19,2,22,3,victim-max,0,37,0,690,1,0
model,19,2,22,3,others-max,0,38,5,690,1,0
model,19,2,22,3,victim-max,11,37,11,690,1,0
model,19,2,22,3,others-max,11,38,14,690,1,0
model,19,2,22,3,victim-max,21,37,21,690,1,0
model,19,2,22,3,others-max,21,38,3,690,1,0
model,19,2,22,3,front-max,,25,4,436,1,0
model,19,2,22,3,back-max,,26,3,460,1,0
model,19,2,22,3,tail-max,,21,21,304,1,0
model,19,2,22,5,all-max,,39,21,690,1,0
model,19,2,22,5,victim-max,0,37,0,690,1,0
model,19,2,22,5,others-max,0,38,1,690,1,0
model,19,2,22,5,victim-max,11,37,11,690,1,0
model,19,2,22,5,others-max,11,38,6,690,1,0
model,19,2,22,5,victim-max,21,37,21,690,1,0
model,19,2,22,5,others-max,21,38,6,690,1,0
model,19,2,22,5,front-max,,24,0,436,1,0
model,19,2,22,5,back-max,,27,19,460,1,0
model,19,2,22,5,tail-max,,20,21,304,1,0
model,19,2,23,1,all-max,,39,20,690,1,0
model,19,2,23,1,victim-max,0,37,0,690,1,0
model,19,2,23,1,others-max,0,39,20,690,1,0
model,19,2,23,1,victim-max,11,37,11,690,1,0
model,19,2,23,1,others-max,11,38,5,690,1,0
model,19,2,23,1,victim-max,22,37,22,690,1,0
model,19,2,23,1,others-max,22,38,0,690,1,0
model,19,2,23,1,front-max,,25,2,436,1,0
model,19,2,23,1,back-max,,26,0,460,1,0
model,19,2,23,1,tail-max,,22,22,304,1,0
model,19,2,23,2,all-max,,38,2,690,1,0
model,19,2,23,2,victim-max,0,37,0,690,1,0
model,19,2,23,2,others-max,0,38,9,690,1,0
model,19,2,23,2,victim-max,11,37,11,690,1,0
model,19,2,23,2,others-max,11,39,21,690,1,0
model,19,2,23,2,victim-max,22,37,22,690,1,0
model,19,2,23,2,others-max,22,38,2,690,1,0
model,19,2,23,2,front-max,,25,15,436,1,0
model,19,2,23,2,back-max,,26,1,460,1,0
model,19,2,23,2,tail-max,,20,22,304,1,0
model,19,2,23,3,all-max,,38,3,690,1,0
model,19,2,23,3,victim-max,0,37,0,690,1,0
model,19,2,23,3,others-max,0,38,5,690,1,0
model,19,2,23,3,victim-max,11,37,11,690,1,0
model,19,2,23,3,others-max,11,38,12,690,1,0
model,19,2,23,3,victim-max,22,37,22,690,1,0
model,19,2,23,3,others-max,22,38,3,690,1,0
model,19,2,23,3,front-max,,25,4,436,1,0
model,19,2,23,3,back-max,,26,3,460,1,0
model,19,2,23,3,tail-max,,21,22,304,1,0
model,19,2,23,5,all-max,,38,6,690,1,0
model,19,2,23,5,victim-max,0,37,0,690,1,0
model,19,2,23,5,others-max,0,38,1,690,1,0
model,19,2,23,5,victim-max,11,37,11,690,1,0
model,19,2,23,5,others-max,11,38,6,690,1,0
model,19,2,23,5,victim-max,22,37,22,690,1,0
model,19,2,23,5,others-max,22,38,6,690,1,0
model,19,2,23,5,front-max,,24,0,436,1,0
model,19,2,23,5,back-max,,26,9,460,1,0
model,19,2,23,5,tail-max,,20,22,304,1,0
model,19,2,24,1,all-max,,39,21,690,1,0
model,19,2,24,1,victim-max,0,37,0,690,1,0
model,19,2,24,1,others-max,0,38,4,690,1,0
model,19,2,24,1,victim-max,12,37,12,690,1,0
model,19,2,24,1,others-max,12,38,5,690,1,0
model,19,2,24,1,victim-max,23,37,23,690,1,0
model,19,2,24,1,others-max,23,38,0,690,1,0
model,19,2,24,1,front-max,,25,2,436,1,0
model,19,2,24,1,back-max,,26,0,460,1,0
model,19,2,24,1,tail-max,,22,23,304,1,0
model,19,2,24,2,all-max,,38,2,690,1,0
model,19,2,24,2,victim-max,0,37,0,690,1,0
model,19,2,24,2,others-max,0,38,9,690,1,0
model,19,2,24,2,victim-max,12,37,12,690,1,0
model,19,2,24,2,others-max,12,38,8,690,1,0
model,19,2,24,2,victim-max,23,37,23,690,1,0
model,19,2,24,2,others-max,23,38,2,690,1,0
model,19,2,24,2,front-max,,25,15,436,1,0
model,19,2,24,2,back-max,,26,1,460,1,0
model,19,2,24,2,tail-max,,20,23,304,1,0
model,19,2,24,3,all-max,,38,3,690,1,0
model,19,2,24,3,victim-max,0,37,0,690,1,0
model,19,2,24,3,others-max,0,38,5,690,1,0
model,19,2,24,3,victim-max,12,37,12,690,1,0
model,19,2,24,3,others-max,12,38,3,690,1,0
model,19,2,24,3,victim-max,23,37,23,690,1,0
model,19,2,24,3,others-max,23,38,3,690,1,0
model,19,2,24,3,front-max,,25,4,436,1,0
model,19,2,24,3,back-max,,26,3,460,1,0
model,19,2,24,3,tail-max,,21,23,304,1,0
model,19,2,24,5,all-max,,39,22,690,1,0
model,19,2,24,5,victim-max,0,37,0,690,1,0
model,19,2,24,5,others-max,0,38,1,690,1,0
model,19,2,24,5,victim-max,12,37,12,690,1,0
model,19,2,24,5,others-max,12,38,6,690,1,0
model,19,2,24,5,victim-max,23,37,23,690,1,0
model,19,2,24,5,others-max,23,38,6,690,1,0
model,19,2,24,5,front-max,,24,0,436,1,0
model,19,2,24,5,back-max,,26,9,460,1,0
model,19,2,24,5,tail-max,,20,23,304,1,0
model,19,2,25,1,all-max,,38,2,690,1,0
model,19,2,25,1,victim-max,0,37,0,690,1,0
model,19,2,25,1,others-max,0,40,24,690,1,0
model,19,2,25,1,victim-max,12,37,12,690,1,0
model,19,2,25,1,others-max,12,40,24,690,1,0
model,19,2,25,1,victim-max,24,37,24,690,1,0
model,19,2,25,1,others-max,24,38,4,690,1,0
model,19,2,25,1,front-max,,25,2,436,1,0
model,19,2,25,1,back-max,,26,0,460,1,0
model,19,2,25,1,tail-max,,22,24,304,1,0
model,19,2,25,2,all-max,,38,2,690,1,0
model,19,2,25,2,victim-max,0,37,0,690,1,0
model,19,2,25,2,others-max,0,38,9,690,1,0
model,19,2,25,2,victim-max,12,37,12,690,1,0
model,19,2,25,2,others-max,12,38,15,690,1,0
model,19,2,25,2,victim-max,24,37,24,690,1,0
model,19,2,25,2,others-max,24,38,2,690,1,0
model,19,2,25,2,front-max,,24,0,436,1,0
model,19,2,25,2,back-max,,26,1,460,1,0
model,19,2,25,2,tail-max,,20,24,304,1,0
model,19,2,25,3,all-max,,38,3,690,1,0
model,19,2,25,3,victim-max,0,37,0,690,1,0
model,19,2,25,3,others-max,0,38,5,690,1,0
model,19,2,25,3,victim-max,12,37,12,690,1,0
model,19,2,25,3,others-max,12,38,3,690,1,0
model,19,2,25,3,victim-max,24,37,24,690,1,0
model,19,2,25,3,others-max,24,38,3,690,1,0
model,19,2,25,3,front-max,,25,4,436,1,0
model,19,2,25,3,back-max,,26,3,460,1,0
model,19,2,25,3,tail-max,,21,24,304,1,0
model,19,2,25,5,all-max,,39,24,690,1,0
model,19,2,25,5,victim-max,0,37,0,690,1,0
model,19,2,25,5,others-max,0,38,1,690,1,0
model,19,2,25,5,victim-max,12,37,12,690,1,0
model,19,2,25,5,others-max,12,38,6,690,1,0
model,19,2,25,5,victim-max,24,37,24,690,1,0
model,19,2,25,5,others-max,24,38,6,690,1,0
model,19,2,25,5,front-max,,24,0,436,1,0
model,19,2,25,5,back-max,,26,9,460,1,0
model,19,2,25,5,tail-max,,20,24,304,1,0
model,19,2,26,1,all-max,,38,4,690,1,0
model,19,2,26,1,victim-max,0,37,0,690,1,0
model,19,2,26,1,others-max,0,38,2,690,1,0
model,19,2,26,1,victim-max,13,37,13,690,1,0
model,19,2,26,1,others-max,13,38,2,690,1,0
model,19,2,26,1,victim-max,25,37,25,690,1,0
model,19,2,26,1,others-max,25,38,7,690,1,0
model,19,2,26,1,front-max,,25,2,436,1,0
model,19,2,26,1,back-max,,26,0,460,1,0
model,19,2,26,1,tail-max,,22,25,304,1,0
model,19,2,26,2,all-max,,38,2,690,1,0
model,19,2,26,2,victim-max,0,37,0,690,1,0
model,19,2,26,2,others-max,0,38,9,690,1,0
model,19,2,26,2,victim-max,13,37,13,690,1,0
model,19,2,26,2,others-max,13,38,1,690,1,0
model,19,2,26,2,victim-max,25,37,25,690,1,0
model,19,2,26,2,others-max,25,38,2,690,1,0
model,19,2,26,2,front-max,,25,17,436,1,0
model,19,2,26,2,back-max,,26,1,460,1,0
model,19,2,26,2,tail-max,,20,25,304,1,0
model,19,2,26,3,all-max,,38,3,690,1,0
model,19,2,26,3,victim-max,0,37,0,690,1,0
model,19,2,26,3,others-max,0,38,5,690,1,0
model,19,2,26,3,victim-max,13,37,13,690,1,0
model,19,2,26,3,others-max,13,38,3,690,1,0
model,19,2,26,3,victim-max,25,37,25,690,1,0
model,19,2,26,3,others-max,25,38,3,690,1,0
model,19,2,26,3,front-max,,25,4,436,1,0
model,19,2,26,3,back-max,,26,3,460,1,0
model,19,2,26,3,tail-max,,21,25,304,1,0
model,19,2,26,5,all-max,,40,24,690,1,0
model,19,2,26,5,victim-max,0,37,0,690,1,0
model,19,2,26,5,others-max,0,38,1,690,1,0
model,19,2,26,5,victim-max,13,37,13,690,1,0
model,19,2,26,5,others-max,13,38,6,690,1,0
model,19,2,26,5,victim-max,25,37,25,690,1,0
model,19,2,26,5,others-max,25,38,6,690,1,0
model,19,2,26,5,front-max,,24,0,436,1,0
model,19,2,26,5,back-max,,26,9,460,1,0
model,19,2,26,5,tail-max,,20,25,304,1,0
model,19,2,27,1,all-max,,39,24,690,1,0
model,19,2,27,1,victim-max,0,37,0,690,1,0
model,19,2,27,1,others-max,0,38,10,690,1,0
model,19,2,27,1,victim-max,13,37,13,690,1,0
model,19,2,27,1,others-max,13,38,1,690,1,0
model,19,2,27,1,victim-max,26,37,26,690,1,0
model,19,2,27,1,others-max,26,38,7,690,1,0
model,19,2,27,1,front-max,,25,2,436,1,0
model,19,2,27,1,back-max,,26,0,460,1,0
model,19,2,27,1,tail-max,,22,26,304,1,0
model,19,2,27,2,all-max,,38,2,690,1,0
model,19,2,27,2,victim-max,0,37,0,690,1,0
model,19,2,27,2,others-max,0,38,9,690,1,0
model,19,2,27,2,victim-max,13,37,13,690,1,0
model,19,2,27,2,others-max,13,38,1,690,1,0
model,19,2,27,2,victim-max,26,37,26,690,1,0
model,19,2,27,2,others-max,26,38,2,690,1,0
model,19,2,27,2,front-max,,25,17,436,1,0
model,19,2,27,2,back-max,,26,1,460,1,0
model,19,2,27,2,tail-max,,20,26,304,1,0
model,19,2,27,3,all-max,,38,3,690,1,0
model,19,2,27,3,victim-max,0,37,0,690,1,0
model,19,2,27,3,others-max,0,38,5,690,1,0
model,19,2,27,3,victim-max,13,37,13,690,1,0
model,19,2,27,3,others-max,13,38,3,690,1,0
model,19,2,27,3,victim-max,26,37,26,690,1,0
model,19,2,27,3,others-max,26,38,3,690,1,0
model,19,2,27,3,front-max,,25,4,436,1,0
model,19,2,27,3,back-max,,26,3,460,1,0
model,19,2,27,3,tail-max,,21,26,304,1,0
model,19,2,27,5,all-max,,40,25,690,1,0
model,19,2,27,5,victim-max,0,37,0,690,1,0
model,19,2,27,5,others-max,0,38,1,690,1,0
model,19,2,27,5,victim-max,13,37,13,690,1,0
model,19,2,27,5,others-max,13,38,6,690,1,0
model,19,2,27,5,victim-max,26,37,26,690,1,0
model,19,2,27,5,others-max,26,38,6,690,1,0
model,19,2,27,5,front-max,,24,0,436,1,0
model,19,2,27,5,back-max,,27,24,460,1,0
model,19,2,27,5,tail-max,,20,26,304,1,0
model,19,2,28,1,all-max,,38,2,690,1,0
model,19,2,28,1,victim-max,0,37,0,690,1,0
model,19,2,28,1,others-max,0,39,27,690,1,0
model,19,2,28,1,victim-max,14,37,14,690,1,0
model,19,2,28,1,others-max,14,38,1,690,1,0
model,19,2,28,1,victim-max,27,37,27,690,1,0
model,19,2,28,1,others-max,27,38,2,690,1,0
model,19,2,28,1,front-max,,25,2,436,1,0
model,19,2,28,1,back-max,,26,0,460,1,0
model,19,2,28,1,tail-max,,22,27,304,1,0
model,19,2,28,2,all-max,,39,27,690,1,0
model,19,2,28,2,victim-max,0,37,0,690,1,0
model,19,2,28,2,others-max,0,39,23,690,1,0
model,19,2,28,2,victim-max,14,37,14,690,1,0
model,19,2,28,2,others-max,14,38,5,690,1,0
model,19,2,28,2,victim-max,27,37,27,690,1,0
model,19,2,28,2,others-max,27,38,2,690,1,0
model,19,2,28,2,front-max,,25,19,436,1,0
model,19,2,28,2,back-max,,26,1,460,1,0
model,19,2,28,2,tail-max,,20,27,304,1,0
model,19,2,28,3,all-max,,38,3,690,1,0
model,19,2,28,3,victim-max,0,37,0,690,1,0
model,19,2,28,3,others-max,0,38,5,690,1,0
model,19,2,28,3,victim-max,14,37,14,690,1,0
model,19,2,28,3,others-max,14,38,3,690,1,0
model,19,2,28,3,victim-max,27,37,27,690,1,0
model,19,2,28,3,others-max,27,38,3,690,1,0
model,19,2,28,3,front-max,,25,4,436,1,0
model,19,2,28,3,back-max,,26,3,460,1,0
model,19,2,28,3,tail-max,,21,27,304,1,0
model,19,2,28,5,all-max,,39,26,690,1,0
model,19,2,28,5,victim-max,0,37,0,690,1,0
model,19,2,28,5,others-max,0,38,1,690,1,0
model,19,2,28,5,victim-max,14,37,14,690,1,0
model,19,2,28,5,others-max,14,38,6,690,1,0
model,19,2,28,5,victim-max,27,37,27,690,1,0
model,19,2,28,5,others-max,27,38,6,690,1,0
model,19,2,28,5,front-max,,24,0,436,1,0
model,19,2,28,5,back-max,,26,9,460,1,0
model,19,2,28,5,tail-max,,20,27,304,1,0
model,19,2,29,1,all-max,,38,2,690,1,0
model,19,2,29,1,victim-max,0,37,0,690,1,0
model,19,2,29,1,others-max,0,38,1,690,1,0
model,19,2,29,1,victim-max,14,37,14,690,1,0
model,19,2,29,1,others-max,14,38,1,690,1,0
model,19,2,29,1,victim-max,28,37,28,690,1,0
model,19,2,29,1,others-max,28,38,2,690,1,0
model,19,2,29,1,front-max,,25,2,436,1,0
model,19,2,29,1,back-max,,26,0,460,1,0
model,19,2,29,1,tail-max,,22,28,304,1,0
model,19,2,29,2,all-max,,38,2,690,1,0
model,19,2,29,2,victim-max,0,37,0,690,1,0
model,19,2,29,2,others-max,0,39,27,690,1,0
model,19,2,29,2,victim-max,14,37,14,690,1,0
model,19,2,29,2,others-max,14,38,5,690,1,0
model,19,2,29,2,victim-max,28,37,28,690,1,0
model,19,2,29,2,others-max,28,38,2,690,1,0
model,19,2,29,2,front-max,,24,0,436,1,0
model,19,2,29,2,back-max,,26,1,460,1,0
model,19,2,29,2,tail-max,,20,28,304,1,0
model,19,2,29,3,all-max,,38,3,690,1,0
model,19,2,29,3,victim-max,0,37,0,690,1,0
model,19,2,29,3,others-max,0,38,5,690,1,0
model,19,2,29,3,victim-max,14,37,14,690,1,0
model,19,2,29,3,others-max,14,38,3,690,1,0
model,19,2,29,3,victim-max,28,37,28,690,1,0
model,19,2,29,3,others-max,28,38,3,690,1,0
model,19,2,29,3,front-max,,25,4,436,1,0
model,19,2,29,3,back-max,,26,3,460,1,0
model,19,2,29,3,tail-max,,21,28,304,1,0
model,19,2,29,5,all-max,,40,27,690,1,0
model,19,2,29,5,victim-max,0,37,0,690,1,0
model,19,2,29,5,others-max,0,38,1,690,1,0
model,19,2,29,5,victim-max,14,37,14,690,1,0
model,19,2,29,5,others-max,14,38,6,690,1,0
model,19,2,29,5,victim-max,28,37,28,690,1,0
model,19,2,29,5,others-max,28,38,6,690,1,0
model,19,2,29,5,front-max,,24,0,436,1,0
model,19,2,29,5,back-max,,26,9,460,1,0
model,19,2,29,5,tail-max,,20,28,304,1,0
model,19,2,30,1,all-max,,39,27,690,1,0
model,19,2,30,1,victim-max,0,37,0,690,1,0
model,19,2,30,1,others-max,0,38,1,690,1,0
model,19,2,30,1,victim-max,15,37,15,690,1,0
model,19,2,30,1,others-max,15,38,4,690,1,0
model,19,2,30,1,victim-max,29,37,29,690,1,0
model,19,2,30,1,others-max,29,38,2,690,1,0
model,19,2,30,1,front-max,,25,2,436,1,0
model,19,2,30,1,back-max,,26,0,460,1,0
model,19,2,30,1,tail-max,,22,29,304,1,0
model,19,2,30,2,all-max,,38,2,690,1,0
model,19,2,30,2,victim-max,0,37,0,690,1,0
model,19,2,30,2,others-max,0,38,9,690,1,0
model,19,2,30,2,victim-max,15,37,15,690,1,0
model,19,2,30,2,others-max,15,38,7,690,1,0
model,19,2,30,2,victim-max,29,37,29,690,1,0
model,19,2,30,2,others-max,29,38,2,690,1,0
model,19,2,30,2,front-max,,24,0,436,1,0
model,19,2,30,2,back-max,,26,1,460,1,0
model,19,2,30,2,tail-max,,20,29,304,1,0
model,19,2,30,3,all-max,,38,3,690,1,0
model,19,2,30,3,victim-max,0,37,0,690,1,0
model,19,2,30,3,others-max,0,38,5,690,1,0
model,19,2,30,3,victim-max,15,37,15,690,1,0
model,19,2,30,3,others-max,15,38,3,690,1,0
model,19,2,30,3,victim-max,29,37,29,690,1,0
model,19,2,30,3,others-max,29,38,3,690,1,0
model,19,2,30,3,front-max,,25,4,436,1,0
model,19,2,30,3,back-max,,26,3,460,1,0
model,19,2,30,3,tail-max,,21,29,304,1,0
model,19,2,30,5,all-max,,39,24,690,1,0
model,19,2,30,5,victim-max,0,37,0,690,1,0
model,19,2,30,5,others-max,0,38,1,690,1,0
model,19,2,30,5,victim-max,15,37,15,690,1,0
model,19,2,30,5,others-max,15,38,6,690,1,0
model,19,2,30,5,victim-max,29,37,29,690,1,0
model,19,2,30,5,others-max,29,38,6,690,1,0
model,19,2,30,5,front-max,,24,0,436,1,0
model,19,2,30,5,back-max,,26,9,460,1,0
model,19,2,30,5,tail-max,,20,29,304,1,0
model,19,2,31,1,all-max,,38,2,690,1,0
model,19,2,31,1,victim-max,0,37,0,690,1,0
model,19,2,31,1,others-max,0,38,5,690,1,0
model,19,2,31,1,victim-max,15,37,15,690,1,0
model,19,2,31,1,others-max,15,38,4,690,1,0
model,19,2,31,1,victim-max,30,37,30,690,1,0
model,19,2,31,1,others-max,30,38,2,690,1,0
model,19,2,31,1,front-max,,25,2,436,1,0
model,19,2,31,1,back-max,,26,0,460,1,0
model,19,2,31,1,tail-max,,22,30,304,1,0
model,19,2,31,2,all-max,,38,2,690,1,0
model,19,2,31,2,victim-max,0,37,0,690,1,0
model,19,2,31,2,others-max,0,39,30,690,1,0
model,19,2,31,2,victim-max,15,37,15,690,1,0
model,19,2,31,2,others-max,15,38,7,690,1,0
model,19,2,31,2,victim-max,30,37,30,690,1,0
model,19,2,31,2,others-max,30,38,2,690,1,0
model,19,2,31,2,front-max,,24,0,436,1,0
model,19,2,31,2,back-max,,26,1,460,1,0
model,19,2,31,2,tail-max,,20,30,304,1,0
model,19,2,31,3,all-max,,38,3,690,1,0
model,19,2,31,3,victim-max,0,37,0,690,1,0
model,19,2,31,3,others-max,0,38,5,690,1,0
model,19,2,31,3,victim-max,15,37,15,690,1,0
model,19,2,31,3,others-max,15,38,3,690,1,0
model,19,2,31,3,victim-max,30,37,30,690,1,0
model,19,2,31,3,others-max,30,38,3,690,1,0
model,19,2,31,3,front-max,,25,4,436,1,0
model,19,2,31,3,back-max,,26,3,460,1,0
model,19,2,31,3,tail-max,,21,30,304,1,0
model,19,2,31,5,all-max,,39,25,690,1,0
model,19,2,31,5,victim-max,0,37,0,690,1,0
model,19,2,31,5,others-max,0,39,30,690,1,0
model,19,2,31,5,victim-max,15,37,15,690,1,0
model,19,2,31,5,others-max,15,38,6,690,1,0
model,19,2,31,5,victim-max,30,37,30,690,1,0
model,19,2,31,5,others-max,30,38,6,690,1,0
model,19,2,31,5,front-max,,24,0,436,1,0
model,19,2,31,5,back-max,,26,9,460,1,0
model,19,2,31,5,tail-max,,20,30,304,1,0
model,19,2,32,1,all-max,,38,2,690,1,0
model,19,2,32,1,victim-max,0,37,0,690,1,0
model,19,2,32,1,others-max,0,38,5,690,1,0
model,19,2,32,1,victim-max,16,37,16,690,1,0
model,19,2,32,1,others-max,16,38,3,690,1,0
model,19,2,32,1,victim-max,31,37,31,690,1,0
model,19,2,32,1,others-max,31,38,2,690,1,0
model,19,2,32,1,front-max,,25,2,436,1,0
model,19,2,32,1,back-max,,26,0,460,1,0
model,19,2,32,1,tail-max,,22,31,304,1,0
model,19,2,32,2,all-max,,39,30,690,1,0
model,19,2,32,2,victim-max,0,37,0,690,1,0
model,19,2,32,2,others-max,0,39,30,690,1,0
model,19,2,32,2,victim-max,16,37,16,690,1,0
model,19,2,32,2,others-max,16,38,2,690,1,0
model,19,2,32,2,victim-max,31,37,31,690,1,0
model,19,2,32,2,others-max,31,38,2,690,1,0
model,19,2,32,2,front-max,,25,21,436,1,0
model,19,2,32,2,back-max,,26,1,460,1,0
model,19,2,32,2,tail-max,,20,31,304,1,0
model,19,2,32,3,all-max,,38,3,690,1,0
model,19,2,32,3,victim-max,0,37,0,690,1,0
model,19,2,32,3,others-max,0,38,5,690,1,0
model,19,2,32,3,victim-max,16,37,16,690,1,0
model,19,2,32,3,others-max,16,38,3,690,1,0
model,19,2,32,3,victim-max,31,37,31,690,1,0
model,19,2,32,3,others-max,31,38,3,690,1,0
model,19,2,32,3,front-max,,25,4,436,1,0
model,19,2,32,3,back-max,,26,3,460,1,0
model,19,2,32,3,tail-max,,21,31,304,1,0
model,19,2,32,5,all-max,,39,26,690,1,0
model,19,2,32,5,victim-max,0,37,0,690,1,0
model,19,2,32,5,others-max,0,38,1,690,1,0
model,19,2,32,5,victim-max,16,37,16,690,1,0
model,19,2,32,5,others-max,16,38,6,690,1,0
model,19,2,32,5,victim-max,31,37,31,690,1,0
model,19,2,32,5,others-max,31,38,6,690,1,0
model,19,2,32,5,front-max,,24,0,436,1,0
model,19,2,32,5,back-max,,26,9,460,1,0
model,19,2,32,5,tail-max,,20,31,304,1,0
model,19,2,33,1,all-max,,39,30,690,1,0
model,19,2,33,1,victim-max,0,37,0,690,1,0
model,19,2,33,1,others-max,0,38,5,690,1,0
model,19,2,33,1,victim-max,16,37,16,690,1,0
model,19,2,33,1,others-max,16,38,3,690,1,0
model,19,2,33,1,victim-max,32,37,32,690,1,0
model,19,2,33,1,others-max,32,39,29,690,1,0
model,19,2,33,1,front-max,,25,2,436,1,0
model,19,2,33,1,back-max,,26,0,460,1,0
model,19,2,33,1,tail-max,,22,32,304,1,0
model,19,2,33,2,all-max,,38,2,690,1,0
model,19,2,33,2,victim-max,0,37,0,690,1,0
model,19,2,33,2,others-max,0,38,9,690,1,0
model,19,2,33,2,victim-max,16,37,16,690,1,0
model,19,2,33,2,others-max,16,38,2,690,1,0
model,19,2,33,2,victim-max,32,37,32,690,1,0
model,19,2,33,2,others-max,32,38,2,690,1,0
model,19,2,33,2,front-max,,25,21,436,1,0
model,19,2,33,2,back-max,,26,1,460,1,0
model,19,2,33,2,tail-max,,20,32,304,1,0
model,19,2,33,3,all-max,,38,3,690,1,0
model,19,2,33,3,victim-max,0,37,0,690,1,0
model,19,2,33,3,others-max,0,38,5,690,1,0
model,19,2,33,3,victim-max,16,37,16,690,1,0
model,19,2,33,3,others-max,16,38,3,690,1,0
model,19,2,33,3,victim-max,32,37,32,690,1,0
model,19,2,33,3,others-max,32,38,3,690,1,0
model,19,2,33,3,front-max,,25,4,436,1,0
model,19,2,33,3,back-max,,26,3,460,1,0
model,19,2,33,3,tail-max,,21,32,304,1,0
model,19,2,33,5,all-max,,39,27,690,1,0
model,19,2,33,5,victim-max,0,37,0,690,1,0
model,19,2,33,5,others-max,0,38,1,690,1,0
model,19,2,33,5,victim-max,16,37,16,690,1,0
model,19,2,33,5,others-max,16,38,6,690,1,0
model,19,2,33,5,victim-max,32,37,32,690,1,0
model,19,2,33,5,others-max,32,38,6,690,1,0
model,19,2,33,5,front-max,,24,0,436,1,0
model,19,2,33,5,back-max,,26,9,460,1,0
model,19,2,33,5,tail-max,,20,32,304,1,0
model,19,2,34,1,all-max,,38,2,690,1,0
model,19,2,34,1,victim-max,0,37,0,690,1,0
model,19,2,34,1,others-max,0,38,5,690,1,0
model,19,2,34,1,victim-max,17,37,17,690,1,0
model,19,2,34,1,others-max,17,38,2,690,1,0
model,19,2,34,1,victim-max,33,37,33,690,1,0
model,19,2,34,1,others-max,33,38,2,690,1,0
model,19,2,34,1,front-max,,25,2,436,1,0
model,19,2,34,1,back-max,,26,0,460,1,0
model,19,2,34,1,tail-max,,22,33,304,1,0
model,19,2,34,2,all-max,,38,2,690,1,0
model,19,2,34,2,victim-max,0,37,0,690,1,0
model,19,2,34,2,others-max,0,38,9,690,1,0
model,19,2,34,2,victim-max,17,37,17,690,1,0
model,19,2,34,2,others-max,17,38,2,690,1,0
model,19,2,34,2,victim-max,33,37,33,690,1,0
model,19,2,34,2,others-max,33,38,2,690,1,0
model,19,2,34,2,front-max,,25,21,436,1,0
model,19,2,34,2,back-max,,26,1,460,1,0
model,19,2,34,2,tail-max,,20,33,304,1,0
model,19,2,34,3,all-max,,38,3,690,1,0
model,19,2,34,3,victim-max,0,37,0,690,1,0
model,19,2,34,3,others-max,0,38,5,690,1,0
model,19,2,34,3,victim-max,17,37,17,690,1,0
model,19,2,34,3,others-max,17,38,3,690,1,0
model,19,2,34,3,victim-max,33,37,33,690,1,0
model,19,2,34,3,others-max,33,38,3,690,1,0
model,19,2,34,3,front-max,,25,4,436,1,0
model,19,2,34,3,back-max,,26,3,460,1,0
model,19,2,34,3,tail-max,,21,33,304,1,0
model,19,2,34,5,all-max,,39,33,690,1,0
model,19,2,34,5,victim-max,0,37,0,690,1,0
model,19,2,34,5,others-max,0,39,33,690,1,0
model,19,2,34,5,victim-max,17,37,17,690,1,0
model,19,2,34,5,others-max,17,38,6,690,1,0
model,19,2,34,5,victim-max,33,37,33,690,1,0
model,19,2,34,5,others-max,33,38,6,690,1,0
model,19,2,34,5,front-max,,24,0,436,1,0
model,19,2,34,5,back-max,,26,9,460,1,0
model,19,2,34,5,tail-max,,20,33,304,1,0
model,19,2,35,1,all-max,,38,2,690,1,0
model,19,2,35,1,victim-max,0,37,0,690,1,0
model,19,2,35,1,others-max,0,38,5,690,1,0
model,19,2,35,1,victim-max,17,37,17,690,1,0
model,19,2,35,1,others-max,17,38,2,690,1,0
model,19,2,35,1,victim-max,34,37,34,690,1,0
model,19,2,35,1,others-max,34,38,2,690,1,0
model,19,2,35,1,front-max,,25,2,436,1,0
model,19,2,35,1,back-max,,26,0,460,1,0
model,19,2,35,1,tail-max,,22,34,304,1,0
model,19,2,35,2,all-max,,39,32,690,1,0
model,19,2,35,2,victim-max,0,37,0,690,1,0
model,19,2,35,2,others-max,0,38,9,690,1,0
model,19,2,35,2,victim-max,17,37,17,690,1,0
model,19,2,35,2,others-max,17,38,2,690,1,0
model,19,2,35,2,victim-max,34,37,34,690,1,0
model,19,2,35,2,others-max,34,38,2,690,1,0
model,19,2,35,2,front-max,,25,21,436,1,0
model,19,2,35,2,back-max,,26,1,460,1,0
model,19,2,35,2,tail-max,,20,34,304,1,0
model,19,2,35,3,all-max,,38,3,690,1,0
model,19,2,35,3,victim-max,0,37,0,690,1,0
model,19,2,35,3,others-max,0,40,33,690,1,0
model,19,2,35,3,victim-max,17,37,17,690,1,0
model,19,2,35,3,others-max,17,40,33,690,1,0
model,19,2,35,3,victim-max,34,37,34,690,1,0
model,19,2,35,3,others-max,34,38,3,690,1,0
model,19,2,35,3,front-max,,25,4,436,1,0
model,19,2,35,3,back-max,,26,3,460,1,0
model,19,2,35,3,tail-max,,21,34,304,1,0
model,19,2,35,5,all-max,,39,34,690,1,0
model,19,2,35,5,victim-max,0,37,0,690,1,0
model,19,2,35,5,others-max,0,38,1,690,1,0
model,19,2,35,5,victim-max,17,37,17,690,1,0
model,19,2,35,5,others-max,17,38,6,690,1,0
model,19,2,35,5,victim-max,34,37,34,690,1,0
model,19,2,35,5,others-max,34,38,6,690,1,0
model,19,2,35,5,front-max,,24,0,436,1,0
model,19,2,35,5,back-max,,26,9,460,1,0
model,19,2,35,5,tail-max,,20,34,304,1,0
model,19,2,36,1,all-max,,38,2,690,1,0
model,19,2,36,1,victim-max,0,37,0,690,1,0
model,19,2,36,1,others-max,0,38,5,690,1,0
model,19,2,36,1,victim-max,18,37,18,690,1,0
model,19,2,36,1,others-max,18,38,6,690,1,0
model,19,2,36,1,victim-max,35,37,35,690,1,0
model,19,2,36,1,others-max,35,38,2,690,1,0
model,19,2,36,1,front-max,,25,2,436,1,0
model,19,2,36,1,back-max,,26,0,460,1,0
model,19,2,36,1,tail-max,,22,35,304,1,0
model,19,2,36,2,all-max,,38,2,690,1,0
model,19,2,36,2,victim-max,0,37,0,690,1,0
model,19,2,36,2,others-max,0,38,9,690,1,0
model,19,2,36,2,victim-max,18,37,18,690,1,0
model,19,2,36,2,others-max,18,38,2,690,1,0
model,19,2,36,2,victim-max,35,37,35,690,1,0
model,19,2,36,2,others-max,35,38,2,690,1,0
model,19,2,36,2,front-max,,25,21,436,1,0
model,19,2,36,2,back-max,,26,1,460,1,0
model,19,2,36,2,tail-max,,20,35,304,1,0
model,19,2,36,3,all-max,,38,3,690,1,0
model,19,2,36,3,victim-max,0,37,0,690,1,0
model,19,2,36,3,others-max,0,38,5,690,1,0
model,19,2,36,3,victim-max,18,37,18,690,1,0
model,19,2,36,3,others-max,18,40,34,690,1,0
model,19,2,36,3,victim-max,35,37,35,690,1,0
model,19,2,36,3,others-max,35,38,3,690,1,0
model,19,2,36,3,front-max,,25,4,436,1,0
model,19,2,36,3,back-max,,26,3,460,1,0
model,19,2,36,3,tail-max,,21,35,304,1,0
model,19,2,36,5,all-max,,39,30,690,1,0
model,19,2,36,5,victim-max,0,37,0,690,1,0
model,19,2,36,5,others-max,0,38,1,690,1,0
model,19,2,36,5,victim-max,18,37,18,690,1,0
model,19,2,36,5,others-max,18,38,6,690,1,0
model,19,2,36,5,victim-max,35,37,35,690,1,0
model,19,2,36,5,others-max,35,38,6,690,1,0
model,19,2,36,5,front-max,,24,0,436,1,0
model,19,2,36,5,back-max,,27,33,460,1,0
model,19,2,36,5,tail-max,,20,35,304,1,0
model,19,2,37,1,all-max,,40,36,690,1,0
model,19,2,37,1,victim-max,0,37,0,690,1,0
model,19,2,37,1,others-max,0,38,5,690,1,0
model,19,2,37,1,victim-max,18,37,18,690,1,0
model,19,2,37,1,others-max,18,38,6,690,1,0
model,19,2,37,1,victim-max,36,37,36,690,1,0
model,19,2,37,1,others-max,36,38,2,690,1,0
model,19,2,37,1,front-max,,25,2,436,1,0
model,19,2,37,1,back-max,,26,0,460,1,0
model,19,2,37,1,tail-max,,22,36,304,1,0
model,19,2,37,2,all-max,,38,2,690,1,0
model,19,2,37,2,victim-max,0,37,0,690,1,0
model,19,2,37,2,others-max,0,38,9,690,1,0
model,19,2,37,2,victim-max,18,37,18,690,1,0
model,19,2,37,2,others-max,18,38,2,690,1,0
model,19,2,37,2,victim-max,36,37,36,690,1,0
model,19,2,37,2,others-max,36,38,2,690,1,0
model,19,2,37,2,front-max,,25,21,436,1,0
model,19,2,37,2,back-max,,26,1,460,1,0
model,19,2,37,2,tail-max,,20,36,304,1,0
model,19,2,37,3,all-max,,38,3,690,1,0
model,19,2,37,3,victim-max,0,37,0,690,1,0
model,19,2,37,3,others-max,0,38,5,690,1,0
model,19,2,37,3,victim-max,18,37,18,690,1,0
model,19,2,37,3,others-max,18,38,3,690,1,0
model,19,2,37,3,victim-max,36,37,36,690,1,0
model,19,2,37,3,others-max,36,38,3,690,1,0
model,19,2,37,3,front-max,,25,4,436,1,0
model,19,2,37,3,back-max,,26,3,460,1,0
model,19,2,37,3,tail-max,,21,36,304,1,0
model,19,2,37,5,all-max,,39,31,690,1,0
model,19,2,37,5,victim-max,0,37,0,690,1,0
model,19,2,37,5,others-max,0,38,1,690,1,0
model,19,2,37,5,victim-max,18,37,18,690,1,0
model,19,2,37,5,others-max,18,38,6,690,1,0
model,19,2,37,5,victim-max,36,37,36,690,1,0
model,19,2,37,5,others-max,36,38,6,690,1,0
model,19,2,37,5,front-max,,24,0,436,1,0
model,19,2,37,5,back-max,,26,9,460,1,0
model,19,2,37,5,tail-max,,20,36,304,1,0
model,19,2,38,1,all-max,,38,2,690,1,0
model,19,2,38,1,victim-max,0,37,0,690,1,0
model,19,2,38,1,others-max,0,38,8,690,1,0
model,19,2,38,1,victim-max,19,37,19,690,1,0
model,19,2,38,1,others-max,19,38,1,690,1,0
model,19,2,38,1,victim-max,37,37,37,690,1,0
model,19,2,38,1,others-max,37,38,2,690,1,0
model,19,2,38,1,front-max,,25,2,436,1,0
model,19,2,38,1,back-max,,26,0,460,1,0
model,19,2,38,1,tail-max,,22,37,304,1,0
model,19,2,38,2,all-max,,39,36,690,1,0
model,19,2,38,2,victim-max,0,37,0,690,1,0
model,19,2,38,2,others-max,0,39,36,690,1,0
model,19,2,38,2,victim-max,19,37,19,690,1,0
model,19,2,38,2,others-max,19,38,2,690,1,0
model,19,2,38,2,victim-max,37,37,37,690,1,0
model,19,2,38,2,others-max,37,38,2,690,1,0
model,19,2,38,2,front-max,,25,21,436,1,0
model,19,2,38,2,back-max,,26,1,460,1,0
model,19,2,38,2,tail-max,,20,37,304,1,0
model,19,2,38,3,all-max,,38,3,690,1,0
model,19,2,38,3,victim-max,0,37,0,690,1,0
model,19,2,38,3,others-max,0,38,5,690,1,0
model,19,2,38,3,victim-max,19,37,19,690,1,0
model,19,2,38,3,others-max,19,38,3,690,1,0
model,19,2,38,3,victim-max,37,37,37,690,1,0
model,19,2,38,3,others-max,37,38,3,690,1,0
model,19,2,38,3,front-max,,25,4,436,1,0
model,19,2,38,3,back-max,,26,3,460,1,0
model,19,2,38,3,tail-max,,21,37,304,1,0
model,19,2,38,5,all-max,,39,32,690,1,0
model,19,2,38,5,victim-max,0,37,0,690,1,0
model,19,2,38,5,others-max,0,38,1,690,1,0
model,19,2,38,5,victim-max,19,37,19,690,1,0
model,19,2,38,5,others-max,19,38,6,690,1,0
model,19,2,38,5,victim-max,37,37,37,690,1,0
model,19,2,38,5,others-max,37,38,6,690,1,0
model,19,2,38,5,front-max,,24,0,436,1,0
model,19,2,38,5,back-max,,26,9,460,1,0
model,19,2,38,5,tail-max,,20,37,304,1,0
model,25,3,2,1,all-max,,38,0,920,1,0
model,25,3,2,1,victim-max,0,38,0,920,1,0
model,25,3,2,1,others-max,0,38,1,920,1,0
model,25,3,2,1,victim-max,1,38,1,920,1,0
model,25,3,2,1,others-max,1,38,0,920,1,0
model,25,3,2,1,front-max,,23,0,539,1,0
model,25,3,2,1,back-max,,25,0,575,1,0
model,25,3,2,1,tail-max,,21,1,341,1,0
model,25,3,2,2,all-max,,38,0,920,1,0
model,25,3,2,2,victim-max,0,38,0,920,1,0
model,25,3,2,2,others-max,0,38,1,920,1,0
model,25,3,2,2,victim-max,1,38,1,920,1,0
model,25,3,2,2,others-max,1,38,0,920,1,0
model,25,3,2,2,front-max,,23,0,539,1,0
model,25,3,2,2,back-max,,26,0,575,1,0
model,25,3,2,2,tail-max,,20,1,341,1,0
model,25,3,2,3,all-max,,38,0,920,1,0
model,25,3,2,3,victim-max,0,38,0,920,1,0
model,25,3,2,3,others-max,0,38,1,920,1,0
model,25,3,2,3,victim-max,1,38,1,920,1,0
model,25,3,2,3,others-max,1,38,0,920,1,0
model,25,3,2,3,front-max,,23,0,539,1,0
model,25,3,2,3,back-max,,25,0,575,1,0
model,25,3,2,3,tail-max,,21,1,341,1,0
model,25,3,2,5,all-max,,38,0,920,1,0
model,25,3,2,5,victim-max,0,38,0,920,1,0
model,25,3,2,5,others-max,0,38,1,920,1,0
model,25,3,2,5,victim-max,1,38,1,920,1,0
model,25,3,2,5,others-max,1,38,0,920,1,0
model,25,3,2,5,front-max,,23,0,539,1,0
model,25,3,2,5,back-max,,25,1,575,1,0
model,25,3,2,5,tail-max,,20,1,341,1,0
model,25,3,3,1,all-max,,38,0,920,1,0
model,25,3,3,1,victim-max,0,38,0,920,1,0
model,25,3,3,1,others-max,0,38,1,920,1,0
model,25,3,3,1,victim-max,1,38,1,920,1,0
model,25,3,3,1,others-max,1,38,0,920,1,0
model,25,3,3,1,victim-max,2,38,2,920,1,0
model,25,3,3,1,others-max,2,38,0,920,1,0
model,25,3,3,1,front-max,,23,0,539,1,0
model,25,3,3,1,back-max,,25,0,575,1,0
model,25,3,3,1,tail-max,,21,2,341,1,0
model,25,3,3,2,all-max,,38,0,920,1,0
model,25,3,3,2,victim-max,0,38,0,920,1,0
model,25,3,3,2,others-max,0,38,1,920,1,0
model,25,3,3,2,victim-max,1,38,1,920,1,0
model,25,3,3,2,others-max,1,38,0,920,1,0
model,25,3,3,2,victim-max,2,38,2,920,1,0
model,25,3,3,2,others-max,2,38,0,920,1,0
model,25,3,3,2,front-max,,23,0,539,1,0
model,25,3,3,2,back-max,,26,1,575,1,0
model,25,3,3,2,tail-max,,20,2,341,1,0
model,25,3,3,3,all-max,,38,0,920,1,0
model,25,3,3,3,victim-max,0,38,0,920,1,0
model,25,3,3,3,others-max,0,38,1,920,1,0
model,25,3,3,3,victim-max,1,38,1,920,1,0
model,25,3,3,3,others-max,1,38,0,920,1,0
model,25,3,3,3,victim-max,2,38,2,920,1,0
model,25,3,3,3,others-max,2,38,0,920,1,0
model,25,3,3,3,front-max,,23,0,539,1,0
model,25,3,3,3,back-max,,25,1,575,1,0
model,25,3,3,3,tail-max,,21,2,341,1,0
model,25,3,3,5,all-max,,38,0,920,1,0
model,25,3,3,5,victim-max,0,38,0,920,1,0
model,25,3,3,5,others-max,0,38,1,920,1,0
model,25,3,3,5,victim-max,1,38,1,920,1,0
model,25,3,3,5,others-max,1,38,0,920,1,0
model,25,3,3,5,victim-max,2,38,2,920,1,0
model,25,3,3,5,others-max,2,38,0,920,1,0
model,25,3,3,5,front-max,,23,0,539,1,0
model,25,3,3,5,back-max,,25,0,575,1,0
model,25,3,3,5,tail-max,,20,2,341,1,0
model,25,3,4,1,all-max,,38,0,920,1,0
model,25,3,4,1,victim-max,0,38,0,920,1,0
model,25,3,4,1,others-max,0,38,1,920,1,0
model,25,3,4,1,victim-max,2,38,2,920,1,0
model,25,3,4,1,others-max,2,38,0,920,1,0
model,25,3,4,1,victim-max,3,38,3,920,1,0
model,25,3,4,1,others-max,3,38,0,920,1,0
model,25,3,4,1,front-max,,23,0,539,1,0
model,25,3,4,1,back-max,,26,3,575,1,0
model,25,3,4,1,tail-max,,22,3,341,1,0
model,25,3,4,2,all-max,,38,0,920,1,0
model,25,3,4,2,victim-max,0,38,0,920,1,0
model,25,3,4,2,others-max,0,38,1,920,1,0
model,25,3,4,2,victim-max,2,38,2,920,1,0
model,25,3,4,2,others-max,2,38,0,920,1,0
model,25,3,4,2,victim-max,3,38,3,920,1,0
model,25,3,4,2,others-max,3,38,0,920,1,0
model,25,3,4,2,front-max,,23,0,539,1,0
model,25,3,4,2,back-max,,25,0,575,1,0
model,25,3,4,2,tail-max,,20,3,341,1,0
model,25,3,4,3,all-max,,38,0,920,1,0
model,25,3,4,3,victim-max,0,38,0,920,1,0
model,25,3,4,3,others-max,0,38,1,920,1,0
model,25,3,4,3,victim-max,2,38,2,920,1,0
model,25,3,4,3,others-max,2,38,0,920,1,0
model,25,3,4,3,victim-max,3,38,3,920,1,0
model,25,3,4,3,others-max,3,38,0,920,1,0
model,25,3,4,3,front-max,,23,0,539,1,0
model,25,3,4,3,back-max,,25,0,575,1,0
model,25,3,4,3,tail-max,,21,3,341,1,0
model,25,3,4,5,all-max,,38,0,920,1,0
model,25,3,4,5,victim-max,0,38,0,920,1,0
model,25,3,4,5,others-max,0,38,1,920,1,0
model,25,3,4,5,victim-max,2,38,2,920,1,0
model,25,3,4,5,others-max,2,38,0,920,1,0
model,25,3,4,5,victim-max,3,38,3,920,1,0
model,25,3,4,5,others-max,3,38,0,920,1,0
model,25,3,4,5,front-max,,23,0,539,1,0
model,25,3,4,5,back-max,,25,1,575,1,0
model,25,3,4,5,tail-max,,20,3,341,1,0
model,25,3,5,1,all-max,,38,0,920,1,0
model,25,3,5,1,victim-max,0,38,0,920,1,0
model,25,3,5,1,others-max,0,38,1,920,1,0
model,25,3,5,1,victim-max,2,38,2,920,1,0
model,25,3,5,1,others-max,2,38,0,920,1,0
model,25,3,5,1,victim-max,4,38,4,920,1,0
model,25,3,5,1,others-max,4,38,0,920,1,0
model,25,3,5,1,front-max,,23,0,539,1,0
model,25,3,5,1,back-max,,26,2,575,1,0
model,25,3,5,1,tail-max,,22,4,341,1,0
model,25,3,5,2,all-max,,38,0,920,1,0
model,25,3,5,2,victim-max,0,38,0,920,1,0
model,25,3,5,2,others-max,0,38,1,920,1,0
model,25,3,5,2,victim-max,2,38,2,920,1,0
model,25,3,5,2,others-max,2,38,0,920,1,0
model,25,3,5,2,victim-max,4,38,4,920,1,0
model,25,3,5,2,others-max,4,38,0,920,1,0
model,25,3,5,2,front-max,,23,0,539,1,0
model,25,3,5,2,back-max,,25,2,575,1,0
model,25,3,5,2,tail-max,,20,4,341,1,0
model,25,3,5,3,all-max,,38,0,920,1,0
model,25,3,5,3,victim-max,0,38,0,920,1,0
model,25,3,5,3,others-max,0,38,1,920,1,0
model,25,3,5,3,victim-max,2,38,2,920,1,0
model,25,3,5,3,others-max,2,38,0,920,1,0
model,25,3,5,3,victim-max,4,38,4,920,1,0
model,25,3,5,3,others-max,4,38,0,920,1,0
model,25,3,5,3,front-max,,23,0,539,1,0
model,25,3,5,3,back-max,,25,1,575,1,0
model,25,3,5,3,tail-max,,21,4,341,1,0
model,25,3,5,5,all-max,,38,0,920,1,0
model,25,3,5,5,victim-max,0,38,0,920,1,0
model,25,3,5,5,others-max,0,38,1,920,1,0
model,25,3,5,5,victim-max,2,38,2,920,1,0
model,25,3,5,5,others-max,2,38,0,920,1,0
model,25,3,5,5,victim-max,4,38,4,920,1,0
model,25,3,5,5,others-max,4,38,0,920,1,0
model,25,3,5,5,front-max,,23,0,539,1,0
model,25,3,5,5,back-max,,25,2,575,1,0
model,25,3,5,5,tail-max,,20,4,341,1,0
model,25,3,6,1,all-max,,38,0,920,1,0
model,25,3,6,1,victim-max,0,38,0,920,1,0
model,25,3,6,1,others-max,0,38,1,920,1,0
model,25,3,6,1,victim-max,3,38,3,920,1,0
model,25,3,6,1,others-max,3,38,0,920,1,0
model,25,3,6,1,victim-max,5,38,5,920,1,0
model,25,3,6,1,others-max,5,38,0,920,1,0
model,25,3,6,1,front-max,,23,0,539,1,0
model,25,3,6,1,back-max,,26,2,575,1,0
model,25,3,6,1,tail-max,,22,5,341,1,0
model,25,3,6,2,all-max,,39,1,920,1,0
model,25,3,6,2,victim-max,0,38,0,920,1,0
model,25,3,6,2,others-max,0,38,1,920,1,0
model,25,3,6,2,victim-max,3,38,3,920,1,0
model,25,3,6,2,others-max,3,38,0,920,1,0
model,25,3,6,2,victim-max,5,38,5,920,1,0
model,25,3,6,2,others-max,5,38,0,920,1,0
model,25,3,6,2,front-max,,23,0,539,1,0
model,25,3,6,2,back-max,,25,1,575,1,0
model,25,3,6,2,tail-max,,20,5,341,1,0
model,25,3,6,3,all-max,,39,0,920,1,0
model,25,3,6,3,victim-max,0,38,0,920,1,0
model,25,3,6,3,others-max,0,38,1,920,1,0
model,25,3,6,3,victim-max,3,38,3,920,1,0
model,25,3,6,3,others-max,3,38,0,920,1,0
model,25,3,6,3,victim-max,5,38,5,920,1,0
model,25,3,6,3,others-max,5,38,0,920,1,0
model,25,3,6,3,front-max,,23,0,539,1,0
model,25,3,6,3,back-max,,25,1,575,1,0
model,25,3,6,3,tail-max,,21,5,341,1,0
model,25,3,6,5,all-max,,38,0,920,1,0
model,25,3,6,5,victim-max,0,38,0,920,1,0
model,25,3,6,5,others-max,0,38,1,920,1,0
model,25,3,6,5,victim-max,3,38,3,920,1,0
model,25,3,6,5,others-max,3,38,0,920,1,0
model,25,3,6,5,victim-max,5,38,5,920,1,0
model,25,3,6,5,others-max,5,38,0,920,1,0
model,25,3,6,5,front-max,,23,0,539,1,0
model,25,3,6,5,back-max,,25,3,575,1,0
model,25,3,6,5,tail-max,,20,5,341,1,0
model,25,3,7,1,all-max,,39,1,920,1,0
model,25,3,7,1,victim-max,0,38,0,920,1,0
model,25,3,7,1,others-max,0,38,1,920,1,0
model,25,3,7,1,victim-max,3,38,3,920,1,0
model,25,3,7,1,others-max,3,38,0,920,1,0
model,25,3,7,1,victim-max,6,38,6,920,1,0
model,25,3,7,1,others-max,6,38,0,920,1,0
model,25,3,7,1,front-max,,23,0,539,1,0
model,25,3,7,1,back-max,,25,1,575,1,0
model,25,3,7,1,tail-max,,22,6,341,1,0
model,25,3,7,2,all-max,,38,0,920,1,0
model,25,3,7,2,victim-max,0,38,0,920,1,0
model,25,3,7,2,others-max,0,38,1,920,1,0
model,25,3,7,2,victim-max,3,38,3,920,1,0
model,25,3,7,2,others-max,3,38,0,920,1,0
model,25,3,7,2,victim-max,6,38,6,920,1,0
model,25,3,7,2,others-max,6,38,0,920,1,0
model,25,3,7,2,front-max,,23,0,539,1,0
model,25,3,7,2,back-max,,25,0,575,1,0
model,25,3,7,2,tail-max,,20,6,341,1,0
model,25,3,7,3,all-max,,38,0,920,1,0
model,25,3,7,3,victim-max,0,38,0,920,1,0
model,25,3,7,3,others-max,0,38,1,920,1,0
model,25,3,7,3,victim-max,3,38,3,920,1,0
model,25,3,7,3,others-max,3,38,0,920,1,0
model,25,3,7,3,victim-max,6,38,6,920,1,0
model,25,3,7,3,others-max,6,38,0,920,1,0
model,25,3,7,3,front-max,,23,0,539,1,0
model,25,3,7,3,back-max,,25,2,575,1,0
model,25,3,7,3,tail-max,,21,6,341,1,0
model,25,3,7,5,all-max,,38,0,920,1,0
model,25,3,7,5,victim-max,0,38,0,920,1,0
model,25,3,7,5,others-max,0,39,1,920,1,0
model,25,3,7,5,victim-max,3,38,3,920,1,0
model,25,3,7,5,others-max,3,38,0,920,1,0
model,25,3,7,5,victim-max,6,38,6,920,1,0
model,25,3,7,5,others-max,6,38,0,920,1,0
model,25,3,7,5,front-max,,23,0,539,1,0
model,25,3,7,5,back-max,,25,4,575,1,0
model,25,3,7,5,tail-max,,20,6,341,1,0
model,25,3,8,1,all-max,,39,1,920,1,0
model,25,3,8,1,victim-max,0,38,0,920,1,0
model,25,3,8,1,others-max,0,38,1,920,1,0
model,25,3,8,1,victim-max,4,38,4,920,1,0
model,25,3,8,1,others-max,4,38,0,920,1,0
model,25,3,8,1,victim-max,7,38,7,920,1,0
model,25,3,8,1,others-max,7,38,0,920,1,0
model,25,3,8,1,front-max,,23,0,539,1,0
model,25,3,8,1,back-max,,25,0,575,1,0
model,25,3,8,1,tail-max,,22,7,341,1,0
model,25,3,8,2,all-max,,38,0,920,1,0
model,25,3,8,2,victim-max,0,38,0,920,1,0
model,25,3,8,2,others-max,0,38,1,920,1,0
model,25,3,8,2,victim-max,4,38,4,920,1,0
model,25,3,8,2,others-max,4,38,0,920,1,0
model,25,3,8,2,victim-max,7,38,7,920,1,0
model,25,3,8,2,others-max,7,38,0,920,1,0
model,25,3,8,2,front-max,,23,0,539,1,0
model,25,3,8,2,back-max,,25,5,575,1,0
model,25,3,8,2,tail-max,,20,7,341,1,0
model,25,3,8,3,all-max,,38,0,920,1,0
model,25,3,8,3,victim-max,0,38,0,920,1,0
model,25,3,8,3,others-max,0,38,1,920,1,0
model,25,3,8,3,victim-max,4,38,4,920,1,0
model,25,3,8,3,others-max,4,38,0,920,1,0
model,25,3,8,3,victim-max,7,38,7,920,1,0
model,25,3,8,3,others-max,7,38,0,920,1,0
model,25,3,8,3,front-max,,23,0,539,1,0
model,25,3,8,3,back-max,,25,3,575,1,0
model,25,3,8,3,tail-max,,21,7,341,1,0
model,25,3,8,5,all-max,,39,0,920,1,0
model,25,3,8,5,victim-max,0,38,0,920,1,0
model,25,3,8,5,others-max,0,39,1,920,1,0
model,25,3,8,5,victim-max,4,38,4,920,1,0
model,25,3,8,5,others-max,4,38,0,920,1,0
model,25,3,8,5,victim-max,7,38,7,920,1,0
model,25,3,8,5,others-max,7,39,0,920,1,0
model,25,3,8,5,front-max,,23,0,539,1,0
model,25,3,8,5,back-max,,25,5,575,1,0
model,25,3,8,5,tail-max,,20,7,341,1,0
model,25,3,9,1,all-max,,39,0,920,1,0
model,25,3,9,1,victim-max,0,38,0,920,1,0
model,25,3,9,1,others-max,0,38,1,920,1,0
model,25,3,9,1,victim-max,4,38,4,920,1,0
model,25,3,9,1,others-max,4,38,0,920,1,0
model,25,3,9,1,victim-max,8,38,8,920,1,0
model,25,3,9,1,others-max,8,38,0,920,1,0
model,25,3,9,1,front-max,,23,0,539,1,0
model,25,3,9,1,back-max,,25,1,575,1,0
model,25,3,9,1,tail-max,,22,8,341,1,0
model,25,3,9,2,all-max,,38,0,920,1,0
model,25,3,9,2,victim-max,0,38,0,920,1,0
model,25,3,9,2,others-max,0,38,1,920,1,0
model,25,3,9,2,victim-max,4,38,4,920,1,0
model,25,3,9,2,others-max,4,38,0,920,1,0
model,25,3,9,2,victim-max,8,38,8,920,1,0
model,25,3,9,2,others-max,8,38,0,920,1,0
model,25,3,9,2,front-max,,23,0,539,1,0
model,25,3,9,2,back-max,,25,0,575,1,0
model,25,3,9,2,tail-max,,20,8,341,1,0
model,25,3,9,3,all-max,,39,2,920,1,0
model,25,3,9,3,victim-max,0,38,0,920,1,0
model,25,3,9,3,others-max,0,38,1,920,1,0
model,25,3,9,3,victim-max,4,38,4,920,1,0
model,25,3,9,3,others-max,4,38,0,920,1,0
model,25,3,9,3,victim-max,8,38,8,920,1,0
model,25,3,9,3,others-max,8,38,0,920,1,0
model,25,3,9,3,front-max,,23,0,539,1,0
model,25,3,9,3,back-max,,25,4,575,1,0
model,25,3,9,3,tail-max,,21,8,341,1,0
model,25,3,9,5,all-max,,39,0,920,1,0
model,25,3,9,5,victim-max,0,38,0,920,1,0
model,25,3,9,5,others-max,0,39,1,920,1,0
model,25,3,9,5,victim-max,4,38,4,920,1,0
model,25,3,9,5,others-max,4,38,0,920,1,0
model,25,3,9,5,victim-max,8,38,8,920,1,0
model,25,3,9,5,others-max,8,39,0,920,1,0
model,25,3,9,5,front-max,,23,0,539,1,0
model,25,3,9,5,back-max,,25,6,575,1,0
model,25,3,9,5,tail-max,,20,8,341,1,0
model,25,3,10,1,all-max,,39,1,920,1,0
model,25,3,10,1,victim-max,0,38,0,920,1,0
model,25,3,10,1,others-max,0,38,1,920,1,0
model,25,3,10,1,victim-max,5,38,5,920,1,0
model,25,3,10,1,others-max,5,38,0,920,1,0
model,25,3,10,1,victim-max,9,38,9,920,1,0
model,25,3,10,1,others-max,9,38,0,920,1,0
model,25,3,10,1,front-max,,23,0,539,1,0
model,25,3,10,1,back-max,,25,0,575,1,0
model,25,3,10,1,tail-max,,22,9,341,1,0
model,25,3,10,2,all-max,,39,0,920,1,0
model,25,3,10,2,victim-max,0,38,0,920,1,0
model,25,3,10,2,others-max,0,38,1,920,1,0
model,25,3,10,2,victim-max,5,38,5,920,1,0
model,25,3,10,2,others-max,5,38,0,920,1,0
model,25,3,10,2,victim-max,9,38,9,920,1,0
model,25,3,10,2,others-max,9,38,0,920,1,0
model,25,3,10,2,front-max,,24,0,539,1,0
model,25,3,10,2,back-max,,25,0,575,1,0
model,25,3,10,2,tail-max,,20,9,341,1,0
model,25,3,10,3,all-max,,39,2,920,1,0
model,25,3,10,3,victim-max,0,38,0,920,1,0
model,25,3,10,3,others-max,0,38,1,920,1,0
model,25,3,10,3,victim-max,5,38,5,920,1,0
model,25,3,10,3,others-max,5,38,0,920,1,0
model,25,3,10,3,victim-max,9,38,9,920,1,0
model,25,3,10,3,others-max,9,38,0,920,1,0
model,25,3,10,3,front-max,,23,0,539,1,0
model,25,3,10,3,back-max,,25,5,575,1,0
model,25,3,10,3,tail-max,,21,9,341,1,0
model,25,3,10,5,all-max,,39,0,920,1,0
model,25,3,10,5,victim-max,0,38,0,920,1,0
model,25,3,10,5,others-max,0,39,1,920,1,0
model,25,3,10,5,victim-max,5,38,5,920,1,0
model,25,3,10,5,others-max,5,38,0,920,1,0
model,25,3,10,5,victim-max,9,38,9,920,1,0
model,25,3,10,5,others-max,9,39,0,920,1,0
model,25,3,10,5,front-max,,23,0,539,1,0
model,25,3,10,5,back-max,,25,7,575,1,0
model,25,3,10,5,tail-max,,20,9,341,1,0
model,25,3,11,1,all-max,,38,0,920,1,0
model,25,3,11,1,victim-max,0,38,0,920,1,0
model,25,3,11,1,others-max,0,38,1,920,1,0
model,25,3,11,1,victim-max,5,38,5,920,1,0
model,25,3,11,1,others-max,5,38,0,920,1,0
model,25,3,11,1,victim-max,10,38,10,920,1,0
model,25,3,11,1,others-max,10,38,0,920,1,0
model,25,3,11,1,front-max,,23,0,539,1,0
model,25,3,11,1,back-max,,25,2,575,1,0
model,25,3,11,1,tail-max,,22,10,341,1,0
model,25,3,11,2,all-max,,38,0,920,1,0
model,25,3,11,2,victim-max,0,38,0,920,1,0
model,25,3,11,2,others-max,0,38,1,920,1,0
model,25,3,11,2,victim-max,5,38,5,920,1,0
model,25,3,11,2,others-max,5,38,0,920,1,0
model,25,3,11,2,victim-max,10,38,10,920,1,0
model,25,3,11,2,others-max,10,38,0,920,1,0
model,25,3,11,2,front-max,,24,0,539,1,0
model,25,3,11,2,back-max,,25,0,575,1,0
model,25,3,11,2,tail-max,,20,10,341,1,0
model,25,3,11,3,all-max,,39,2,920,1,0
model,25,3,11,3,victim-max,0,38,0,920,1,0
model,25,3,11,3,others-max,0,38,1,920,1,0
model,25,3,11,3,victim-max,5,38,5,920,1,0
model,25,3,11,3,others-max,5,38,0,920,1,0
model,25,3,11,3,victim-max,10,38,10,920,1,0
model,25,3,11,3,others-max,10,38,0,920,1,0
model,25,3,11,3,front-max,,23,0,539,1,0
model,25,3,11,3,back-max,,25,6,575,1,0
model,25,3,11,3,tail-max,,21,10,341,1,0
model,25,3,11,5,all-max,,39,0,920,1,0
model,25,3,11,5,victim-max,0,38,0,920,1,0
model,25,3,11,5,others-max,0,39,1,920,1,0
model,25,3,11,5,victim-max,5,38,5,920,1,0
model,25,3,11,5,others-max,5,38,0,920,1,0
model,25,3,11,5,victim-max,10,38,10,920,1,0
model,25,3,11,5,others-max,10,39,0,920,1,0
model,25,3,11,5,front-max,,23,0,539,1,0
model,25,3,11,5,back-max,,25,8,575,1,0
model,25,3,11,5,tail-max,,20,10,341,1,0
model,25,3,12,1,all-max,,39,2,920,1,0
model,25,3,12,1,victim-max,0,38,0,920,1,0
model,25,3,12,1,others-max,0,38,1,920,1,0
model,25,3,12,1,victim-max,6,38,6,920,1,0
model,25,3,12,1,others-max,6,38,0,920,1,0
model,25,3,12,1,victim-max,11,38,11,920,1,0
model,25,3,12,1,others-max,11,38,0,920,1,0
model,25,3,12,1,front-max,,23,0,539,1,0
model,25,3,12,1,back-max,,25,1,575,1,0
model,25,3,12,1,tail-max,,22,11,341,1,0
model,25,3,12,2,all-max,,39,1,920,1,0
model,25,3,12,2,victim-max,0,38,0,920,1,0
model,25,3,12,2,others-max,0,38,1,920,1,0
model,25,3,12,2,victim-max,6,38,6,920,1,0
model,25,3,12,2,others-max,6,38,0,920,1,0
model,25,3,12,2,victim-max,11,38,11,920,1,0
model,25,3,12,2,others-max,11,38,0,920,1,0
model,25,3,12,2,front-max,,24,0,539,1,0
model,25,3,12,2,back-max,,25,0,575,1,0
model,25,3,12,2,tail-max,,20,11,341,1,0
model,25,3,12,3,all-max,,38,0,920,1,0
model,25,3,12,3,victim-max,0,38,0,920,1,0
model,25,3,12,3,others-max,0,39,1,920,1,0
model,25,3,12,3,victim-max,6,38,6,920,1,0
model,25,3,12,3,others-max,6,38,0,920,1,0
model,25,3,12,3,victim-max,11,38,11,920,1,0
model,25,3,12,3,others-max,11,38,0,920,1,0
model,25,3,12,3,front-max,,23,0,539,1,0
model,25,3,12,3,back-max,,25,7,575,1,0
model,25,3,12,3,tail-max,,21,11,341,1,0
model,25,3,12,5,all-max,,39,0,920,1,0
model,25,3,12,5,victim-max,0,38,0,920,1,0
model,25,3,12,5,others-max,0,39,1,920,1,0
model,25,3,12,5,victim-max,6,38,6,920,1,0
model,25,3,12,5,others-max,6,38,0,920,1,0
model,25,3,12,5,victim-max,11,38,11,920,1,0
model,25,3,12,5,others-max,11,39,0,920,1,0
model,25,3,12,5,front-max,,23,0,539,1,0
model,25,3,12,5,back-max,,25,9,575,1,0
model,25,3,12,5,tail-max,,20,11,341,1,0
model,25,3,13,1,all-max,,39,4,920,1,0
model,25,3,13,1,victim-max,0,38,0,920,1,0
model,25,3,13,1,others-max,0,38,1,920,1,0
model,25,3,13,1,victim-max,6,38,6,920,1,0
model,25,3,13,1,others-max,6,38,0,920,1,0
model,25,3,13,1,victim-max,12,38,12,920,1,0
model,25,3,13,1,others-max,12,38,0,920,1,0
model,25,3,13,1,front-max,,24,1,539,1,0
model,25,3,13,1,back-max,,25,2,575,1,0
model,25,3,13,1,tail-max,,22,12,341,1,0
model,25,3,13,2,all-max,,39,1,920,1,0
model,25,3,13,2,victim-max,0,38,0,920,1,0
model,25,3,13,2,others-max,0,38,1,920,1,0
model,25,3,13,2,victim-max,6,38,6,920,1,0
model,25,3,13,2,others-max,6,38,0,920,1,0
model,25,3,13,2,victim-max,12,38,12,920,1,0
model,25,3,13,2,others-max,12,38,0,920,1,0
model,25,3,13,2,front-max,,24,0,539,1,0
model,25,3,13,2,back-max,,25,0,575,1,0
model,25,3,13,2,tail-max,,20,12,341,1,0
model,25,3,13,3,all-max,,39,2,920,1,0
model,25,3,13,3,victim-max,0,38,0,920,1,0
model,25,3,13,3,others-max,0,39,1,920,1,0
model,25,3,13,3,victim-max,6,38,6,920,1,0
model,25,3,13,3,others-max,6,38,0,920,1,0
model,25,3,13,3,victim-max,12,38,12,920,1,0
model,25,3,13,3,others-max,12,38,0,920,1,0
model,25,3,13,3,front-max,,23,0,539,1,0
model,25,3,13,3,back-max,,25,8,575,1,0
model,25,3,13,3,tail-max,,21,12,341,1,0
model,25,3,13,5,all-max,,39,0,920,1,0
model,25,3,13,5,victim-max,0,38,0,920,1,0
model,25,3,13,5,others-max,0,39,1,920,1,0
model,25,3,13,5,victim-max,6,38,6,920,1,0
model,25,3,13,5,others-max,6,38,0,920,1,0
model,25,3,13,5,victim-max,12,38,12,920,1,0
model,25,3,13,5,others-max,12,39,0,920,1,0
model,25,3,13,5,front-max,,23,0,539,1,0
model,25,3,13,5,back-max,,25,10,575,1,0
model,25,3,13,5,tail-max,,20,12,341,1,0
model,25,3,14,1,all-max,,38,0,920,1,0
model,25,3,14,1,victim-max,0,38,0,920,1,0
model,25,3,14,1,others-max,0,38,1,920,1,0
model,25,3,14,1,victim-max,7,38,7,920,1,0
model,25,3,14,1,others-max,7,38,0,920,1,0
model,25,3,14,1,victim-max,13,38,13,920,1,0
model,25,3,14,1,others-max,13,38,0,920,1,0
model,25,3,14,1,front-max,,23,0,539,1,0
model,25,3,14,1,back-max,,25,0,575,1,0
model,25,3,14,1,tail-max,,22,13,341,1,0
model,25,3,14,2,all-max,,39,1,920,1,0
model,25,3,14,2,victim-max,0,38,0,920,1,0
model,25,3,14,2,others-max,0,38,1,920,1,0
model,25,3,14,2,victim-max,7,38,7,920,1,0
model,25,3,14,2,others-max,7,38,0,920,1,0
model,25,3,14,2,victim-max,13,38,13,920,1,0
model,25,3,14,2,others-max,13,38,0,920,1,0
model,25,3,14,2,front-max,,24,0,539,1,0
model,25,3,14,2,back-max,,25,0,575,1,0
model,25,3,14,2,tail-max,,20,13,341,1,0
model,25,3,14,3,all-max,,39,2,920,1,0
model,25,3,14,3,victim-max,0,38,0,920,1,0
model,25,3,14,3,others-max,0,39,1,920,1,0
model,25,3,14,3,victim-max,7,38,7,920,1,0
model,25,3,14,3,others-max,7,38,0,920,1,0
model,25,3,14,3,victim-max,13,38,13,920,1,0
model,25,3,14,3,others-max,13,39,2,920,1,0
model,25,3,14,3,front-max,,23,0,539,1,0
model,25,3,14,3,back-max,,25,9,575,1,0
model,25,3,14,3,tail-max,,21,13,341,1,0
model,25,3,14,5,all-max,,39,0,920,1,0
model,25,3,14,5,victim-max,0,38,0,920,1,0
model,25,3,14,5,others-max,0,39,1,920,1,0
model,25,3,14,5,victim-max,7,38,7,920,1,0
model,25,3,14,5,others-max,7,39,0,920,1,0
model,25,3,14,5,victim-max,13,38,13,920,1,0
model,25,3,14,5,others-max,13,39,0,920,1,0
model,25,3,14,5,front-max,,23,0,539,1,0
model,25,3,14,5,back-max,,25,11,575,1,0
model,25,3,14,5,tail-max,,20,13,341,1,0
model,25,3,15,1,all-max,,39,0,920,1,0
model,25,3,15,1,victim-max,0,38,0,920,1,0
model,25,3,15,1,others-max,0,38,1,920,1,0
model,25,3,15,1,victim-max,7,38,7,920,1,0
model,25,3,15,1,others-max,7,38,0,920,1,0
model,25,3,15,1,victim-max,14,38,14,920,1,0
model,25,3,15,1,others-max,14,38,0,920,1,0
model,25,3,15,1,front-max,,23,0,539,1,0
model,25,3,15,1,back-max,,25,1,575,1,0
model,25,3,15,1,tail-max,,22,14,341,1,0
model,25,3,15,2,all-max,,39,1,920,1,0
model,25,3,15,2,victim-max,0,38,0,920,1,0
model,25,3,15,2,others-max,0,38,1,920,1,0
model,25,3,15,2,victim-max,7,38,7,920,1,0
model,25,3,15,2,others-max,7,38,0,920,1,0
model,25,3,15,2,victim-max,14,38,14,920,1,0
model,25,3,15,2,others-max,14,38,0,920,1,0
model,25,3,15,2,front-max,,24,0,539,1,0
model,25,3,15,2,back-max,,25,0,575,1,0
model,25,3,15,2,tail-max,,20,14,341,1,0
model,25,3,15,3,all-max,,39,2,920,1,0
model,25,3,15,3,victim-max,0,38,0,920,1,0
model,25,3,15,3,others-max,0,39,1,920,1,0
model,25,3,15,3,victim-max,7,38,7,920,1,0
model,25,3,15,3,others-max,7,38,0,920,1,0
model,25,3,15,3,victim-max,14,38,14,920,1,0
model,25,3,15,3,others-max,14,39,2,920,1,0
model,25,3,15,3,front-max,,23,0,539,1,0
model,25,3,15,3,back-max,,25,10,575,1,0
model,25,3,15,3,tail-max,,21,14,341,1,0
model,25,3,15,5,all-max,,39,0,920,1,0
model,25,3,15,5,victim-max,0,38,0,920,1,0
model,25,3,15,5,others-max,0,39,1,920,1,0
model,25,3,15,5,victim-max,7,38,7,920,1,0
model,25,3,15,5,others-max,7,39,0,920,1,0
model,25,3,15,5,victim-max,14,38,14,920,1,0
model,25,3,15,5,others-max,14,39,0,920,1,0
model,25,3,15,5,front-max,,23,0,539,1,0
model,25,3,15,5,back-max,,25,12,575,1,0
model,25,3,15,5,tail-max,,20,14,341,1,0
model,25,3,16,1,all-max,,38,0,920,1,0
model,25,3,16,1,victim-max,0,38,0,920,1,0
model,25,3,16,1,others-max,0,38,1,920,1,0
model,25,3,16,1,victim-max,8,38,8,920,1,0
model,25,3,16,1,others-max,8,38,0,920,1,0
model,25,3,16,1,victim-max,15,38,15,920,1,0
model,25,3,16,1,others-max,15,38,0,920,1,0
model,25,3,16,1,front-max,,23,0,539,1,0
model,25,3,16,1,back-max,,25,4,575,1,0
model,25,3,16,1,tail-max,,22,15,341,1,0
model,25,3,16,2,all-max,,39,1,920,1,0
model,25,3,16,2,victim-max,0,38,0,920,1,0
model,25,3,16,2,others-max,0,38,1,920,1,0
model,25,3,16,2,victim-max,8,38,8,920,1,0
model,25,3,16,2,others-max,8,38,0,920,1,0
model,25,3,16,2,victim-max,15,38,15,920,1,0
model,25,3,16,2,others-max,15,38,0,920,1,0
model,25,3,16,2,front-max,,24,0,539,1,0
model,25,3,16,2,back-max,,25,0,575,1,0
model,25,3,16,2,tail-max,,20,15,341,1,0
model,25,3,16,3,all-max,,39,2,920,1,0
model,25,3,16,3,victim-max,0,38,0,920,1,0
model,25,3,16,3,others-max,0,39,1,920,1,0
model,25,3,16,3,victim-max,8,38,8,920,1,0
model,25,3,16,3,others-max,8,38,0,920,1,0
model,25,3,16,3,victim-max,15,38,15,920,1,0
model,25,3,16,3,others-max,15,39,2,920,1,0
model,25,3,16,3,front-max,,23,0,539,1,0
model,25,3,16,3,back-max,,25,11,575,1,0
model,25,3,16,3,tail-max,,21,15,341,1,0
model,25,3,16,5,all-max,,39,0,920,1,0
model,25,3,16,5,victim-max,0,38,0,920,1,0
model,25,3,16,5,others-max,0,39,1,920,1,0
model,25,3,16,5,victim-max,8,38,8,920,1,0
model,25,3,16,5,others-max,8,39,0,920,1,0
model,25,3,16,5,victim-max,15,38,15,920,1,0
model,25,3,16,5,others-max,15,39,0,920,1,0
model,25,3,16,5,front-max,,23,0,539,1,0
model,25,3,16,5,back-max,,25,13,575,1,0
model,25,3,16,5,tail-max,,20,15,341,1,0
model,25,3,17,1,all-max,,39,4,920,1,0
model,25,3,17,1,victim-max,0,38,0,920,1,0
model,25,3,17,1,others-max,0,38,1,920,1,0
model,25,3,17,1,victim-max,8,38,8,920,1,0
model,25,3,17,1,others-max,8,38,0,920,1,0
model,25,3,17,1,victim-max,16,38,16,920,1,0
model,25,3,17,1,others-max,16,38,0,920,1,0
model,25,3,17,1,front-max,,24,1,539,1,0
model,25,3,17,1,back-max,,25,0,575,1,0
model,25,3,17,1,tail-max,,22,16,341,1,0
model,25,3,17,2,all-max,,38,0,920,1,0
model,25,3,17,2,victim-max,0,38,0,920,1,0
model,25,3,17,2,others-max,0,39,2,920,1,0
model,25,3,17,2,victim-max,8,38,8,920,1,0
model,25,3,17,2,others-max,8,38,0,920,1,0
model,25,3,17,2,victim-max,16,38,16,920,1,0
model,25,3,17,2,others-max,16,38,0,920,1,0
model,25,3,17,2,front-max,,24,0,539,1,0
model,25,3,17,2,back-max,,25,0,575,1,0
model,25,3,17,2,tail-max,,20,16,341,1,0
model,25,3,17,3,all-max,,39,2,920,1,0
model,25,3,17,3,victim-max,0,38,0,920,1,0
model,25,3,17,3,others-max,0,39,1,920,1,0
model,25,3,17,3,victim-max,8,38,8,920,1,0
model,25,3,17,3,others-max,8,38,0,920,1,0
model,25,3,17,3,victim-max,16,38,16,920,1,0
model,25,3,17,3,others-max,16,39,2,920,1,0
model,25,3,17,3,front-max,,23,0,539,1,0
model,25,3,17,3,back-max,,25,12,575,1,0
model,25,3,17,3,tail-max,,21,16,341,1,0
model,25,3,17,5,all-max,,39,0,920,1,0
model,25,3,17,5,victim-max,0,38,0,920,1,0
model,25,3,17,5,others-max,0,39,1,920,1,0
model,25,3,17,5,victim-max,8,38,8,920,1,0
model,25,3,17,5,others-max,8,39,0,920,1,0
model,25,3,17,5,victim-max,16,38,16,920,1,0
model,25,3,17,5,others-max,16,39,0,920,1,0
model,25,3,17,5,front-max,,23,0,539,1,0
model,25,3,17,5,back-max,,25,14,575,1,0
model,25,3,17,5,tail-max,,20,16,341,1,0
model,25,3,18,1,all-max,,38,0,920,1,0
model,25,3,18,1,victim-max,0,38,0,920,1,0
model,25,3,18,1,others-max,0,38,1,920,1,0
model,25,3,18,1,victim-max,9,38,9,920,1,0
model,25,3,18,1,others-max,9,38,0,920,1,0
model,25,3,18,1,victim-max,17,38,17,920,1,0
model,25,3,18,1,others-max,17,38,0,920,1,0
model,25,3,18,1,front-max,,24,1,539,1,0
model,25,3,18,1,back-max,,25,0,575,1,0
model,25,3,18,1,tail-max,,22,17,341,1,0
model,25,3,18,2,all-max,,39,3,920,1,0
model,25,3,18,2,victim-max,0,38,0,920,1,0
model,25,3,18,2,others-max,0,39,2,920,1,0
model,25,3,18,2,victim-max,9,38,9,920,1,0
model,25,3,18,2,others-max,9,38,0,920,1,0
model,25,3,18,2,victim-max,17,38,17,920,1,0
model,25,3,18,2,others-max,17,38,0,920,1,0
model,25,3,18,2,front-max,,24,0,539,1,0
model,25,3,18,2,back-max,,25,0,575,1,0
model,25,3,18,2,tail-max,,20,17,341,1,0
model,25,3,18,3,all-max,,39,2,920,1,0
model,25,3,18,3,victim-max,0,38,0,920,1,0
model,25,3,18,3,others-max,0,39,1,920,1,0
model,25,3,18,3,victim-max,9,38,9,920,1,0
model,25,3,18,3,others-max,9,38,0,920,1,0
model,25,3,18,3,victim-max,17,38,17,920,1,0
model,25,3,18,3,others-max,17,39,2,920,1,0
model,25,3,18,3,front-max,,23,0,539,1,0
model,25,3,18,3,back-max,,25,13,575,1,0
model,25,3,18,3,tail-max,,21,17,341,1,0
model,25,3,18,5,all-max,,39,0,920,1,0
model,25,3,18,5,victim-max,0,38,0,920,1,0
model,25,3,18,5,others-max,0,39,1,920,1,0
model,25,3,18,5,victim-max,9,38,9,920,1,0
model,25,3,18,5,others-max,9,39,0,920,1,0
model,25,3,18,5,victim-max,17,38,17,920,1,0
model,25,3,18,5,others-max,17,39,0,920,1,0
model,25,3,18,5,front-max,,23,0,539,1,0
model,25,3,18,5,back-max,,25,15,575,1,0
model,25,3,18,5,tail-max,,20,17,341,1,0
model,25,3,19,1,all-max,,39,4,920,1,0
model,25,3,19,1,victim-max,0,38,0,920,1,0
model,25,3,19,1,others-max,0,38,1,920,1,0
model,25,3,19,1,victim-max,9,38,9,920,1,0
model,25,3,19,1,others-max,9,38,0,920,1,0
model,25,3,19,1,victim-max,18,38,18,920,1,0
model,25,3,19,1,others-max,18,38,0,920,1,0
model,25,3,19,1,front-max,,23,0,539,1,0
model,25,3,19,1,back-max,,25,0,575,1,0
model,25,3,19,1,tail-max,,22,18,341,1,0
model,25,3,19,2,all-max,,39,3,920,1,0
model,25,3,19,2,victim-max,0,38,0,920,1,0
model,25,3,19,2,others-max,0,38,1,920,1,0
model,25,3,19,2,victim-max,9,38,9,920,1,0
model,25,3,19,2,others-max,9,38,0,920,1,0
model,25,3,19,2,victim-max,18,38,18,920,1,0
model,25,3,19,2,others-max,18,38,0,920,1,0
model,25,3,19,2,front-max,,24,0,539,1,0
model,25,3,19,2,back-max,,25,0,575,1,0
model,25,3,19,2,tail-max,,20,18,341,1,0
model,25,3,19,3,all-max,,39,2,920,1,0
model,25,3,19,3,victim-max,0,38,0,920,1,0
model,25,3,19,3,others-max,0,39,1,920,1,0
model,25,3,19,3,victim-max,9,38,9,920,1,0
model,25,3,19,3,others-max,9,38,0,920,1,0
model,25,3,19,3,victim-max,18,38,18,920,1,0
model,25,3,19,3,others-max,18,39,2,920,1,0
model,25,3,19,3,front-max,,23,0,539,1,0
model,25,3,19,3,back-max,,25,14,575,1,0
model,25,3,19,3,tail-max,,21,18,341,1,0
model,25,3,19,5,all-max,,39,0,920,1,0
model,25,3,19,5,victim-max,0,38,0,920,1,0
model,25,3,19,5,others-max,0,39,1,920,1,0
model,25,3,19,5,victim-max,9,38,9,920,1,0
model,25,3,19,5,others-max,9,39,0,920,1,0
model,25,3,19,5,victim-max,18,38,18,920,1,0
model,25,3,19,5,others-max,18,39,0,920,1,0
model,25,3,19,5,front-max,,23,0,539,1,0
model,25,3,19,5,back-max,,25,16,575,1,0
model,25,3,19,5,tail-max,,20,18,341,1,0
model,25,3,20,1,all-max,,38,0,920,1,0
model,25,3,20,1,victim-max,0,38,0,920,1,0
model,25,3,20,1,others-max,0,38,1,920,1,0
model,25,3,20,1,victim-max,10,38,10,920,1,0
model,25,3,20,1,others-max,10,38,0,920,1,0
model,25,3,20,1,victim-max,19,38,19,920,1,0
model,25,3,20,1,others-max,19,38,0,920,1,0
model,25,3,20,1,front-max,,23,0,539,1,0
model,25,3,20,1,back-max,,25,3,575,1,0
model,25,3,20,1,tail-max,,22,19,341,1,0
model,25,3,20,2,all-max,,38,0,920,1,0
model,25,3,20,2,victim-max,0,38,0,920,1,0
model,25,3,20,2,others-max,0,38,1,920,1,0
model,25,3,20,2,victim-max,10,38,10,920,1,0
model,25,3,20,2,others-max,10,38,0,920,1,0
model,25,3,20,2,victim-max,19,38,19,920,1,0
model,25,3,20,2,others-max,19,39,3,920,1,0
model,25,3,20,2,front-max,,24,0,539,1,0
model,25,3,20,2,back-max,,25,0,575,1,0
model,25,3,20,2,tail-max,,20,19,341,1,0
model,25,3,20,3,all-max,,39,2,920,1,0
model,25,3,20,3,victim-max,0,38,0,920,1,0
model,25,3,20,3,others-max,0,39,1,920,1,0
model,25,3,20,3,victim-max,10,38,10,920,1,0
model,25,3,20,3,others-max,10,38,0,920,1,0
model,25,3,20,3,victim-max,19,38,19,920,1,0
model,25,3,20,3,others-max,19,39,2,920,1,0
model,25,3,20,3,front-max,,23,0,539,1,0
model,25,3,20,3,back-max,,25,15,575,1,0
model,25,3,20,3,tail-max,,21,19,341,1,0
model,25,3,20,5,all-max,,39,0,920,1,0
model,25,3,20,5,victim-max,0,38,0,920,1,0
model,25,3,20,5,others-max,0,39,1,920,1,0
model,25,3,20,5,victim-max,10,38,10,920,1,0
model,25,3,20,5,others-max,10,39,0,920,1,0
model,25,3,20,5,victim-max,19,38,19,920,1,0
model,25,3,20,5,others-max,19,39,0,920,1,0
model,25,3,20,5,front-max,,23,0,539,1,0
model,25,3,20,5,back-max,,25,17,575,1,0
model,25,3,20,5,tail-max,,20,19,341,1,0
model,25,3,21,1,all-max,,39,0,920,1,0
model,25,3,21,1,victim-max,0,38,0,920,1,0
model,25,3,21,1,others-max,0,38,1,920,1,0
model,25,3,21,1,victim-max,10,38,10,920,1,0
model,25,3,21,1,others-max,10,38,0,920,1,0
model,25,3,21,1,victim-max,20,38,20,920,1,0
model,25,3,21,1,others-max,20,38,0,920,1,0
model,25,3,21,1,front-max,,23,0,539,1,0
model,25,3,21,1,back-max,,25,3,575,1,0
model,25,3,21,1,tail-max,,22,20,341,1,0
model,25,3,21,2,all-max,,39,6,920,1,0
model,25,3,21,2,victim-max,0,38,0,920,1,0
model,25,3,21,2,others-max,0,38,1,920,1,0
model,25,3,21,2,victim-max,10,38,10,920,1,0
model,25,3,21,2,others-max,10,38,0,920,1,0
model,25,3,21,2,victim-max,20,38,20,920,1,0
model,25,3,21,2,others-max,20,38,0,920,1,0
model,25,3,21,2,front-max,,24,0,539,1,0
model,25,3,21,2,back-max,,25,0,575,1,0
model,25,3,21,2,tail-max,,20,20,341,1,0
model,25,3,21,3,all-max,,39,2,920,1,0
model,25,3,21,3,victim-max,0,38,0,920,1,0
model,25,3,21,3,others-max,0,39,1,920,1,0
model,25,3,21,3,victim-max,10,38,10,920,1,0
model,25,3,21,3,others-max,10,38,0,920,1,0
model,25,3,21,3,victim-max,20,38,20,920,1,0
model,25,3,21,3,others-max,20,39,2,920,1,0
model,25,3,21,3,front-max,,23,0,539,1,0
model,25,3,21,3,back-max,,25,16,575,1,0
model,25,3,21,3,tail-max,,21,20,341,1,0
model,25,3,21,5,all-max,,39,0,920,1,0
model,25,3,21,5,victim-max,0,38,0,920,1,0
model,25,3,21,5,others-max,0,39,1,920,1,0
model,25,3,21,5,victim-max,10,38,10,920,1,0
model,25,3,21,5,others-max,10,39,0,920,1,0
model,25,3,21,5,victim-max,20,38,20,920,1,0
model,25,3,21,5,others-max,20,39,0,920,1,0
model,25,3,21,5,front-max,,23,0,539,1,0
model,25,3,21,5,back-max,,25,18,575,1,0
model,25,3,21,5,tail-max,,20,20,341,1,0
model,25,3,22,1,all-max,,39,0,920,1,0
model,25,3,22,1,victim-max,0,38,0,920,1,0
model,25,3,22,1,others-max,0,38,1,920,1,0
model,25,3,22,1,victim-max,11,38,11,920,1,0
model,25,3,22,1,others-max,11,38,0,920,1,0
model,25,3,22,1,victim-max,21,38,21,920,1,0
model,25,3,22,1,others-max,21,38,0,920,1,0
model,25,3,22,1,front-max,,23,0,539,1,0
model,25,3,22,1,back-max,,25,6,575,1,0
model,25,3,22,1,tail-max,,22,21,341,1,0
model,25,3,22,2,all-max,,39,6,920,1,0
model,25,3,22,2,victim-max,0,38,0,920,1,0
model,25,3,22,2,others-max,0,39,6,920,1,0
model,25,3,22,2,victim-max,11,38,11,920,1,0
model,25,3,22,2,others-max,11,38,0,920,1,0
model,25,3,22,2,victim-max,21,38,21,920,1,0
model,25,3,22,2,others-max,21,38,0,920,1,0
model,25,3,22,2,front-max,,24,0,539,1,0
model,25,3,22,2,back-max,,25,0,575,1,0
model,25,3,22,2,tail-max,,20,21,341,1,0
model,25,3,22,3,all-max,,39,2,920,1,0
model,25,3,22,3,victim-max,0,38,0,920,1,0
model,25,3,22,3,others-max,0,39,1,920,1,0
model,25,3,22,3,victim-max,11,38,11,920,1,0
model,25,3,22,3,others-max,11,38,0,920,1,0
model,25,3,22,3,victim-max,21,38,21,920,1,0
model,25,3,22,3,others-max,21,39,2,920,1,0
model,25,3,22,3,front-max,,23,0,539,1,0
model,25,3,22,3,back-max,,25,17,575,1,0
model,25,3,22,3,tail-max,,21,21,341,1,0
model,25,3,22,5,all-max,,39,0,920,1,0
model,25,3,22,5,victim-max,0,38,0,920,1,0
model,25,3,22,5,others-max,0,39,1,920,1,0
model,25,3,22,5,victim-max,11,38,11,920,1,0
model,25,3,22,5,others-max,11,39,0,920,1,0
model,25,3,22,5,victim-max,21,38,21,920,1,0
model,25,3,22,5,others-max,21,39,0,920,1,0
model,25,3,22,5,front-max,,23,0,539,1,0
model,25,3,22,5,back-max,,25,19,575,1,0
model,25,3,22,5,tail-max,,20,21,341,1,0
model,25,3,23,1,all-max,,39,3,920,1,0
model,25,3,23,1,victim-max,0,38,0,920,1,0
model,25,3,23,1,others-max,0,39,2,920,1,0
model,25,3,23,1,victim-max,11,38,11,920,1,0
model,25,3,23,1,others-max,11,38,0,920,1,0
model,25,3,23,1,victim-max,22,38,22,920,1,0
model,25,3,23,1,others-max,22,38,0,920,1,0
model,25,3,23,1,front-max,,23,0,539,1,0
model,25,3,23,1,back-max,,25,4,575,1,0
model,25,3,23,1,tail-max,,22,22,341,1,0
model,25,3,23,2,all-max,,38,0,920,1,0
model,25,3,23,2,victim-max,0,38,0,920,1,0
model,25,3,23,2,others-max,0,39,6,920,1,0
model,25,3,23,2,victim-max,11,38,11,920,1,0
model,25,3,23,2,others-max,11,38,0,920,1,0
model,25,3,23,2,victim-max,22,38,22,920,1,0
model,25,3,23,2,others-max,22,38,0,920,1,0
model,25,3,23,2,front-max,,24,0,539,1,0
model,25,3,23,2,back-max,,25,0,575,1,0
model,25,3,23,2,tail-max,,20,22,341,1,0
model,25,3,23,3,all-max,,39,2,920,1,0
model,25,3,23,3,victim-max,0,38,0,920,1,0
model,25,3,23,3,others-max,0,39,1,920,1,0
model,25,3,23,3,victim-max,11,38,11,920,1,0
model,25,3,23,3,others-max,11,38,0,920,1,0
model,25,3,23,3,victim-max,22,38,22,920,1,0
model,25,3,23,3,others-max,22,39,2,920,1,0
model,25,3,23,3,front-max,,23,0,539,1,0
model,25,3,23,3,back-max,,25,18,575,1,0
model,25,3,23,3,tail-max,,21,22,341,1,0
model,25,3,23,5,all-max,,39,0,920,1,0
model,25,3,23,5,victim-max,0,38,0,920,1,0
model,25,3,23,5,others-max,0,39,1,920,1,0
model,25,3,23,5,victim-max,11,38,11,920,1,0
model,25,3,23,5,others-max,11,39,0,920,1,0
model,25,3,23,5,victim-max,22,38,22,920,1,0
model,25,3,23,5,others-max,22,39,0,920,1,0
model,25,3,23,5,front-max,,23,0,539,1,0
model,25,3,23,5,back-max,,25,20,575,1,0
model,25,3,23,5,tail-max,,20,22,341,1,0
model,25,3,24,1,all-max,,39,4,920,1,0
model,25,3,24,1,victim-max,0,38,0,920,1,0
model,25,3,24,1,others-max,0,39,2,920,1,0
model,25,3,24,1,victim-max,12,38,12,920,1,0
model,25,3,24,1,others-max,12,38,0,920,1,0
model,25,3,24,1,victim-max,23,38,23,920,1,0
model,25,3,24,1,others-max,23,38,0,920,1,0
model,25,3,24,1,front-max,,23,0,539,1,0
model,25,3,24,1,back-max,,25,4,575,1,0
model,25,3,24,1,tail-max,,22,23,341,1,0
model,25,3,24,2,all-max,,38,0,920,1,0
model,25,3,24,2,victim-max,0,38,0,920,1,0
model,25,3,24,2,others-max,0,38,1,920,1,0
model,25,3,24,2,victim-max,12,38,12,920,1,0
model,25,3,24,2,others-max,12,38,0,920,1,0
model,25,3,24,2,victim-max,23,38,23,920,1,0
model,25,3,24,2,others-max,23,38,0,920,1,0
model,25,3,24,2,front-max,,24,0,539,1,0
model,25,3,24,2,back-max,,25,0,575,1,0
model,25,3,24,2,tail-max,,20,23,341,1,0
model,25,3,24,3,all-max,,39,2,920,1,0
model,25,3,24,3,victim-max,0,38,0,920,1,0
model,25,3,24,3,others-max,0,39,1,920,1,0
model,25,3,24,3,victim-max,12,38,12,920,1,0
model,25,3,24,3,others-max,12,38,0,920,1,0
model,25,3,24,3,victim-max,23,38,23,920,1,0
model,25,3,24,3,others-max,23,39,2,920,1,0
model,25,3,24,3,front-max,,23,0,539,1,0
model,25,3,24,3,back-max,,25,19,575,1,0
model,25,3,24,3,tail-max,,21,23,341,1,0
model,25,3,24,5,all-max,,39,0,920,1,0
model,25,3,24,5,victim-max,0,38,0,920,1,0
model,25,3,24,5,others-max,0,39,1,920,1,0
model,25,3,24,5,victim-max,12,38,12,920,1,0
model,25,3,24,5,others-max,12,39,0,920,1,0
model,25,3,24,5,victim-max,23,38,23,920,1,0
model,25,3,24,5,others-max,23,39,0,920,1,0
model,25,3,24,5,front-max,,23,0,539,1,0
model,25,3,24,5,back-max,,25,21,575,1,0
model,25,3,24,5,tail-max,,20,23,341,1,0
model,25,3,25,1,all-max,,38,0,920,1,0
model,25,3,25,1,victim-max,0,38,0,920,1,0
model,25,3,25,1,others-max,0,39,2,920,1,0
model,25,3,25,1,victim-max,12,38,12,920,1,0
model,25,3,25,1,others-max,12,38,0,920,1,0
model,25,3,25,1,victim-max,24,38,24,920,1,0
model,25,3,25,1,others-max,24,38,0,920,1,0
model,25,3,25,1,front-max,,23,0,539,1,0
model,25,3,25,1,back-max,,25,4,575,1,0
model,25,3,25,1,tail-max,,22,24,341,1,0
model,25,3,25,2,all-max,,39,9,920,1,0
model,25,3,25,2,victim-max,0,38,0,920,1,0
model,25,3,25,2,others-max,0,38,1,920,1,0
model,25,3,25,2,victim-max,12,38,12,920,1,0
model,25,3,25,2,others-max,12,38,0,920,1,0
model,25,3,25,2,victim-max,24,38,24,920,1,0
model,25,3,25,2,others-max,24,38,0,920,1,0
model,25,3,25,2,front-max,,24,0,539,1,0
model,25,3,25,2,back-max,,25,0,575,1,0
model,25,3,25,2,tail-max,,20,24,341,1,0
model,25,3,25,3,all-max,,39,2,920,1,0
model,25,3,25,3,victim-max,0,38,0,920,1,0
model,25,3,25,3,others-max,0,39,1,920,1,0
model,25,3,25,3,victim-max,12,38,12,920,1,0
model,25,3,25,3,others-max,12,38,0,920,1,0
model,25,3,25,3,victim-max,24,38,24,920,1,0
model,25,3,25,3,others-max,24,39,2,920,1,0
model,25,3,25,3,front-max,,23,0,539,1,0
model,25,3,25,3,back-max,,25,20,575,1,0
model,25,3,25,3,tail-max,,21,24,341,1,0
model,25,3,25,5,all-max,,39,0,920,1,0
model,25,3,25,5,victim-max,0,38,0,920,1,0
model,25,3,25,5,others-max,0,39,1,920,1,0
model,25,3,25,5,victim-max,12,38,12,920,1,0
model,25,3,25,5,others-max,12,39,0,920,1,0
model,25,3,25,5,victim-max,24,38,24,920,1,0
model,25,3,25,5,others-max,24,39,0,920,1,0
model,25,3,25,5,front-max,,23,0,539,1,0
model,25,3,25,5,back-max,,25,22,575,1,0
model,25,3,25,5,tail-max,,20,24,341,1,0
model,25,3,26,1,all-max,,39,4,920,1,0
model,25,3,26,1,victim-max,0,38,0,920,1,0
model,25,3,26,1,others-max,0,38,1,920,1,0
model,25,3,26,1,victim-max,13,38,13,920,1,0
model,25,3,26,1,others-max,13,38,0,920,1,0
model,25,3,26,1,victim-max,25,38,25,920,1,0
model,25,3,26,1,others-max,25,38,0,920,1,0
model,25,3,26,1,front-max,,23,0,539,1,0
model,25,3,26,1,back-max,,25,4,575,1,0
model,25,3,26,1,tail-max,,22,25,341,1,0
model,25,3,26,2,all-max,,38,0,920,1,0
model,25,3,26,2,victim-max,0,38,0,920,1,0
model,25,3,26,2,others-max,0,38,1,920,1,0
model,25,3,26,2,victim-max,13,38,13,920,1,0
model,25,3,26,2,others-max,13,38,0,920,1,0
model,25,3,26,2,victim-max,25,38,25,920,1,0
model,25,3,26,2,others-max,25,38,0,920,1,0
model,25,3,26,2,front-max,,24,0,539,1,0
model,25,3,26,2,back-max,,25,0,575,1,0
model,25,3,26,2,tail-max,,20,25,341,1,0
model,25,3,26,3,all-max,,39,2,920,1,0
model,25,3,26,3,victim-max,0,38,0,920,1,0
model,25,3,26,3,others-max,0,39,1,920,1,0
model,25,3,26,3,victim-max,13,38,13,920,1,0
model,25,3,26,3,others-max,13,39,2,920,1,0
model,25,3,26,3,victim-max,25,38,25,920,1,0
model,25,3,26,3,others-max,25,39,2,920,1,0
model,25,3,26,3,front-max,,23,0,539,1,0
model,25,3,26,3,back-max,,25,21,575,1,0
model,25,3,26,3,tail-max,,21,25,341,1,0
model,25,3,26,5,all-max,,39,0,920,1,0
model,25,3,26,5,victim-max,0,38,0,920,1,0
model,25,3,26,5,others-max,0,39,1,920,1,0
model,25,3,26,5,victim-max,13,38,13,920,1,0
model,25,3,26,5,others-max,13,39,0,920,1,0
model,25,3,26,5,victim-max,25,38,25,920,1,0
model,25,3,26,5,others-max,25,39,0,920,1,0
model,25,3,26,5,front-max,,23,0,539,1,0
model,25,3,26,5,back-max,,25,23,575,1,0
model,25,3,26,5,tail-max,,20,25,341,1,0
model,25,3,27,1,all-max,,39,3,920,1,0
model,25,3,27,1,victim-max,0,38,0,920,1,0
model,25,3,27,1,others-max,0,38,1,920,1,0
model,25,3,27,1,victim-max,13,38,13,920,1,0
model,25,3,27,1,others-max,13,38,0,920,1,0
model,25,3,27,1,victim-max,26,38,26,920,1,0
model,25,3,27,1,others-max,26,38,0,920,1,0
model,25,3,27,1,front-max,,23,0,539,1,0
model,25,3,27,1,back-max,,25,4,575,1,0
model,25,3,27,1,tail-max,,22,26,341,1,0
model,25,3,27,2,all-max,,38,0,920,1,0
model,25,3,27,2,victim-max,0,38,0,920,1,0
model,25,3,27,2,others-max,0,38,1,920,1,0
model,25,3,27,2,victim-max,13,38,13,920,1,0
model,25,3,27,2,others-max,13,38,0,920,1,0
model,25,3,27,2,victim-max,26,38,26,920,1,0
model,25,3,27,2,others-max,26,38,0,920,1,0
model,25,3,27,2,front-max,,24,0,539,1,0
model,25,3,27,2,back-max,,25,0,575,1,0
model,25,3,27,2,tail-max,,20,26,341,1,0
model,25,3,27,3,all-max,,39,2,920,1,0
model,25,3,27,3,victim-max,0,38,0,920,1,0
model,25,3,27,3,others-max,0,39,1,920,1,0
model,25,3,27,3,victim-max,13,38,13,920,1,0
model,25,3,27,3,others-max,13,39,2,920,1,0
model,25,3,27,3,victim-max,26,38,26,920,1,0
model,25,3,27,3,others-max,26,39,2,920,1,0
model,25,3,27,3,front-max,,23,0,539,1,0
model,25,3,27,3,back-max,,25,22,575,1,0
model,25,3,27,3,tail-max,,21,26,341,1,0
model,25,3,27,5,all-max,,39,0,920,1,0
model,25,3,27,5,victim-max,0,38,0,920,1,0
model,25,3,27,5,others-max,0,39,1,920,1,0
model,25,3,27,5,victim-max,13,38,13,920,1,0
model,25,3,27,5,others-max,13,39,0,920,1,0
model,25,3,27,5,victim-max,26,38,26,920,1,0
model,25,3,27,5,others-max,26,39,0,920,1,0
model,25,3,27,5,front-max,,23,0,539,1,0
model,25,3,27,5,back-max,,25,24,575,1,0
model,25,3,27,5,tail-max,,20,26,341,1,0
model,25,3,28,1,all-max,,39,9,920,1,0
model,25,3,28,1,victim-max,0,38,0,920,1,0
model,25,3,28,1,others-max,0,38,1,920,1,0
model,25,3,28,1,victim-max,14,38,14,920,1,0
model,25,3,28,1,others-max,14,38,0,920,1,0
model,25,3,28,1,victim-max,27,38,27,920,1,0
model,25,3,28,1,others-max,27,38,0,920,1,0
model,25,3,28,1,front-max,,23,0,539,1,0
model,25,3,28,1,back-max,,25,4,575,1,0
model,25,3,28,1,tail-max,,22,27,341,1,0
model,25,3,28,2,all-max,,38,0,920,1,0
model,25,3,28,2,victim-max,0,38,0,920,1,0
model,25,3,28,2,others-max,0,38,1,920,1,0
model,25,3,28,2,victim-max,14,38,14,920,1,0
model,25,3,28,2,others-max,14,38,0,920,1,0
model,25,3,28,2,victim-max,27,38,27,920,1,0
model,25,3,28,2,others-max,27,38,0,920,1,0
model,25,3,28,2,front-max,,24,0,539,1,0
model,25,3,28,2,back-max,,25,0,575,1,0
model,25,3,28,2,tail-max,,20,27,341,1,0
model,25,3,28,3,all-max,,39,2,920,1,0
model,25,3,28,3,victim-max,0,38,0,920,1,0
model,25,3,28,3,others-max,0,39,1,920,1,0
model,25,3,28,3,victim-max,14,38,14,920,1,0
model,25,3,28,3,others-max,14,39,2,920,1,0
model,25,3,28,3,victim-max,27,38,27,920,1,0
model,25,3,28,3,others-max,27,39,2,920,1,0
model,25,3,28,3,front-max,,23,0,539,1,0
model,25,3,28,3,back-max,,25,23,575,1,0
model,25,3,28,3,tail-max,,21,27,341,1,0
model,25,3,28,5,all-max,,39,0,920,1,0
model,25,3,28,5,victim-max,0,38,0,920,1,0
model,25,3,28,5,others-max,0,39,1,920,1,0
model,25,3,28,5,victim-max,14,38,14,920,1,0
model,25,3,28,5,others-max,14,39,0,920,1,0
model,25,3,28,5,victim-max,27,38,27,920,1,0
model,25,3,28,5,others-max,27,39,0,920,1,0
model,25,3,28,5,front-max,,23,0,539,1,0
model,25,3,28,5,back-max,,25,25,575,1,0
model,25,3,28,5,tail-max,,20,27,341,1,0
model,25,3,29,1,all-max,,39,3,920,1,0
model,25,3,29,1,victim-max,0,38,0,920,1,0
model,25,3,29,1,others-max,0,38,1,920,1,0
model,25,3,29,1,victim-max,14,38,14,920,1,0
model,25,3,29,1,others-max,14,38,0,920,1,0
model,25,3,29,1,victim-max,28,38,28,920,1,0
model,25,3,29,1,others-max,28,38,0,920,1,0
model,25,3,29,1,front-max,,23,0,539,1,0
model,25,3,29,1,back-max,,25,4,575,1,0
model,25,3,29,1,tail-max,,22,28,341,1,0
model,25,3,29,2,all-max,,39,13,920,1,0
model,25,3,29,2,victim-max,0,38,0,920,1,0
model,25,3,29,2,others-max,0,38,1,920,1,0
model,25,3,29,2,victim-max,14,38,14,920,1,0
model,25,3,29,2,others-max,14,38,0,920,1,0
model,25,3,29,2,victim-max,28,38,28,920,1,0
model,25,3,29,2,others-max,28,38,0,920,1,0
model,25,3,29,2,front-max,,24,0,539,1,0
model,25,3,29,2,back-max,,25,0,575,1,0
model,25,3,29,2,tail-max,,20,28,341,1,0
model,25,3,29,3,all-max,,39,2,920,1,0
model,25,3,29,3,victim-max,0,38,0,920,1,0
model,25,3,29,3,others-max,0,39,1,920,1,0
model,25,3,29,3,victim-max,14,38,14,920,1,0
model,25,3,29,3,others-max,14,39,2,920,1,0
model,25,3,29,3,victim-max,28,38,28,920,1,0
model,25,3,29,3,others-max,28,39,2,920,1,0
model,25,3,29,3,front-max,,23,0,539,1,0
model,25,3,29,3,back-max,,25,24,575,1,0
model,25,3,29,3,tail-max,,21,28,341,1,0
model,25,3,29,5,all-max,,39,0,920,1,0
model,25,3,29,5,victim-max,0,38,0,920,1,0
model,25,3,29,5,others-max,0,39,1,920,1,0
model,25,3,29,5,victim-max,14,38,14,920,1,0
model,25,3,29,5,others-max,14,39,0,920,1,0
model,25,3,29,5,victim-max,28,38,28,920,1,0
model,25,3,29,5,others-max,28,39,0,920,1,0
model,25,3,29,5,front-max,,23,0,539,1,0
model,25,3,29,5,back-max,,25,26,575,1,0
model,25,3,29,5,tail-max,,20,28,341,1,0
model,25,3,30,1,all-max,,39,3,920,1,0
model,25,3,30,1,victim-max,0,38,0,920,1,0
model,25,3,30,1,others-max,0,39,7,920,1,0
model,25,3,30,1,victim-max,15,38,15,920,1,0
model,25,3,30,1,others-max,15,38,0,920,1,0
model,25,3,30,1,victim-max,29,38,29,920,1,0
model,25,3,30,1,others-max,29,38,0,920,1,0
model,25,3,30,1,front-max,,23,0,539,1,0
model,25,3,30,1,back-max,,25,4,575,1,0
model,25,3,30,1,tail-max,,22,29,341,1,0
model,25,3,30,2,all-max,,38,0,920,1,0
model,25,3,30,2,victim-max,0,38,0,920,1,0
model,25,3,30,2,others-max,0,39,11,920,1,0
model,25,3,30,2,victim-max,15,38,15,920,1,0
model,25,3,30,2,others-max,15,38,0,920,1,0
model,25,3,30,2,victim-max,29,38,29,920,1,0
model,25,3,30,2,others-max,29,38,0,920,1,0
model,25,3,30,2,front-max,,24,0,539,1,0
model,25,3,30,2,back-max,,25,0,575,1,0
model,25,3,30,2,tail-max,,20,29,341,1,0
model,25,3,30,3,all-max,,39,2,920,1,0
model,25,3,30,3,victim-max,0,38,0,920,1,0
model,25,3,30,3,others-max,0,39,1,920,1,0
model,25,3,30,3,victim-max,15,38,15,920,1,0
model,25,3,30,3,others-max,15,39,2,920,1,0
model,25,3,30,3,victim-max,29,38,29,920,1,0
model,25,3,30,3,others-max,29,39,2,920,1,0
model,25,3,30,3,front-max,,23,0,539,1,0
model,25,3,30,3,back-max,,25,25,575,1,0
model,25,3,30,3,tail-max,,21,29,341,1,0
model,25,3,30,5,all-max,,39,0,920,1,0
model,25,3,30,5,victim-max,0,38,0,920,1,0
model,25,3,30,5,others-max,0,39,1,920,1,0
model,25,3,30,5,victim-max,15,38,15,920,1,0
model,25,3,30,5,others-max,15,39,0,920,1,0
model,25,3,30,5,victim-max,29,38,29,920,1,0
model,25,3,30,5,others-max,29,39,0,920,1,0
model,25,3,30,5,front-max,,23,0,539,1,0
model,25,3,30,5,back-max,,25,27,575,1,0
model,25,3,30,5,tail-max,,20,29,341,1,0
model,25,3,31,1,all-max,,39,3,920,1,0
model,25,3,31,1,victim-max,0,38,0,920,1,0
model,25,3,31,1,others-max,0,38,1,920,1,0
model,25,3,31,1,victim-max,15,38,15,920,1,0
model,25,3,31,1,others-max,15,38,0,920,1,0
model,25,3,31,1,victim-max,30,38,30,920,1,0
model,25,3,31,1,others-max,30,38,0,920,1,0
model,25,3,31,1,front-max,,23,0,539,1,0
model,25,3,31,1,back-max,,25,4,575,1,0
model,25,3,31,1,tail-max,,22,30,341,1,0
model,25,3,31,2,all-max,,39,12,920,1,0
model,25,3,31,2,victim-max,0,38,0,920,1,0
model,25,3,31,2,others-max,0,39,11,920,1,0
model,25,3,31,2,victim-max,15,38,15,920,1,0
model,25,3,31,2,others-max,15,38,0,920,1,0
model,25,3,31,2,victim-max,30,38,30,920,1,0
model,25,3,31,2,others-max,30,39,12,920,1,0
model,25,3,31,2,front-max,,24,0,539,1,0
model,25,3,31,2,back-max,,25,0,575,1,0
model,25,3,31,2,tail-max,,20,30,341,1,0
model,25,3,31,3,all-max,,39,2,920,1,0
model,25,3,31,3,victim-max,0,38,0,920,1,0
model,25,3,31,3,others-max,0,39,1,920,1,0
model,25,3,31,3,victim-max,15,38,15,920,1,0
model,25,3,31,3,others-max,15,39,2,920,1,0
model,25,3,31,3,victim-max,30,38,30,920,1,0
model,25,3,31,3,others-max,30,39,2,920,1,0
model,25,3,31,3,front-max,,23,0,539,1,0
model,25,3,31,3,back-max,,25,26,575,1,0
model,25,3,31,3,tail-max,,21,30,341,1,0
model,25,3,31,5,all-max,,39,0,920,1,0
model,25,3,31,5,victim-max,0,38,0,920,1,0
model,25,3,31,5,others-max,0,39,1,920,1,0
model,25,3,31,5,victim-max,15,38,15,920,1,0
model,25,3,31,5,others-max,15,39,0,920,1,0
model,25,3,31,5,victim-max,30,38,30,920,1,0
model,25,3,31,5,others-max,30,39,0,920,1,0
model,25,3,31,5,front-max,,23,0,539,1,0
model,25,3,31,5,back-max,,25,28,575,1,0
model,25,3,31,5,tail-max,,20,30,341,1,0
model,25,3,32,1,all-max,,39,3,920,1,0
model,25,3,32,1,victim-max,0,38,0,920,1,0
model,25,3,32,1,others-max,0,39,6,920,1,0
model,25,3,32,1,victim-max,16,38,16,920,1,0
model,25,3,32,1,others-max,16,38,0,920,1,0
model,25,3,32,1,victim-max,31,38,31,920,1,0
model,25,3,32,1,others-max,31,39,5,920,1,0
model,25,3,32,1,front-max,,23,0,539,1,0
model,25,3,32,1,back-max,,25,4,575,1,0
model,25,3,32,1,tail-max,,22,31,341,1,0
model,25,3,32,2,all-max,,39,12,920,1,0
model,25,3,32,2,victim-max,0,38,0,920,1,0
model,25,3,32,2,others-max,0,39,11,920,1,0
model,25,3,32,2,victim-max,16,38,16,920,1,0
model,25,3,32,2,others-max,16,39,1,920,1,0
model,25,3,32,2,victim-max,31,38,31,920,1,0
model,25,3,32,2,others-max,31,39,12,920,1,0
model,25,3,32,2,front-max,,24,0,539,1,0
model,25,3,32,2,back-max,,25,0,575,1,0
model,25,3,32,2,tail-max,,20,31,341,1,0
model,25,3,32,3,all-max,,39,2,920,1,0
model,25,3,32,3,victim-max,0,38,0,920,1,0
model,25,3,32,3,others-max,0,39,1,920,1,0
model,25,3,32,3,victim-max,16,38,16,920,1,0
model,25,3,32,3,others-max,16,39,2,920,1,0
model,25,3,32,3,victim-max,31,38,31,920,1,0
model,25,3,32,3,others-max,31,39,2,920,1,0
model,25,3,32,3,front-max,,23,0,539,1,0
model,25,3,32,3,back-max,,25,27,575,1,0
model,25,3,32,3,tail-max,,21,31,341,1,0
model,25,3,32,5,all-max,,39,0,920,1,0
model,25,3,32,5,victim-max,0,38,0,920,1,0
model,25,3,32,5,others-max,0,39,1,920,1,0
model,25,3,32,5,victim-max,16,38,16,920,1,0
model,25,3,32,5,others-max,16,39,0,920,1,0
model,25,3,32,5,victim-max,31,38,31,920,1,0
model,25,3,32,5,others-max,31,39,0,920,1,0
model,25,3,32,5,front-max,,23,0,539,1,0
model,25,3,32,5,back-max,,25,29,575,1,0
model,25,3,32,5,tail-max,,20,31,341,1,0
model,25,3,33,1,all-max,,39,3,920,1,0
model,25,3,33,1,victim-max,0,38,0,920,1,0
model,25,3,33,1,others-max,0,39,6,920,1,0
model,25,3,33,1,victim-max,16,38,16,920,1,0
model,25,3,33,1,others-max,16,38,0,920,1,0
model,25,3,33,1,victim-max,32,38,32,920,1,0
model,25,3,33,1,others-max,32,38,0,920,1,0
model,25,3,33,1,front-max,,23,0,539,1,0
model,25,3,33,1,back-max,,25,4,575,1,0
model,25,3,33,1,tail-max,,22,32,341,1,0
model,25,3,33,2,all-max,,39,12,920,1,0
model,25,3,33,2,victim-max,0,38,0,920,1,0
model,25,3,33,2,others-max,0,39,11,920,1,0
model,25,3,33,2,victim-max,16,38,16,920,1,0
model,25,3,33,2,others-max,16,39,1,920,1,0
model,25,3,33,2,victim-max,32,38,32,920,1,0
model,25,3,33,2,others-max,32,39,12,920,1,0
model,25,3,33,2,front-max,,24,0,539,1,0
model,25,3,33,2,back-max,,25,0,575,1,0
model,25,3,33,2,tail-max,,20,32,341,1,0
model,25,3,33,3,all-max,,39,2,920,1,0
model,25,3,33,3,victim-max,0,38,0,920,1,0
model,25,3,33,3,others-max,0,39,1,920,1,0
model,25,3,33,3,victim-max,16,38,16,920,1,0
model,25,3,33,3,others-max,16,39,2,920,1,0
model,25,3,33,3,victim-max,32,38,32,920,1,0
model,25,3,33,3,others-max,32,39,2,920,1,0
model,25,3,33,3,front-max,,23,0,539,1,0
model,25,3,33,3,back-max,,25,28,575,1,0
model,25,3,33,3,tail-max,,21,32,341,1,0
model,25,3,33,5,all-max,,39,0,920,1,0
model,25,3,33,5,victim-max,0,38,0,920,1,0
model,25,3,33,5,others-max,0,39,1,920,1,0
model,25,3,33,5,victim-max,16,38,16,920,1,0
model,25,3,33,5,others-max,16,39,0,920,1,0
model,25,3,33,5,victim-max,32,38,32,920,1,0
model,25,3,33,5,others-max,32,39,0,920,1,0
model,25,3,33,5,front-max,,23,0,539,1,0
model,25,3,33,5,back-max,,25,30,575,1,0
model,25,3,33,5,tail-max,,20,32,341,1,0
model,25,3,34,1,all-max,,39,8,920,1,0
model,25,3,34,1,victim-max,0,38,0,920,1,0
model,25,3,34,1,others-max,0,38,1,920,1,0
model,25,3,34,1,victim-max,17,38,17,920,1,0
model,25,3,34,1,others-max,17,38,0,920,1,0
model,25,3,34,1,victim-max,33,38,33,920,1,0
model,25,3,34,1,others-max,33,39,3,920,1,0
model,25,3,34,1,front-max,,23,0,539,1,0
model,25,3,34,1,back-max,,25,4,575,1,0
model,25,3,34,1,tail-max,,22,33,341,1,0
model,25,3,34,2,all-max,,39,12,920,1,0
model,25,3,34,2,victim-max,0,38,0,920,1,0
model,25,3,34,2,others-max,0,39,11,920,1,0
model,25,3,34,2,victim-max,17,38,17,920,1,0
model,25,3,34,2,others-max,17,38,0,920,1,0
model,25,3,34,2,victim-max,33,38,33,920,1,0
model,25,3,34,2,others-max,33,39,12,920,1,0
model,25,3,34,2,front-max,,24,0,539,1,0
model,25,3,34,2,back-max,,25,0,575,1,0
model,25,3,34,2,tail-max,,20,33,341,1,0
model,25,3,34,3,all-max,,39,2,920,1,0
model,25,3,34,3,victim-max,0,38,0,920,1,0
model,25,3,34,3,others-max,0,39,1,920,1,0
model,25,3,34,3,victim-max,17,38,17,920,1,0
model,25,3,34,3,others-max,17,39,2,920,1,0
model,25,3,34,3,victim-max,33,38,33,920,1,0
model,25,3,34,3,others-max,33,39,2,920,1,0
model,25,3,34,3,front-max,,23,0,539,1,0
model,25,3,34,3,back-max,,25,29,575,1,0
model,25,3,34,3,tail-max,,21,33,341,1,0
model,25,3,34,5,all-max,,39,0,920,1,0
model,25,3,34,5,victim-max,0,38,0,920,1,0
model,25,3,34,5,others-max,0,39,1,920,1,0
model,25,3,34,5,victim-max,17,38,17,920,1,0
model,25,3,34,5,others-max,17,39,0,920,1,0
model,25,3,34,5,victim-max,33,38,33,920,1,0
model,25,3,34,5,others-max,33,39,0,920,1,0
model,25,3,34,5,front-max,,23,0,539,1,0
model,25,3,34,5,back-max,,25,31,575,1,0
model,25,3,34,5,tail-max,,20,33,341,1,0
model,25,3,35,1,all-max,,39,3,920,1,0
model,25,3,35,1,victim-max,0,38,0,920,1,0
model,25,3,35,1,others-max,0,38,1,920,1,0
model,25,3,35,1,victim-max,17,38,17,920,1,0
model,25,3,35,1,others-max,17,38,0,920,1,0
model,25,3,35,1,victim-max,34,38,34,920,1,0
model,25,3,35,1,others-max,34,38,0,920,1,0
model,25,3,35,1,front-max,,23,0,539,1,0
model,25,3,35,1,back-max,,25,4,575,1,0
model,25,3,35,1,tail-max,,22,34,341,1,0
model,25,3,35,2,all-max,,39,12,920,1,0
model,25,3,35,2,victim-max,0,38,0,920,1,0
model,25,3,35,2,others-max,0,39,11,920,1,0
model,25,3,35,2,victim-max,17,38,17,920,1,0
model,25,3,35,2,others-max,17,38,0,920,1,0
model,25,3,35,2,victim-max,34,38,34,920,1,0
model,25,3,35,2,others-max,34,39,12,920,1,0
model,25,3,35,2,front-max,,24,0,539,1,0
model,25,3,35,2,back-max,,25,0,575,1,0
model,25,3,35,2,tail-max,,20,34,341,1,0
model,25,3,35,3,all-max,,39,2,920,1,0
model,25,3,35,3,victim-max,0,38,0,920,1,0
model,25,3,35,3,others-max,0,39,1,920,1,0
model,25,3,35,3,victim-max,17,38,17,920,1,0
model,25,3,35,3,others-max,17,39,2,920,1,0
model,25,3,35,3,victim-max,34,38,34,920,1,0
model,25,3,35,3,others-max,34,39,2,920,1,0
model,25,3,35,3,front-max,,23,0,539,1,0
model,25,3,35,3,back-max,,25,30,575,1,0
model,25,3,35,3,tail-max,,21,34,341,1,0
model,25,3,35,5,all-max,,39,0,920,1,0
model,25,3,35,5,victim-max,0,38,0,920,1,0
model,25,3,35,5,others-max,0,39,1,920,1,0
model,25,3,35,5,victim-max,17,38,17,920,1,0
model,25,3,35,5,others-max,17,39,0,920,1,0
model,25,3,35,5,victim-max,34,38,34,920,1,0
model,25,3,35,5,others-max,34,39,0,920,1,0
model,25,3,35,5,front-max,,23,0,539,1,0
model,25,3,35,5,back-max,,25,32,575,1,0
model,25,3,35,5,tail-max,,20,34,341,1,0
model,25,3,36,1,all-max,,39,3,920,1,0
model,25,3,36,1,victim-max,0,38,0,920,1,0
model,25,3,36,1,others-max,0,39,4,920,1,0
model,25,3,36,1,victim-max,18,38,18,920,1,0
model,25,3,36,1,others-max,18,38,0,920,1,0
model,25,3,36,1,victim-max,35,38,35,920,1,0
model,25,3,36,1,others-max,35,39,3,920,1,0
model,25,3,36,1,front-max,,23,0,539,1,0
model,25,3,36,1,back-max,,25,4,575,1,0
model,25,3,36,1,tail-max,,22,35,341,1,0
model,25,3,36,2,all-max,,39,12,920,1,0
model,25,3,36,2,victim-max,0,38,0,920,1,0
model,25,3,36,2,others-max,0,39,11,920,1,0
model,25,3,36,2,victim-max,18,38,18,920,1,0
model,25,3,36,2,others-max,18,38,0,920,1,0
model,25,3,36,2,victim-max,35,38,35,920,1,0
model,25,3,36,2,others-max,35,39,12,920,1,0
model,25,3,36,2,front-max,,24,0,539,1,0
model,25,3,36,2,back-max,,25,0,575,1,0
model,25,3,36,2,tail-max,,20,35,341,1,0
model,25,3,36,3,all-max,,39,2,920,1,0
model,25,3,36,3,victim-max,0,38,0,920,1,0
model,25,3,36,3,others-max,0,39,1,920,1,0
model,25,3,36,3,victim-max,18,38,18,920,1,0
model,25,3,36,3,others-max,18,39,2,920,1,0
model,25,3,36,3,victim-max,35,38,35,920,1,0
model,25,3,36,3,others-max,35,39,2,920,1,0
model,25,3,36,3,front-max,,23,0,539,1,0
model,25,3,36,3,back-max,,25,31,575,1,0
model,25,3,36,3,tail-max,,21,35,341,1,0
model,25,3,36,5,all-max,,39,0,920,1,0
model,25,3,36,5,victim-max,0,38,0,920,1,0
model,25,3,36,5,others-max,0,39,1,920,1,0
model,25,3,36,5,victim-max,18,38,18,920,1,0
model,25,3,36,5,others-max,18,39,0,920,1,0
model,25,3,36,5,victim-max,35,38,35,920,1,0
model,25,3,36,5,others-max,35,39,0,920,1,0
model,25,3,36,5,front-max,,23,0,539,1,0
model,25,3,36,5,back-max,,25,33,575,1,0
model,25,3,36,5,tail-max,,20,35,341,1,0
model,25,3,37,1,all-max,,39,8,920,1,0
model,25,3,37,1,victim-max,0,38,0,920,1,0
model,25,3,37,1,others-max,0,39,4,920,1,0
model,25,3,37,1,victim-max,18,38,18,920,1,0
model,25,3,37,1,others-max,18,38,0,920,1,0
model,25,3,37,1,victim-max,36,38,36,920,1,0
model,25,3,37,1,others-max,36,38,0,920,1,0
model,25,3,37,1,front-max,,23,0,539,1,0
model,25,3,37,1,back-max,,25,4,575,1,0
model,25,3,37,1,tail-max,,22,36,341,1,0
model,25,3,37,2,all-max,,39,12,920,1,0
model,25,3,37,2,victim-max,0,38,0,920,1,0
model,25,3,37,2,others-max,0,39,11,920,1,0
model,25,3,37,2,victim-max,18,38,18,920,1,0
model,25,3,37,2,others-max,18,38,0,920,1,0
model,25,3,37,2,victim-max,36,38,36,920,1,0
model,25,3,37,2,others-max,36,39,12,920,1,0
model,25,3,37,2,front-max,,24,0,539,1,0
model,25,3,37,2,back-max,,25,0,575,1,0
model,25,3,37,2,tail-max,,20,36,341,1,0
model,25,3,37,3,all-max,,39,2,920,1,0
model,25,3,37,3,victim-max,0,38,0,920,1,0
model,25,3,37,3,others-max,0,39,1,920,1,0
model,25,3,37,3,victim-max,18,38,18,920,1,0
model,25,3,37,3,others-max,18,39,2,920,1,0
model,25,3,37,3,victim-max,36,38,36,920,1,0
model,25,3,37,3,others-max,36,39,2,920,1,0
model,25,3,37,3,front-max,,23,0,539,1,0
model,25,3,37,3,back-max,,25,32,575,1,0
model,25,3,37,3,tail-max,,21,36,341,1,0
model,25,3,37,5,all-max,,39,0,920,1,0
model,25,3,37,5,victim-max,0,38,0,920,1,0
model,25,3,37,5,others-max,0,39,1,920,1,0
model,25,3,37,5,victim-max,18,38,18,920,1,0
model,25,3,37,5,others-max,18,39,0,920,1,0
model,25,3,37,5,victim-max,36,38,36,920,1,0
model,25,3,37,5,others-max,36,39,0,920,1,0
model,25,3,37,5,front-max,,23,0,539,1,0
model,25,3,37,5,back-max,,25,34,575,1,0
model,25,3,37,5,tail-max,,20,36,341,1,0
model,25,3,38,1,all-max,,39,2,920,1,0
model,25,3,38,1,victim-max,0,38,0,920,1,0
model,25,3,38,1,others-max,0,39,4,920,1,0
model,25,3,38,1,victim-max,19,38,19,920,1,0
model,25,3,38,1,others-max,19,38,0,920,1,0
model,25,3,38,1,victim-max,37,38,37,920,1,0
model,25,3,38,1,others-max,37,39,2,920,1,0
model,25,3,38,1,front-max,,23,0,539,1,0
model,25,3,38,1,back-max,,25,4,575,1,0
model,25,3,38,1,tail-max,,22,37,341,1,0
model,25,3,38,2,all-max,,39,12,920,1,0
model,25,3,38,2,victim-max,0,38,0,920,1,0
model,25,3,38,2,others-max,0,39,11,920,1,0
model,25,3,38,2,victim-max,19,38,19,920,1,0
model,25,3,38,2,others-max,19,38,0,920,1,0
model,25,3,38,2,victim-max,37,38,37,920,1,0
model,25,3,38,2,others-max,37,39,12,920,1,0
model,25,3,38,2,front-max,,24,0,539,1,0
model,25,3,38,2,back-max,,25,0,575,1,0
model,25,3,38,2,tail-max,,20,37,341,1,0
model,25,3,38,3,all-max,,39,2,920,1,0
model,25,3,38,3,victim-max,0,38,0,920,1,0
model,25,3,38,3,others-max,0,39,1,920,1,0
model,25,3,38,3,victim-max,19,38,19,920,1,0
model,25,3,38,3,others-max,19,39,2,920,1,0
model,25,3,38,3,victim-max,37,38,37,920,1,0
model,25,3,38,3,others-max,37,39,2,920,1,0
model,25,3,38,3,front-max,,23,0,539,1,0
model,25,3,38,3,back-max,,25,33,575,1,0
model,25,3,38,3,tail-max,,21,37,341,1,0
model,25,3,38,5,all-max,,39,0,920,1,0
model,25,3,38,5,victim-max,0,38,0,920,1,0
model,25,3,38,5,others-max,0,39,1,920,1,0
model,25,3,38,5,victim-max,19,38,19,920,1,0
model,25,3,38,5,others-max,19,39,0,920,1,0
model,25,3,38,5,victim-max,37,38,37,920,1,0
model,25,3,38,5,others-max,37,39,0,920,1,0
model,25,3,38,5,front-max,,23,0,539,1,0
model,25,3,38,5,back-max,,25,35,575,1,0
model,25,3,38,5,tail-max,,20,37,341,1,0
impl,7,0,2,1,none,,32,0,230,1,0
impl,7,0,2,2,none,,32,0,230,1,0
impl,7,0,2,3,none,,32,0,230,1,0
impl,7,0,2,5,none,,32,0,230,1,0
impl,7,0,3,1,none,,33,2,230,1,0
impl,7,0,3,2,none,,33,2,230,1,0
impl,7,0,3,3,none,,33,1,230,1,0
impl,7,0,3,5,none,,33,1,230,1,0
impl,7,0,4,1,none,,33,0,230,1,0
impl,7,0,4,2,none,,33,2,230,1,0
impl,7,0,4,3,none,,33,1,230,1,0
impl,7,0,4,5,none,,33,0,230,1,0
impl,7,0,5,1,none,,33,1,230,1,0
impl,7,0,5,2,none,,33,1,230,1,0
impl,7,0,5,3,none,,33,2,230,1,0
impl,7,0,5,5,none,,33,0,230,1,0
impl,7,0,6,1,none,,33,0,230,1,0
impl,7,0,6,2,none,,34,5,230,1,0
impl,7,0,6,3,none,,33,0,230,1,0
impl,7,0,6,5,none,,33,0,230,1,0
impl,7,0,7,1,none,,33,0,230,1,0
impl,7,0,7,2,none,,34,6,230,1,0
impl,7,0,7,3,none,,34,3,230,1,0
impl,7,0,7,5,none,,33,0,230,1,0
impl,7,0,8,1,none,,34,7,230,1,0
impl,7,0,8,2,none,,34,6,230,1,0
impl,7,0,8,3,none,,34,0,230,1,0
impl,7,0,8,5,none,,33,0,230,1,0
impl,7,0,9,1,none,,33,1,230,1,0
impl,7,0,9,2,none,,34,6,230,1,0
impl,7,0,9,3,none,,34,5,230,1,0
impl,7,0,9,5,none,,33,0,230,1,0
impl,7,0,10,1,none,,33,1,230,1,0
impl,7,0,10,2,none,,34,6,230,1,0
impl,7,0,10,3,none,,34,6,230,1,0
impl,7,0,10,5,none,,33,0,230,1,0
impl,7,0,11,1,none,,34,1,230,1,0
impl,7,0,11,2,none,,34,3,230,1,0
impl,7,0,11,3,none,,34,0,230,1,0
impl,7,0,11,5,none,,33,0,230,1,0
impl,7,0,12,1,none,,34,5,230,1,0
impl,7,0,12,2,none,,34,5,230,1,0
impl,7,0,12,3,none,,34,0,230,1,0
impl,7,0,12,5,none,,33,0,230,1,0
impl,7,0,13,1,none,,35,12,230,1,0
impl,7,0,13,2,none,,34,6,230,1,0
impl,7,0,13,3,none,,34,0,230,1,0
impl,7,0,13,5,none,,33,0,230,1,0
impl,7,0,14,1,none,,34,4,230,1,0
impl,7,0,14,2,none,,34,7,230,1,0
impl,7,0,14,3,none,,34,0,230,1,0
impl,7,0,14,5,none,,33,0,230,1,0
impl,7,0,15,1,none,,35,14,230,1,0
impl,7,0,15,2,none,,34,8,230,1,0
impl,7,0,15,3,none,,34,0,230,1,0
impl,7,0,15,5,none,,33,0,230,1,0
impl,7,0,16,1,none,,34,2,230,1,0
impl,7,0,16,2,none,,34,9,230,1,0
impl,7,0,16,3,none,,34,0,230,1,0
impl,7,0,16,5,none,,33,0,230,1,0
impl,7,0,17,1,none,,34,2,230,1,0
impl,7,0,17,2,none,,34,13,230,1,0
impl,7,0,17,3,none,,34,0,230,1,0
impl,7,0,17,5,none,,33,0,230,1,0
impl,7,0,18,1,none,,34,2,230,1,0
impl,7,0,18,2,none,,34,16,230,1,0
impl,7,0,18,3,none,,34,0,230,1,0
impl,7,0,18,5,none,,33,0,230,1,0
impl,7,0,19,1,none,,34,2,230,1,0
impl,7,0,19,2,none,,34,4,230,1,0
impl,7,0,19,3,none,,34,0,230,1,0
impl,7,0,19,5,none,,33,0,230,1,0
impl,7,0,20,1,none,,34,2,230,1,0
impl,7,0,20,2,none,,34,4,230,1,0
impl,7,0,20,3,none,,34,0,230,1,0
impl,7,0,20,5,none,,33,0,230,1,0
impl,7,0,21,1,none,,34,7,230,1,0
impl,7,0,21,2,none,,34,4,230,1,0
impl,7,0,21,3,none,,34,0,230,1,0
impl,7,0,21,5,none,,33,0,230,1,0
impl,7,0,22,1,none,,34,2,230,1,0
impl,7,0,22,2,none,,34,4,230,1,0
impl,7,0,22,3,none,,34,0,230,1,0
impl,7,0,22,5,none,,33,0,230,1,0
impl,7,0,23,1,none,,34,2,230,1,0
impl,7,0,23,2,none,,34,4,230,1,0
impl,7,0,23,3,none,,34,0,230,1,0
impl,7,0,23,5,none,,33,0,230,1,0
impl,7,0,24,1,none,,35,23,230,1,0
impl,7,0,24,2,none,,34,4,230,1,0
impl,7,0,24,3,none,,34,0,230,1,0
impl,7,0,24,5,none,,33,0,230,1,0
impl,7,0,25,1,none,,34,2,230,1,0
impl,7,0,25,2,none,,34,4,230,1,0
impl,7,0,25,3,none,,34,0,230,1,0
impl,7,0,25,5,none,,33,0,230,1,0
impl,7,0,26,1,none,,34,2,230,1,0
impl,7,0,26,2,none,,34,4,230,1,0
impl,7,0,26,3,none,,34,0,230,1,0
impl,7,0,26,5,none,,33,0,230,1,0
impl,7,0,27,1,none,,34,2,230,1,0
impl,7,0,27,2,none,,34,4,230,1,0
impl,7,0,27,3,none,,34,0,230,1,0
impl,7,0,27,5,none,,33,0,230,1,0
impl,7,0,28,1,none,,35,27,230,1,0
impl,7,0,28,2,none,,34,4,230,1,0
impl,7,0,28,3,none,,34,0,230,1,0
impl,7,0,28,5,none,,33,0,230,1,0
impl,7,0,29,1,none,,37,28,230,1,0
impl,7,0,29,2,none,,34,4,230,1,0
impl,7,0,29,3,none,,34,0,230,1,0
impl,7,0,29,5,none,,33,0,230,1,0
impl,7,0,30,1,none,,35,29,230,1,0
impl,7,0,30,2,none,,34,4,230,1,0
impl,7,0,30,3,none,,34,0,230,1,0
impl,7,0,30,5,none,,33,0,230,1,0
impl,7,0,31,1,none,,34,2,230,1,0
impl,7,0,31,2,none,,34,4,230,1,0
impl,7,0,31,3,none,,34,0,230,1,0
impl,7,0,31,5,none,,33,0,230,1,0
impl,7,0,32,1,none,,34,5,230,1,0
impl,7,0,32,2,none,,34,4,230,1,0
impl,7,0,32,3,none,,34,0,230,1,0
impl,7,0,32,5,none,,33,0,230,1,0
impl,7,0,33,1,none,,34,5,230,1,0
impl,7,0,33,2,none,,34,4,230,1,0
impl,7,0,33,3,none,,34,0,230,1,0
impl,7,0,33,5,none,,33,0,230,1,0
impl,7,0,34,1,none,,34,5,230,1,0
impl,7,0,34,2,none,,34,4,230,1,0
impl,7,0,34,3,none,,34,0,230,1,0
impl,7,0,34,5,none,,33,0,230,1,0
impl,7,0,35,1,none,,35,34,230,1,0
impl,7,0,35,2,none,,34,4,230,1,0
impl,7,0,35,3,none,,34,0,230,1,0
impl,7,0,35,5,none,,33,0,230,1,0
impl,7,0,36,1,none,,34,5,230,1,0
impl,7,0,36,2,none,,34,4,230,1,0
impl,7,0,36,3,none,,34,0,230,1,0
impl,7,0,36,5,none,,33,0,230,1,0
impl,7,0,37,1,none,,34,5,230,1,0
impl,7,0,37,2,none,,34,4,230,1,0
impl,7,0,37,3,none,,34,0,230,1,0
impl,7,0,37,5,none,,33,0,230,1,0
impl,7,0,38,1,none,,35,37,230,1,0
impl,7,0,38,2,none,,34,4,230,1,0
impl,7,0,38,3,none,,34,0,230,1,0
impl,7,0,38,5,none,,33,0,230,1,0
impl,19,2,2,1,all-max,,37,0,690,1,0
impl,19,2,2,1,victim-max,0,36,0,690,1,0
impl,19,2,2,1,others-max,0,36,1,690,1,0
impl,19,2,2,1,victim-max,1,36,1,690,1,0
impl,19,2,2,1,others-max,1,36,0,690,1,0
impl,19,2,2,1,front-max,,23,0,436,1,0
impl,19,2,2,1,back-max,,26,1,460,1,0
impl,19,2,2,1,tail-max,,21,1,304,1,0
impl,19,2,2,2,all-max,,36,0,690,1,0
impl,19,2,2,2,victim-max,0,36,0,690,1,0
impl,19,2,2,2,others-max,0,36,1,690,1,0
impl,19,2,2,2,victim-max,1,36,1,690,1,0
impl,19,2,2,2,others-max,1,36,0,690,1,0
impl,19,2,2,2,front-max,,23,0,436,1,0
impl,19,2,2,2,back-max,,25,0,460,1,0
impl,19,2,2,2,tail-max,,20,1,304,1,0
impl,19,2,2,3,all-max,,36,0,690,1,0
impl,19,2,2,3,victim-max,0,36,0,690,1,0
impl,19,2,2,3,others-max,0,36,1,690,1,0
impl,19,2,2,3,victim-max,1,36,1,690,1,0
impl,19,2,2,3,others-max,1,36,0,690,1,0
impl,19,2,2,3,front-max,,23,0,436,1,0
impl,19,2,2,3,back-max,,25,1,460,1,0
impl,19,2,2,3,tail-max,,21,1,304,1,0
impl,19,2,2,5,all-max,,36,0,690,1,0
impl,19,2,2,5,victim-max,0,36,0,690,1,0
impl,19,2,2,5,others-max,0,36,1,690,1,0
impl,19,2,2,5,victim-max,1,36,1,690,1,0
impl,19,2,2,5,others-max,1,36,0,690,1,0
impl,19,2,2,5,front-max,,23,0,436,1,0
impl,19,2,2,5,back-max,,26,0,460,1,0
impl,19,2,2,5,tail-max,,20,1,304,1,0
impl,19,2,3,1,all-max,,37,0,690,1,0
impl,19,2,3,1,victim-max,0,36,0,690,1,0
impl,19,2,3,1,others-max,0,37,1,690,1,0
impl,19,2,3,1,victim-max,1,36,1,690,1,0
impl,19,2,3,1,others-max,1,36,0,690,1,0
impl,19,2,3,1,victim-max,2,36,2,690,1,0
impl,19,2,3,1,others-max,2,37,0,690,1,0
impl,19,2,3,1,front-max,,23,0,436,1,0
impl,19,2,3,1,back-max,,25,1,460,1,0
impl,19,2,3,1,tail-max,,21,2,304,1,0
impl,19,2,3,2,all-max,,37,0,690,1,0
impl,19,2,3,2,victim-max,0,36,0,690,1,0
impl,19,2,3,2,others-max,0,36,1,690,1,0
impl,19,2,3,2,victim-max,1,36,1,690,1,0
impl,19,2,3,2,others-max,1,36,0,690,1,0
impl,19,2,3,2,victim-max,2,36,2,690,1,0
impl,19,2,3,2,others-max,2,36,0,690,1,0
impl,19,2,3,2,front-max,,23,0,436,1,0
impl,19,2,3,2,back-max,,25,0,460,1,0
impl,19,2,3,2,tail-max,,20,2,304,1,0
impl,19,2,3,3,all-max,,37,0,690,1,0
impl,19,2,3,3,victim-max,0,36,0,690,1,0
impl,19,2,3,3,others-max,0,36,1,690,1,0
impl,19,2,3,3,victim-max,1,36,1,690,1,0
impl,19,2,3,3,others-max,1,37,0,690,1,0
impl,19,2,3,3,victim-max,2,36,2,690,1,0
impl,19,2,3,3,others-max,2,36,0,690,1,0
impl,19,2,3,3,front-max,,23,0,436,1,0
impl,19,2,3,3,back-max,,25,0,460,1,0
impl,19,2,3,3,tail-max,,21,2,304,1,0
impl,19,2,3,5,all-max,,37,0,690,1,0
impl,19,2,3,5,victim-max,0,36,0,690,1,0
impl,19,2,3,5,others-max,0,36,1,690,1,0
impl,19,2,3,5,victim-max,1,36,1,690,1,0
impl,19,2,3,5,others-max,1,36,0,690,1,0
impl,19,2,3,5,victim-max,2,36,2,690,1,0
impl,19,2,3,5,others-max,2,36,0,690,1,0
impl,19,2,3,5,front-max,,23,0,436,1,0
impl,19,2,3,5,back-max,,26,1,460,1,0
impl,19,2,3,5,tail-max,,20,2,304,1,0
impl,19,2,4,1,all-max,,37,0,690,1,0
impl,19,2,4,1,victim-max,0,36,0,690,1,0
impl,19,2,4,1,others-max,0,37,3,690,1,0
impl,19,2,4,1,victim-max,2,36,2,690,1,0
impl,19,2,4,1,others-max,2,36,0,690,1,0
impl,19,2,4,1,victim-max,3,36,3,690,1,0
impl,19,2,4,1,others-max,3,37,1,690,1,0
impl,19,2,4,1,front-max,,23,0,436,1,0
impl,19,2,4,1,back-max,,25,0,460,1,0
impl,19,2,4,1,tail-max,,22,3,304,1,0
impl,19,2,4,2,all-max,,37,0,690,1,0
impl,19,2,4,2,victim-max,0,36,0,690,1,0
impl,19,2,4,2,others-max,0,36,1,690,1,0
impl,19,2,4,2,victim-max,2,36,2,690,1,0
impl,19,2,4,2,others-max,2,37,0,690,1,0
impl,19,2,4,2,victim-max,3,36,3,690,1,0
impl,19,2,4,2,others-max,3,36,0,690,1,0
impl,19,2,4,2,front-max,,23,0,436,1,0
impl,19,2,4,2,back-max,,25,0,460,1,0
impl,19,2,4,2,tail-max,,20,3,304,1,0
impl,19,2,4,3,all-max,,37,1,690,1,0
impl,19,2,4,3,victim-max,0,36,0,690,1,0
impl,19,2,4,3,others-max,0,36,1,690,1,0
impl,19,2,4,3,victim-max,2,36,2,690,1,0
impl,19,2,4,3,others-max,2,37,1,690,1,0
impl,19,2,4,3,victim-max,3,36,3,690,1,0
impl,19,2,4,3,others-max,3,36,0,690,1,0
impl,19,2,4,3,front-max,,23,0,436,1,0
impl,19,2,4,3,back-max,,25,1,460,1,0
impl,19,2,4,3,tail-max,,21,3,304,1,0
impl,19,2,4,5,all-max,,37,3,690,1,0
impl,19,2,4,5,victim-max,0,36,0,690,1,0
impl,19,2,4,5,others-max,0,37,3,690,1,0
impl,19,2,4,5,victim-max,2,36,2,690,1,0
impl,19,2,4,5,others-max,2,36,0,690,1,0
impl,19,2,4,5,victim-max,3,36,3,690,1,0
impl,19,2,4,5,others-max,3,36,0,690,1,0
impl,19,2,4,5,front-max,,23,0,436,1,0
impl,19,2,4,5,back-max,,25,1,460,1,0
impl,19,2,4,5,tail-max,,20,3,304,1,0
impl,19,2,5,1,all-max,,37,1,690,1,0
impl,19,2,5,1,victim-max,0,36,0,690,1,0
impl,19,2,5,1,others-max,0,37,3,690,1,0
impl,19,2,5,1,victim-max,2,36,2,690,1,0
impl,19,2,5,1,others-max,2,37,3,690,1,0
impl,19,2,5,1,victim-max,4,36,4,690,1,0
impl,19,2,5,1,others-max,4,37,2,690,1,0
impl,19,2,5,1,front-max,,23,0,436,1,0
impl,19,2,5,1,back-max,,25,0,460,1,0
impl,19,2,5,1,tail-max,,21,4,304,1,0
impl,19,2,5,2,all-max,,37,1,690,1,0
impl,19,2,5,2,victim-max,0,36,0,690,1,0
impl,19,2,5,2,others-max,0,36,1,690,1,0
impl,19,2,5,2,victim-max,2,36,2,690,1,0
impl,19,2,5,2,others-max,2,37,4,690,1,0
impl,19,2,5,2,victim-max,4,36,4,690,1,0
impl,19,2,5,2,others-max,4,36,0,690,1,0
impl,19,2,5,2,front-max,,23,0,436,1,0
impl,19,2,5,2,back-max,,25,1,460,1,0
impl,19,2,5,2,tail-max,,20,4,304,1,0
impl,19,2,5,3,all-max,,37,2,690,1,0
impl,19,2,5,3,victim-max,0,36,0,690,1,0
impl,19,2,5,3,others-max,0,36,1,690,1,0
impl,19,2,5,3,victim-max,2,36,2,690,1,0
impl,19,2,5,3,others-max,2,36,0,690,1,0
impl,19,2,5,3,victim-max,4,36,4,690,1,0
impl,19,2,5,3,others-max,4,36,0,690,1,0
impl,19,2,5,3,front-max,,23,0,436,1,0
impl,19,2,5,3,back-max,,25,0,460,1,0
impl,19,2,5,3,tail-max,,21,4,304,1,0
impl,19,2,5,5,all-max,,37,0,690,1,0
impl,19,2,5,5,victim-max,0,36,0,690,1,0
impl,19,2,5,5,others-max,0,37,2,690,1,0
impl,19,2,5,5,victim-max,2,36,2,690,1,0
impl,19,2,5,5,others-max,2,36,0,690,1,0
impl,19,2,5,5,victim-max,4,36,4,690,1,0
impl,19,2,5,5,others-max,4,36,0,690,1,0
impl,19,2,5,5,front-max,,23,0,436,1,0
impl,19,2,5,5,back-max,,25,2,460,1,0
impl,19,2,5,5,tail-max,,20,4,304,1,0
impl,19,2,6,1,all-max,,37,1,690,1,0
impl,19,2,6,1,victim-max,0,36,0,690,1,0
impl,19,2,6,1,others-max,0,37,3,690,1,0
impl,19,2,6,1,victim-max,3,36,3,690,1,0
impl,19,2,6,1,others-max,3,37,4,690,1,0
impl,19,2,6,1,victim-max,5,36,5,690,1,0
impl,19,2,6,1,others-max,5,37,3,690,1,0
impl,19,2,6,1,front-max,,23,0,436,1,0
impl,19,2,6,1,back-max,,25,2,460,1,0
impl,19,2,6,1,tail-max,,22,5,304,1,0
impl,19,2,6,2,all-max,,37,1,690,1,0
impl,19,2,6,2,victim-max,0,36,0,690,1,0
impl,19,2,6,2,others-max,0,37,4,690,1,0
impl,19,2,6,2,victim-max,3,36,3,690,1,0
impl,19,2,6,2,others-max,3,37,2,690,1,0
impl,19,2,6,2,victim-max,5,36,5,690,1,0
impl,19,2,6,2,others-max,5,37,3,690,1,0
impl,19,2,6,2,front-max,,24,0,436,1,0
impl,19,2,6,2,back-max,,26,4,460,1,0
impl,19,2,6,2,tail-max,,20,5,304,1,0
impl,19,2,6,3,all-max,,37,3,690,1,0
impl,19,2,6,3,victim-max,0,36,0,690,1,0
impl,19,2,6,3,others-max,0,36,1,690,1,0
impl,19,2,6,3,victim-max,3,36,3,690,1,0
impl,19,2,6,3,others-max,3,36,0,690,1,0
impl,19,2,6,3,victim-max,5,36,5,690,1,0
impl,19,2,6,3,others-max,5,36,0,690,1,0
impl,19,2,6,3,front-max,,24,1,436,1,0
impl,19,2,6,3,back-max,,26,2,460,1,0
impl,19,2,6,3,tail-max,,21,5,304,1,0
impl,19,2,6,5,all-max,,37,1,690,1,0
impl,19,2,6,5,victim-max,0,36,0,690,1,0
impl,19,2,6,5,others-max,0,37,2,690,1,0
impl,19,2,6,5,victim-max,3,36,3,690,1,0
impl,19,2,6,5,others-max,3,36,0,690,1,0
impl,19,2,6,5,victim-max,5,36,5,690,1,0
impl,19,2,6,5,others-max,5,36,0,690,1,0
impl,19,2,6,5,front-max,,23,0,436,1,0
impl,19,2,6,5,back-max,,25,3,460,1,0
impl,19,2,6,5,tail-max,,20,5,304,1,0
impl,19,2,7,1,all-max,,37,3,690,1,0
impl,19,2,7,1,victim-max,0,36,0,690,1,0
impl,19,2,7,1,others-max,0,37,5,690,1,0
impl,19,2,7,1,victim-max,3,36,3,690,1,0
impl,19,2,7,1,others-max,3,37,5,690,1,0
impl,19,2,7,1,victim-max,6,36,6,690,1,0
impl,19,2,7,1,others-max,6,36,0,690,1,0
impl,19,2,7,1,front-max,,24,1,436,1,0
impl,19,2,7,1,back-max,,26,6,460,1,0
impl,19,2,7,1,tail-max,,22,6,304,1,0
impl,19,2,7,2,all-max,,37,0,690,1,0
impl,19,2,7,2,victim-max,0,36,0,690,1,0
impl,19,2,7,2,others-max,0,37,5,690,1,0
impl,19,2,7,2,victim-max,3,36,3,690,1,0
impl,19,2,7,2,others-max,3,37,4,690,1,0
impl,19,2,7,2,victim-max,6,36,6,690,1,0
impl,19,2,7,2,others-max,6,37,4,690,1,0
impl,19,2,7,2,front-max,,24,2,436,1,0
impl,19,2,7,2,back-max,,25,0,460,1,0
impl,19,2,7,2,tail-max,,20,6,304,1,0
impl,19,2,7,3,all-max,,37,5,690,1,0
impl,19,2,7,3,victim-max,0,36,0,690,1,0
impl,19,2,7,3,others-max,0,37,6,690,1,0
impl,19,2,7,3,victim-max,3,36,3,690,1,0
impl,19,2,7,3,others-max,3,37,4,690,1,0
impl,19,2,7,3,victim-max,6,36,6,690,1,0
impl,19,2,7,3,others-max,6,36,0,690,1,0
impl,19,2,7,3,front-max,,24,2,436,1,0
impl,19,2,7,3,back-max,,27,5,460,1,0
impl,19,2,7,3,tail-max,,21,6,304,1,0
impl,19,2,7,5,all-max,,37,2,690,1,0
impl,19,2,7,5,victim-max,0,36,0,690,1,0
impl,19,2,7,5,others-max,0,37,3,690,1,0
impl,19,2,7,5,victim-max,3,36,3,690,1,0
impl,19,2,7,5,others-max,3,37,6,690,1,0
impl,19,2,7,5,victim-max,6,36,6,690,1,0
impl,19,2,7,5,others-max,6,36,0,690,1,0
impl,19,2,7,5,front-max,,23,0,436,1,0
impl,19,2,7,5,back-max,,26,4,460,1,0
impl,19,2,7,5,tail-max,,20,6,304,1,0
impl,19,2,8,1,all-max,,38,5,690,1,0
impl,19,2,8,1,victim-max,0,36,0,690,1,0
impl,19,2,8,1,others-max,0,37,6,690,1,0
impl,19,2,8,1,victim-max,4,36,4,690,1,0
impl,19,2,8,1,others-max,4,37,7,690,1,0
impl,19,2,8,1,victim-max,7,36,7,690,1,0
impl,19,2,8,1,others-max,7,36,0,690,1,0
impl,19,2,8,1,front-max,,24,2,436,1,0
impl,19,2,8,1,back-max,,25,0,460,1,0
impl,19,2,8,1,tail-max,,22,7,304,1,0
impl,19,2,8,2,all-max,,37,0,690,1,0
impl,19,2,8,2,victim-max,0,36,0,690,1,0
impl,19,2,8,2,others-max,0,37,6,690,1,0
impl,19,2,8,2,victim-max,4,36,4,690,1,0
impl,19,2,8,2,others-max,4,37,6,690,1,0
impl,19,2,8,2,victim-max,7,36,7,690,1,0
impl,19,2,8,2,others-max,7,37,5,690,1,0
impl,19,2,8,2,front-max,,23,0,436,1,0
impl,19,2,8,2,back-max,,25,0,460,1,0
impl,19,2,8,2,tail-max,,20,7,304,1,0
impl,19,2,8,3,all-max,,39,6,690,1,0
impl,19,2,8,3,victim-max,0,36,0,690,1,0
impl,19,2,8,3,others-max,0,37,5,690,1,0
impl,19,2,8,3,victim-max,4,36,4,690,1,0
impl,19,2,8,3,others-max,4,37,5,690,1,0
impl,19,2,8,3,victim-max,7,36,7,690,1,0
impl,19,2,8,3,others-max,7,36,0,690,1,0
impl,19,2,8,3,front-max,,24,3,436,1,0
impl,19,2,8,3,back-max,,25,2,460,1,0
impl,19,2,8,3,tail-max,,21,7,304,1,0
impl,19,2,8,5,all-max,,37,3,690,1,0
impl,19,2,8,5,victim-max,0,36,0,690,1,0
impl,19,2,8,5,others-max,0,37,3,690,1,0
impl,19,2,8,5,victim-max,4,36,4,690,1,0
impl,19,2,8,5,others-max,4,37,7,690,1,0
impl,19,2,8,5,victim-max,7,36,7,690,1,0
impl,19,2,8,5,others-max,7,37,1,690,1,0
impl,19,2,8,5,front-max,,23,0,436,1,0
impl,19,2,8,5,back-max,,26,5,460,1,0
impl,19,2,8,5,tail-max,,20,7,304,1,0
impl,19,2,9,1,all-max,,37,2,690,1,0
impl,19,2,9,1,victim-max,0,36,0,690,1,0
impl,19,2,9,1,others-max,0,37,6,690,1,0
impl,19,2,9,1,victim-max,4,36,4,690,1,0
impl,19,2,9,1,others-max,4,37,6,690,1,0
impl,19,2,9,1,victim-max,8,36,8,690,1,0
impl,19,2,9,1,others-max,8,37,6,690,1,0
impl,19,2,9,1,front-max,,24,0,436,1,0
impl,19,2,9,1,back-max,,25,0,460,1,0
impl,19,2,9,1,tail-max,,22,8,304,1,0
impl,19,2,9,2,all-max,,37,1,690,1,0
impl,19,2,9,2,victim-max,0,36,0,690,1,0
impl,19,2,9,2,others-max,0,37,7,690,1,0
impl,19,2,9,2,victim-max,4,36,4,690,1,0
impl,19,2,9,2,others-max,4,37,3,690,1,0
impl,19,2,9,2,victim-max,8,36,8,690,1,0
impl,19,2,9,2,others-max,8,37,6,690,1,0
impl,19,2,9,2,front-max,,23,0,436,1,0
impl,19,2,9,2,back-max,,25,1,460,1,0
impl,19,2,9,2,tail-max,,20,8,304,1,0
impl,19,2,9,3,all-max,,37,2,690,1,0
impl,19,2,9,3,victim-max,0,36,0,690,1,0
impl,19,2,9,3,others-max,0,37,6,690,1,0
impl,19,2,9,3,victim-max,4,36,4,690,1,0
impl,19,2,9,3,others-max,4,37,8,690,1,0
impl,19,2,9,3,victim-max,8,36,8,690,1,0
impl,19,2,9,3,others-max,8,36,0,690,1,0
impl,19,2,9,3,front-max,,24,4,436,1,0
impl,19,2,9,3,back-max,,26,3,460,1,0
impl,19,2,9,3,tail-max,,21,8,304,1,0
impl,19,2,9,5,all-max,,38,8,690,1,0
impl,19,2,9,5,victim-max,0,36,0,690,1,0
impl,19,2,9,5,others-max,0,37,5,690,1,0
impl,19,2,9,5,victim-max,4,36,4,690,1,0
impl,19,2,9,5,others-max,4,37,6,690,1,0
impl,19,2,9,5,victim-max,8,36,8,690,1,0
impl,19,2,9,5,others-max,8,36,0,690,1,0
impl,19,2,9,5,front-max,,23,0,436,1,0
impl,19,2,9,5,back-max,,26,8,460,1,0
impl,19,2,9,5,tail-max,,20,8,304,1,0
impl,19,2,10,1,all-max,,37,3,690,1,0
impl,19,2,10,1,victim-max,0,36,0,690,1,0
impl,19,2,10,1,others-max,0,37,8,690,1,0
impl,19,2,10,1,victim-max,5,36,5,690,1,0
impl,19,2,10,1,others-max,5,37,7,690,1,0
impl,19,2,10,1,victim-max,9,36,9,690,1,0
impl,19,2,10,1,others-max,9,36,0,690,1,0
impl,19,2,10,1,front-max,,24,0,436,1,0
impl,19,2,10,1,back-max,,25,0,460,1,0
impl,19,2,10,1,tail-max,,22,9,304,1,0
impl,19,2,10,2,all-max,,38,8,690,1,0
impl,19,2,10,2,victim-max,0,36,0,690,1,0
impl,19,2,10,2,others-max,0,37,8,690,1,0
impl,19,2,10,2,victim-max,5,36,5,690,1,0
impl,19,2,10,2,others-max,5,37,8,690,1,0
impl,19,2,10,2,victim-max,9,36,9,690,1,0
impl,19,2,10,2,others-max,9,36,0,690,1,0
impl,19,2,10,2,front-max,,23,0,436,1,0
impl,19,2,10,2,back-max,,25,0,460,1,0
impl,19,2,10,2,tail-max,,20,9,304,1,0
impl,19,2,10,3,all-max,,37,3,690,1,0
impl,19,2,10,3,victim-max,0,36,0,690,1,0
impl,19,2,10,3,others-max,0,37,7,690,1,0
impl,19,2,10,3,victim-max,5,36,5,690,1,0
impl,19,2,10,3,others-max,5,37,9,690,1,0
impl,19,2,10,3,victim-max,9,36,9,690,1,0
impl,19,2,10,3,others-max,9,36,0,690,1,0
impl,19,2,10,3,front-max,,23,0,436,1,0
impl,19,2,10,3,back-max,,26,5,460,1,0
impl,19,2,10,3,tail-max,,21,9,304,1,0
impl,19,2,10,5,all-max,,37,4,690,1,0
impl,19,2,10,5,victim-max,0,36,0,690,1,0
impl,19,2,10,5,others-max,0,37,5,690,1,0
impl,19,2,10,5,victim-max,5,36,5,690,1,0
impl,19,2,10,5,others-max,5,37,7,690,1,0
impl,19,2,10,5,victim-max,9,36,9,690,1,0
impl,19,2,10,5,others-max,9,37,3,690,1,0
impl,19,2,10,5,front-max,,23,0,436,1,0
impl,19,2,10,5,back-max,,26,8,460,1,0
impl,19,2,10,5,tail-max,,20,9,304,1,0
impl,19,2,11,1,all-max,,37,0,690,1,0
impl,19,2,11,1,victim-max,0,36,0,690,1,0
impl,19,2,11,1,others-max,0,37,9,690,1,0
impl,19,2,11,1,victim-max,5,36,5,690,1,0
impl,19,2,11,1,others-max,5,37,9,690,1,0
impl,19,2,11,1,victim-max,10,36,10,690,1,0
impl,19,2,11,1,others-max,10,37,8,690,1,0
impl,19,2,11,1,front-max,,24,0,436,1,0
impl,19,2,11,1,back-max,,26,10,460,1,0
impl,19,2,11,1,tail-max,,22,10,304,1,0
impl,19,2,11,2,all-max,,37,2,690,1,0
impl,19,2,11,2,victim-max,0,36,0,690,1,0
impl,19,2,11,2,others-max,0,37,9,690,1,0
impl,19,2,11,2,victim-max,5,36,5,690,1,0
impl,19,2,11,2,others-max,5,37,4,690,1,0
impl,19,2,11,2,victim-max,10,36,10,690,1,0
impl,19,2,11,2,others-max,10,36,0,690,1,0
impl,19,2,11,2,front-max,,23,0,436,1,0
impl,19,2,11,2,back-max,,25,0,460,1,0
impl,19,2,11,2,tail-max,,20,10,304,1,0
impl,19,2,11,3,all-max,,39,9,690,1,0
impl,19,2,11,3,victim-max,0,36,0,690,1,0
impl,19,2,11,3,others-max,0,37,4,690,1,0
impl,19,2,11,3,victim-max,5,36,5,690,1,0
impl,19,2,11,3,others-max,5,37,8,690,1,0
impl,19,2,11,3,victim-max,10,36,10,690,1,0
impl,19,2,11,3,others-max,10,36,0,690,1,0
impl,19,2,11,3,front-max,,23,0,436,1,0
impl,19,2,11,3,back-max,,25,4,460,1,0
impl,19,2,11,3,tail-max,,21,10,304,1,0
impl,19,2,11,5,all-max,,38,9,690,1,0
impl,19,2,11,5,victim-max,0,36,0,690,1,0
impl,19,2,11,5,others-max,0,38,10,690,1,0
impl,19,2,11,5,victim-max,5,36,5,690,1,0
impl,19,2,11,5,others-max,5,37,6,690,1,0
impl,19,2,11,5,victim-max,10,36,10,690,1,0
impl,19,2,11,5,others-max,10,37,5,690,1,0
impl,19,2,11,5,front-max,,23,0,436,1,0
impl,19,2,11,5,back-max,,25,7,460,1,0
impl,19,2,11,5,tail-max,,20,10,304,1,0
impl,19,2,12,1,all-max,,37,0,690,1,0
impl,19,2,12,1,victim-max,0,36,0,690,1,0
impl,19,2,12,1,others-max,0,37,10,690,1,0
impl,19,2,12,1,victim-max,6,36,6,690,1,0
impl,19,2,12,1,others-max,6,37,10,690,1,0
impl,19,2,12,1,victim-max,11,36,11,690,1,0
impl,19,2,12,1,others-max,11,37,9,690,1,0
impl,19,2,12,1,front-max,,23,0,436,1,0
impl,19,2,12,1,back-max,,25,0,460,1,0
impl,19,2,12,1,tail-max,,22,11,304,1,0
impl,19,2,12,2,all-max,,37,3,690,1,0
impl,19,2,12,2,victim-max,0,36,0,690,1,0
impl,19,2,12,2,others-max,0,37,5,690,1,0
impl,19,2,12,2,victim-max,6,36,6,690,1,0
impl,19,2,12,2,others-max,6,37,5,690,1,0
impl,19,2,12,2,victim-max,11,36,11,690,1,0
impl,19,2,12,2,others-max,11,36,0,690,1,0
impl,19,2,12,2,front-max,,23,0,436,1,0
impl,19,2,12,2,back-max,,25,0,460,1,0
impl,19,2,12,2,tail-max,,20,11,304,1,0
impl,19,2,12,3,all-max,,37,3,690,1,0
impl,19,2,12,3,victim-max,0,36,0,690,1,0
impl,19,2,12,3,others-max,0,37,4,690,1,0
impl,19,2,12,3,victim-max,6,36,6,690,1,0
impl,19,2,12,3,others-max,6,37,9,690,1,0
impl,19,2,12,3,victim-max,11,36,11,690,1,0
impl,19,2,12,3,others-max,11,37,2,690,1,0
impl,19,2,12,3,front-max,,24,4,436,1,0
impl,19,2,12,3,back-max,,27,10,460,1,0
impl,19,2,12,3,tail-max,,21,11,304,1,0
impl,19,2,12,5,all-max,,38,6,690,1,0
impl,19,2,12,5,victim-max,0,36,0,690,1,0
impl,19,2,12,5,others-max,0,37,6,690,1,0
impl,19,2,12,5,victim-max,6,36,6,690,1,0
impl,19,2,12,5,others-max,6,37,7,690,1,0
impl,19,2,12,5,victim-max,11,36,11,690,1,0
impl,19,2,12,5,others-max,11,37,5,690,1,0
impl,19,2,12,5,front-max,,23,0,436,1,0
impl,19,2,12,5,back-max,,26,9,460,1,0
impl,19,2,12,5,tail-max,,20,11,304,1,0
impl,19,2,13,1,all-max,,37,2,690,1,0
impl,19,2,13,1,victim-max,0,36,0,690,1,0
impl,19,2,13,1,others-max,0,37,10,690,1,0
impl,19,2,13,1,victim-max,6,36,6,690,1,0
impl,19,2,13,1,others-max,6,37,11,690,1,0
impl,19,2,13,1,victim-max,12,36,12,690,1,0
impl,19,2,13,1,others-max,12,36,0,690,1,0
impl,19,2,13,1,front-max,,24,2,436,1,0
impl,19,2,13,1,back-max,,25,0,460,1,0
impl,19,2,13,1,tail-max,,22,12,304,1,0
impl,19,2,13,2,all-max,,38,11,690,1,0
impl,19,2,13,2,victim-max,0,36,0,690,1,0
impl,19,2,13,2,others-max,0,37,3,690,1,0
impl,19,2,13,2,victim-max,6,36,6,690,1,0
impl,19,2,13,2,others-max,6,37,10,690,1,0
impl,19,2,13,2,victim-max,12,36,12,690,1,0
impl,19,2,13,2,others-max,12,36,0,690,1,0
impl,19,2,13,2,front-max,,23,0,436,1,0
impl,19,2,13,2,back-max,,25,0,460,1,0
impl,19,2,13,2,tail-max,,20,12,304,1,0
impl,19,2,13,3,all-max,,37,3,690,1,0
impl,19,2,13,3,victim-max,0,36,0,690,1,0
impl,19,2,13,3,others-max,0,37,1,690,1,0
impl,19,2,13,3,victim-max,6,36,6,690,1,0
impl,19,2,13,3,others-max,6,37,12,690,1,0
impl,19,2,13,3,victim-max,12,36,12,690,1,0
impl,19,2,13,3,others-max,12,36,0,690,1,0
impl,19,2,13,3,front-max,,24,4,436,1,0
impl,19,2,13,3,back-max,,25,5,460,1,0
impl,19,2,13,3,tail-max,,21,12,304,1,0
impl,19,2,13,5,all-max,,37,6,690,1,0
impl,19,2,13,5,victim-max,0,36,0,690,1,0
impl,19,2,13,5,others-max,0,38,11,690,1,0
impl,19,2,13,5,victim-max,6,36,6,690,1,0
impl,19,2,13,5,others-max,6,37,8,690,1,0
impl,19,2,13,5,victim-max,12,36,12,690,1,0
impl,19,2,13,5,others-max,12,37,6,690,1,0
impl,19,2,13,5,front-max,,23,0,436,1,0
impl,19,2,13,5,back-max,,26,12,460,1,0
impl,19,2,13,5,tail-max,,20,12,304,1,0
impl,19,2,14,1,all-max,,37,0,690,1,0
impl,19,2,14,1,victim-max,0,36,0,690,1,0
impl,19,2,14,1,others-max,0,37,12,690,1,0
impl,19,2,14,1,victim-max,7,36,7,690,1,0
impl,19,2,14,1,others-max,7,37,12,690,1,0
impl,19,2,14,1,victim-max,13,36,13,690,1,0
impl,19,2,14,1,others-max,13,36,0,690,1,0
impl,19,2,14,1,front-max,,24,3,436,1,0
impl,19,2,14,1,back-max,,25,3,460,1,0
impl,19,2,14,1,tail-max,,22,13,304,1,0
impl,19,2,14,2,all-max,,37,2,690,1,0
impl,19,2,14,2,victim-max,0,36,0,690,1,0
impl,19,2,14,2,others-max,0,37,1,690,1,0
impl,19,2,14,2,victim-max,7,36,7,690,1,0
impl,19,2,14,2,others-max,7,37,5,690,1,0
impl,19,2,14,2,victim-max,13,36,13,690,1,0
impl,19,2,14,2,others-max,13,36,0,690,1,0
impl,19,2,14,2,front-max,,23,0,436,1,0
impl,19,2,14,2,back-max,,25,0,460,1,0
impl,19,2,14,2,tail-max,,20,13,304,1,0
impl,19,2,14,3,all-max,,37,3,690,1,0
impl,19,2,14,3,victim-max,0,36,0,690,1,0
impl,19,2,14,3,others-max,0,37,1,690,1,0
impl,19,2,14,3,victim-max,7,36,7,690,1,0
impl,19,2,14,3,others-max,7,37,13,690,1,0
impl,19,2,14,3,victim-max,13,36,13,690,1,0
impl,19,2,14,3,others-max,13,36,0,690,1,0
impl,19,2,14,3,front-max,,24,4,436,1,0
impl,19,2,14,3,back-max,,25,5,460,1,0
impl,19,2,14,3,tail-max,,21,13,304,1,0
impl,19,2,14,5,all-max,,38,12,690,1,0
impl,19,2,14,5,victim-max,0,36,0,690,1,0
impl,19,2,14,5,others-max,0,38,8,690,1,0
impl,19,2,14,5,victim-max,7,36,7,690,1,0
impl,19,2,14,5,others-max,7,37,1,690,1,0
impl,19,2,14,5,victim-max,13,36,13,690,1,0
impl,19,2,14,5,others-max,13,37,6,690,1,0
impl,19,2,14,5,front-max,,23,0,436,1,0
impl,19,2,14,5,back-max,,25,7,460,1,0
impl,19,2,14,5,tail-max,,20,13,304,1,0
impl,19,2,15,1,all-max,,37,0,690,1,0
impl,19,2,15,1,victim-max,0,36,0,690,1,0
impl,19,2,15,1,others-max,0,37,13,690,1,0
impl,19,2,15,1,victim-max,7,36,7,690,1,0
impl,19,2,15,1,others-max,7,37,13,690,1,0
impl,19,2,15,1,victim-max,14,36,14,690,1,0
impl,19,2,15,1,others-max,14,36,0,690,1,0
impl,19,2,15,1,front-max,,24,3,436,1,0
impl,19,2,15,1,back-max,,25,0,460,1,0
impl,19,2,15,1,tail-max,,22,14,304,1,0
impl,19,2,15,2,all-max,,38,14,690,1,0
impl,19,2,15,2,victim-max,0,36,0,690,1,0
impl,19,2,15,2,others-max,0,37,7,690,1,0
impl,19,2,15,2,victim-max,7,36,7,690,1,0
impl,19,2,15,2,others-max,7,37,12,690,1,0
impl,19,2,15,2,victim-max,14,36,14,690,1,0
impl,19,2,15,2,others-max,14,37,2,690,1,0
impl,19,2,15,2,front-max,,23,0,436,1,0
impl,19,2,15,2,back-max,,25,0,460,1,0
impl,19,2,15,2,tail-max,,20,14,304,1,0
impl,19,2,15,3,all-max,,37,3,690,1,0
impl,19,2,15,3,victim-max,0,36,0,690,1,0
impl,19,2,15,3,others-max,0,37,1,690,1,0
impl,19,2,15,3,victim-max,7,36,7,690,1,0
impl,19,2,15,3,others-max,7,37,12,690,1,0
impl,19,2,15,3,victim-max,14,36,14,690,1,0
impl,19,2,15,3,others-max,14,37,4,690,1,0
impl,19,2,15,3,front-max,,24,4,436,1,0
impl,19,2,15,3,back-max,,25,5,460,1,0
impl,19,2,15,3,tail-max,,21,14,304,1,0
impl,19,2,15,5,all-max,,38,9,690,1,0
impl,19,2,15,5,victim-max,0,36,0,690,1,0
impl,19,2,15,5,others-max,0,37,8,690,1,0
impl,19,2,15,5,victim-max,7,36,7,690,1,0
impl,19,2,15,5,others-max,7,38,14,690,1,0
impl,19,2,15,5,victim-max,14,36,14,690,1,0
impl,19,2,15,5,others-max,14,37,6,690,1,0
impl,19,2,15,5,front-max,,23,0,436,1,0
impl,19,2,15,5,back-max,,25,7,460,1,0
impl,19,2,15,5,tail-max,,20,14,304,1,0
impl,19,2,16,1,all-max,,37,0,690,1,0
impl,19,2,16,1,victim-max,0,36,0,690,1,0
impl,19,2,16,1,others-max,0,37,13,690,1,0
impl,19,2,16,1,victim-max,8,36,8,690,1,0
impl,19,2,16,1,others-max,8,37,13,690,1,0
impl,19,2,16,1,victim-max,15,36,15,690,1,0
impl,19,2,16,1,others-max,15,36,0,690,1,0
impl,19,2,16,1,front-max,,24,3,436,1,0
impl,19,2,16,1,back-max,,25,0,460,1,0
impl,19,2,16,1,tail-max,,22,15,304,1,0
impl,19,2,16,2,all-max,,37,2,690,1,0
impl,19,2,16,2,victim-max,0,36,0,690,1,0
impl,19,2,16,2,others-max,0,37,3,690,1,0
impl,19,2,16,2,victim-max,8,36,8,690,1,0
impl,19,2,16,2,others-max,8,37,14,690,1,0
impl,19,2,16,2,victim-max,15,36,15,690,1,0
impl,19,2,16,2,others-max,15,37,3,690,1,0
impl,19,2,16,2,front-max,,23,0,436,1,0
impl,19,2,16,2,back-max,,25,0,460,1,0
impl,19,2,16,2,tail-max,,20,15,304,1,0
impl,19,2,16,3,all-max,,37,3,690,1,0
impl,19,2,16,3,victim-max,0,36,0,690,1,0
impl,19,2,16,3,others-max,0,37,1,690,1,0
impl,19,2,16,3,victim-max,8,36,8,690,1,0
impl,19,2,16,3,others-max,8,37,13,690,1,0
impl,19,2,16,3,victim-max,15,36,15,690,1,0
impl,19,2,16,3,others-max,15,37,3,690,1,0
impl,19,2,16,3,front-max,,24,4,436,1,0
impl,19,2,16,3,back-max,,27,14,460,1,0
impl,19,2,16,3,tail-max,,21,15,304,1,0
impl,19,2,16,5,all-max,,37,6,690,1,0
impl,19,2,16,5,victim-max,0,36,0,690,1,0
impl,19,2,16,5,others-max,0,38,14,690,1,0
impl,19,2,16,5,victim-max,8,36,8,690,1,0
impl,19,2,16,5,others-max,8,38,15,690,1,0
impl,19,2,16,5,victim-max,15,36,15,690,1,0
impl,19,2,16,5,others-max,15,37,6,690,1,0
impl,19,2,16,5,front-max,,23,0,436,1,0
impl,19,2,16,5,back-max,,26,13,460,1,0
impl,19,2,16,5,tail-max,,20,15,304,1,0
impl,19,2,17,1,all-max,,38,14,690,1,0
impl,19,2,17,1,victim-max,0,36,0,690,1,0
impl,19,2,17,1,others-max,0,37,4,690,1,0
impl,19,2,17,1,victim-max,8,36,8,690,1,0
impl,19,2,17,1,others-max,8,37,16,690,1,0
impl,19,2,17,1,victim-max,16,36,16,690,1,0
impl,19,2,17,1,others-max,16,36,0,690,1,0
impl,19,2,17,1,front-max,,24,3,436,1,0
impl,19,2,17,1,back-max,,25,1,460,1,0
impl,19,2,17,1,tail-max,,22,16,304,1,0
impl,19,2,17,2,all-max,,37,9,690,1,0
impl,19,2,17,2,victim-max,0,36,0,690,1,0
impl,19,2,17,2,others-max,0,37,5,690,1,0
impl,19,2,17,2,victim-max,8,36,8,690,1,0
impl,19,2,17,2,others-max,8,37,10,690,1,0
impl,19,2,17,2,victim-max,16,36,16,690,1,0
impl,19,2,17,2,others-max,16,37,3,690,1,0
impl,19,2,17,2,front-max,,23,0,436,1,0
impl,19,2,17,2,back-max,,25,0,460,1,0
impl,19,2,17,2,tail-max,,20,16,304,1,0
impl,19,2,17,3,all-max,,37,3,690,1,0
impl,19,2,17,3,victim-max,0,36,0,690,1,0
impl,19,2,17,3,others-max,0,37,1,690,1,0
impl,19,2,17,3,victim-max,8,36,8,690,1,0
impl,19,2,17,3,others-max,8,37,14,690,1,0
impl,19,2,17,3,victim-max,16,36,16,690,1,0
impl,19,2,17,3,others-max,16,37,3,690,1,0
impl,19,2,17,3,front-max,,24,4,436,1,0
impl,19,2,17,3,back-max,,26,15,460,1,0
impl,19,2,17,3,tail-max,,21,16,304,1,0
impl,19,2,17,5,all-max,,38,15,690,1,0
impl,19,2,17,5,victim-max,0,36,0,690,1,0
impl,19,2,17,5,others-max,0,38,11,690,1,0
impl,19,2,17,5,victim-max,8,36,8,690,1,0
impl,19,2,17,5,others-max,8,37,10,690,1,0
impl,19,2,17,5,victim-max,16,36,16,690,1,0
impl,19,2,17,5,others-max,16,37,6,690,1,0
impl,19,2,17,5,front-max,,23,0,436,1,0
impl,19,2,17,5,back-max,,26,14,460,1,0
impl,19,2,17,5,tail-max,,20,16,304,1,0
impl,19,2,18,1,all-max,,39,17,690,1,0
impl,19,2,18,1,victim-max,0,36,0,690,1,0
impl,19,2,18,1,others-max,0,37,5,690,1,0
impl,19,2,18,1,victim-max,9,36,9,690,1,0
impl,19,2,18,1,others-max,9,37,15,690,1,0
impl,19,2,18,1,victim-max,17,36,17,690,1,0
impl,19,2,18,1,others-max,17,37,15,690,1,0
impl,19,2,18,1,front-max,,24,6,436,1,0
impl,19,2,18,1,back-max,,25,1,460,1,0
impl,19,2,18,1,tail-max,,22,17,304,1,0
impl,19,2,18,2,all-max,,37,2,690,1,0
impl,19,2,18,2,victim-max,0,36,0,690,1,0
impl,19,2,18,2,others-max,0,37,2,690,1,0
impl,19,2,18,2,victim-max,9,36,9,690,1,0
impl,19,2,18,2,others-max,9,37,16,690,1,0
impl,19,2,18,2,victim-max,17,36,17,690,1,0
impl,19,2,18,2,others-max,17,37,4,690,1,0
impl,19,2,18,2,front-max,,23,0,436,1,0
impl,19,2,18,2,back-max,,25,0,460,1,0
impl,19,2,18,2,tail-max,,20,17,304,1,0
impl,19,2,18,3,all-max,,37,3,690,1,0
impl,19,2,18,3,victim-max,0,36,0,690,1,0
impl,19,2,18,3,others-max,0,37,1,690,1,0
impl,19,2,18,3,victim-max,9,36,9,690,1,0
impl,19,2,18,3,others-max,9,37,15,690,1,0
impl,19,2,18,3,victim-max,17,36,17,690,1,0
impl,19,2,18,3,others-max,17,37,3,690,1,0
impl,19,2,18,3,front-max,,24,4,436,1,0
impl,19,2,18,3,back-max,,26,12,460,1,0
impl,19,2,18,3,tail-max,,21,17,304,1,0
impl,19,2,18,5,all-max,,38,12,690,1,0
impl,19,2,18,5,victim-max,0,36,0,690,1,0
impl,19,2,18,5,others-max,0,38,17,690,1,0
impl,19,2,18,5,victim-max,9,36,9,690,1,0
impl,19,2,18,5,others-max,9,37,3,690,1,0
impl,19,2,18,5,victim-max,17,36,17,690,1,0
impl,19,2,18,5,others-max,17,37,6,690,1,0
impl,19,2,18,5,front-max,,23,0,436,1,0
impl,19,2,18,5,back-max,,25,7,460,1,0
impl,19,2,18,5,tail-max,,20,17,304,1,0
impl,19,2,19,1,all-max,,38,18,690,1,0
impl,19,2,19,1,victim-max,0,36,0,690,1,0
impl,19,2,19,1,others-max,0,37,4,690,1,0
impl,19,2,19,1,victim-max,9,36,9,690,1,0
impl,19,2,19,1,others-max,9,37,16,690,1,0
impl,19,2,19,1,victim-max,18,36,18,690,1,0
impl,19,2,19,1,others-max,18,36,0,690,1,0
impl,19,2,19,1,front-max,,24,7,436,1,0
impl,19,2,19,1,back-max,,25,5,460,1,0
impl,19,2,19,1,tail-max,,22,18,304,1,0
impl,19,2,19,2,all-max,,38,17,690,1,0
impl,19,2,19,2,victim-max,0,36,0,690,1,0
impl,19,2,19,2,others-max,0,37,2,690,1,0
impl,19,2,19,2,victim-max,9,36,9,690,1,0
impl,19,2,19,2,others-max,9,37,16,690,1,0
impl,19,2,19,2,victim-max,18,36,18,690,1,0
impl,19,2,19,2,others-max,18,37,17,690,1,0
impl,19,2,19,2,front-max,,23,0,436,1,0
impl,19,2,19,2,back-max,,25,0,460,1,0
impl,19,2,19,2,tail-max,,20,18,304,1,0
impl,19,2,19,3,all-max,,37,3,690,1,0
impl,19,2,19,3,victim-max,0,36,0,690,1,0
impl,19,2,19,3,others-max,0,37,1,690,1,0
impl,19,2,19,3,victim-max,9,36,9,690,1,0
impl,19,2,19,3,others-max,9,37,11,690,1,0
impl,19,2,19,3,victim-max,18,36,18,690,1,0
impl,19,2,19,3,others-max,18,37,3,690,1,0
impl,19,2,19,3,front-max,,24,4,436,1,0
impl,19,2,19,3,back-max,,26,13,460,1,0
impl,19,2,19,3,tail-max,,21,18,304,1,0
impl,19,2,19,5,all-max,,37,6,690,1,0
impl,19,2,19,5,victim-max,0,36,0,690,1,0
impl,19,2,19,5,others-max,0,37,8,690,1,0
impl,19,2,19,5,victim-max,9,36,9,690,1,0
impl,19,2,19,5,others-max,9,37,3,690,1,0
impl,19,2,19,5,victim-max,18,36,18,690,1,0
impl,19,2,19,5,others-max,18,37,6,690,1,0
impl,19,2,19,5,front-max,,23,0,436,1,0
impl,19,2,19,5,back-max,,25,7,460,1,0
impl,19,2,19,5,tail-max,,20,18,304,1,0
impl,19,2,20,1,all-max,,37,2,690,1,0
impl,19,2,20,1,victim-max,0,36,0,690,1,0
impl,19,2,20,1,others-max,0,37,3,690,1,0
impl,19,2,20,1,victim-max,10,36,10,690,1,0
impl,19,2,20,1,others-max,10,37,8,690,1,0
impl,19,2,20,1,victim-max,19,36,19,690,1,0
impl,19,2,20,1,others-max,19,37,3,690,1,0
impl,19,2,20,1,front-max,,24,12,436,1,0
impl,19,2,20,1,back-max,,25,4,460,1,0
impl,19,2,20,1,tail-max,,22,19,304,1,0
impl,19,2,20,2,all-max,,37,2,690,1,0
impl,19,2,20,2,victim-max,0,36,0,690,1,0
impl,19,2,20,2,others-max,0,37,2,690,1,0
impl,19,2,20,2,victim-max,10,36,10,690,1,0
impl,19,2,20,2,others-max,10,37,17,690,1,0
impl,19,2,20,2,victim-max,19,36,19,690,1,0
impl,19,2,20,2,others-max,19,37,5,690,1,0
impl,19,2,20,2,front-max,,23,0,436,1,0
impl,19,2,20,2,back-max,,25,0,460,1,0
impl,19,2,20,2,tail-max,,20,19,304,1,0
impl,19,2,20,3,all-max,,37,3,690,1,0
impl,19,2,20,3,victim-max,0,36,0,690,1,0
impl,19,2,20,3,others-max,0,37,1,690,1,0
impl,19,2,20,3,victim-max,10,36,10,690,1,0
impl,19,2,20,3,others-max,10,37,12,690,1,0
impl,19,2,20,3,victim-max,19,36,19,690,1,0
impl,19,2,20,3,others-max,19,37,3,690,1,0
impl,19,2,20,3,front-max,,24,4,436,1,0
impl,19,2,20,3,back-max,,25,5,460,1,0
impl,19,2,20,3,tail-max,,21,19,304,1,0
impl,19,2,20,5,all-max,,38,18,690,1,0
impl,19,2,20,5,victim-max,0,36,0,690,1,0
impl,19,2,20,5,others-max,0,38,18,690,1,0
impl,19,2,20,5,victim-max,10,36,10,690,1,0
impl,19,2,20,5,others-max,10,37,5,690,1,0
impl,19,2,20,5,victim-max,19,36,19,690,1,0
impl,19,2,20,5,others-max,19,37,6,690,1,0
impl,19,2,20,5,front-max,,23,0,436,1,0
impl,19,2,20,5,back-max,,25,7,460,1,0
impl,19,2,20,5,tail-max,,20,19,304,1,0
impl,19,2,21,1,all-max,,38,20,690,1,0
impl,19,2,21,1,victim-max,0,36,0,690,1,0
impl,19,2,21,1,others-max,0,37,14,690,1,0
impl,19,2,21,1,victim-max,10,36,10,690,1,0
impl,19,2,21,1,others-max,10,37,5,690,1,0
impl,19,2,21,1,victim-max,20,36,20,690,1,0
impl,19,2,21,1,others-max,20,37,9,690,1,0
impl,19,2,21,1,front-max,,24,2,436,1,0
impl,19,2,21,1,back-max,,25,2,460,1,0
impl,19,2,21,1,tail-max,,22,20,304,1,0
impl,19,2,21,2,all-max,,37,2,690,1,0
impl,19,2,21,2,victim-max,0,36,0,690,1,0
impl,19,2,21,2,others-max,0,37,2,690,1,0
impl,19,2,21,2,victim-max,10,36,10,690,1,0
impl,19,2,21,2,others-max,10,37,18,690,1,0
impl,19,2,21,2,victim-max,20,36,20,690,1,0
impl,19,2,21,2,others-max,20,37,2,690,1,0
impl,19,2,21,2,front-max,,24,13,436,1,0
impl,19,2,21,2,back-max,,26,17,460,1,0
impl,19,2,21,2,tail-max,,20,20,304,1,0
impl,19,2,21,3,all-max,,37,3,690,1,0
impl,19,2,21,3,victim-max,0,36,0,690,1,0
impl,19,2,21,3,others-max,0,37,1,690,1,0
impl,19,2,21,3,victim-max,10,36,10,690,1,0
impl,19,2,21,3,others-max,10,37,16,690,1,0
impl,19,2,21,3,victim-max,20,36,20,690,1,0
impl,19,2,21,3,others-max,20,37,3,690,1,0
impl,19,2,21,3,front-max,,24,4,436,1,0
impl,19,2,21,3,back-max,,25,5,460,1,0
impl,19,2,21,3,tail-max,,21,20,304,1,0
impl,19,2,21,5,all-max,,38,15,690,1,0
impl,19,2,21,5,victim-max,0,36,0,690,1,0
impl,19,2,21,5,others-max,0,38,20,690,1,0
impl,19,2,21,5,victim-max,10,36,10,690,1,0
impl,19,2,21,5,others-max,10,37,5,690,1,0
impl,19,2,21,5,victim-max,20,36,20,690,1,0
impl,19,2,21,5,others-max,20,37,6,690,1,0
impl,19,2,21,5,front-max,,23,0,436,1,0
impl,19,2,21,5,back-max,,26,18,460,1,0
impl,19,2,21,5,tail-max,,20,20,304,1,0
impl,19,2,22,1,all-max,,37,2,690,1,0
impl,19,2,22,1,victim-max,0,36,0,690,1,0
impl,19,2,22,1,others-max,0,37,6,690,1,0
impl,19,2,22,1,victim-max,11,36,11,690,1,0
impl,19,2,22,1,others-max,11,37,13,690,1,0
impl,19,2,22,1,victim-max,21,36,21,690,1,0
impl,19,2,22,1,others-max,21,37,6,690,1,0
impl,19,2,22,1,front-max,,24,2,436,1,0
impl,19,2,22,1,back-max,,25,2,460,1,0
impl,19,2,22,1,tail-max,,22,21,304,1,0
impl,19,2,22,2,all-max,,38,20,690,1,0
impl,19,2,22,2,victim-max,0,36,0,690,1,0
impl,19,2,22,2,others-max,0,37,2,690,1,0
impl,19,2,22,2,victim-max,11,36,11,690,1,0
impl,19,2,22,2,others-max,11,37,17,690,1,0
impl,19,2,22,2,victim-max,21,36,21,690,1,0
impl,19,2,22,2,others-max,21,37,2,690,1,0
impl,19,2,22,2,front-max,,23,0,436,1,0
impl,19,2,22,2,back-max,,25,0,460,1,0
impl,19,2,22,2,tail-max,,20,21,304,1,0
impl,19,2,22,3,all-max,,37,3,690,1,0
impl,19,2,22,3,victim-max,0,36,0,690,1,0
impl,19,2,22,3,others-max,0,37,1,690,1,0
impl,19,2,22,3,victim-max,11,36,11,690,1,0
impl,19,2,22,3,others-max,11,37,3,690,1,0
impl,19,2,22,3,victim-max,21,36,21,690,1,0
impl,19,2,22,3,others-max,21,37,3,690,1,0
impl,19,2,22,3,front-max,,24,4,436,1,0
impl,19,2,22,3,back-max,,25,5,460,1,0
impl,19,2,22,3,tail-max,,21,21,304,1,0
impl,19,2,22,5,all-max,,38,21,690,1,0
impl,19,2,22,5,victim-max,0,36,0,690,1,0
impl,19,2,22,5,others-max,0,39,20,690,1,0
impl,19,2,22,5,victim-max,11,36,11,690,1,0
impl,19,2,22,5,others-max,11,37,5,690,1,0
impl,19,2,22,5,victim-max,21,36,21,690,1,0
impl,19,2,22,5,others-max,21,37,6,690,1,0
impl,19,2,22,5,front-max,,23,0,436,1,0
impl,19,2,22,5,back-max,,26,19,460,1,0
impl,19,2,22,5,tail-max,,20,21,304,1,0
impl,19,2,23,1,all-max,,38,20,690,1,0
impl,19,2,23,1,victim-max,0,36,0,690,1,0
impl,19,2,23,1,others-max,0,37,4,690,1,0
impl,19,2,23,1,victim-max,11,36,11,690,1,0
impl,19,2,23,1,others-max,11,37,12,690,1,0
impl,19,2,23,1,victim-max,22,36,22,690,1,0
impl,19,2,23,1,others-max,22,37,2,690,1,0
impl,19,2,23,1,front-max,,24,2,436,1,0
impl,19,2,23,1,back-max,,25,2,460,1,0
impl,19,2,23,1,tail-max,,22,22,304,1,0
impl,19,2,23,2,all-max,,37,2,690,1,0
impl,19,2,23,2,victim-max,0,36,0,690,1,0
impl,19,2,23,2,others-max,0,37,2,690,1,0
impl,19,2,23,2,victim-max,11,36,11,690,1,0
impl,19,2,23,2,others-max,11,37,9,690,1,0
impl,19,2,23,2,victim-max,22,36,22,690,1,0
impl,19,2,23,2,others-max,22,37,2,690,1,0
impl,19,2,23,2,front-max,,24,15,436,1,0
impl,19,2,23,2,back-max,,25,0,460,1,0
impl,19,2,23,2,tail-max,,20,22,304,1,0
impl,19,2,23,3,all-max,,37,3,690,1,0
impl,19,2,23,3,victim-max,0,36,0,690,1,0
impl,19,2,23,3,others-max,0,37,1,690,1,0
impl,19,2,23,3,victim-max,11,36,11,690,1,0
impl,19,2,23,3,others-max,11,37,3,690,1,0
impl,19,2,23,3,victim-max,22,36,22,690,1,0
impl,19,2,23,3,others-max,22,37,3,690,1,0
impl,19,2,23,3,front-max,,24,4,436,1,0
impl,19,2,23,3,back-max,,25,5,460,1,0
impl,19,2,23,3,tail-max,,21,22,304,1,0
impl,19,2,23,5,all-max,,37,6,690,1,0
impl,19,2,23,5,victim-max,0,36,0,690,1,0
impl,19,2,23,5,others-max,0,39,21,690,1,0
impl,19,2,23,5,victim-max,11,36,11,690,1,0
impl,19,2,23,5,others-max,11,37,5,690,1,0
impl,19,2,23,5,victim-max,22,36,22,690,1,0
impl,19,2,23,5,others-max,22,37,6,690,1,0
impl,19,2,23,5,front-max,,23,0,436,1,0
impl,19,2,23,5,back-max,,25,7,460,1,0
impl,19,2,23,5,tail-max,,20,22,304,1,0
impl,19,2,24,1,all-max,,38,21,690,1,0
impl,19,2,24,1,victim-max,0,36,0,690,1,0
impl,19,2,24,1,others-max,0,37,4,690,1,0
impl,19,2,24,1,victim-max,12,36,12,690,1,0
impl,19,2,24,1,others-max,12,37,14,690,1,0
impl,19,2,24,1,victim-max,23,36,23,690,1,0
impl,19,2,24,1,others-max,23,37,8,690,1,0
impl,19,2,24,1,front-max,,24,2,436,1,0
impl,19,2,24,1,back-max,,25,5,460,1,0
impl,19,2,24,1,tail-max,,22,23,304,1,0
impl,19,2,24,2,all-max,,37,2,690,1,0
impl,19,2,24,2,victim-max,0,36,0,690,1,0
impl,19,2,24,2,others-max,0,37,2,690,1,0
impl,19,2,24,2,victim-max,12,36,12,690,1,0
impl,19,2,24,2,others-max,12,37,0,690,1,0
impl,19,2,24,2,victim-max,23,36,23,690,1,0
impl,19,2,24,2,others-max,23,37,2,690,1,0
impl,19,2,24,2,front-max,,24,15,436,1,0
impl,19,2,24,2,back-max,,25,0,460,1,0
impl,19,2,24,2,tail-max,,20,23,304,1,0
impl,19,2,24,3,all-max,,37,3,690,1,0
impl,19,2,24,3,victim-max,0,36,0,690,1,0
impl,19,2,24,3,others-max,0,37,1,690,1,0
impl,19,2,24,3,victim-max,12,36,12,690,1,0
impl,19,2,24,3,others-max,12,37,17,690,1,0
impl,19,2,24,3,victim-max,23,36,23,690,1,0
impl,19,2,24,3,others-max,23,37,3,690,1,0
impl,19,2,24,3,front-max,,24,4,436,1,0
impl,19,2,24,3,back-max,,25,5,460,1,0
impl,19,2,24,3,tail-max,,21,23,304,1,0
impl,19,2,24,5,all-max,,38,22,690,1,0
impl,19,2,24,5,victim-max,0,36,0,690,1,0
impl,19,2,24,5,others-max,0,38,22,690,1,0
impl,19,2,24,5,victim-max,12,36,12,690,1,0
impl,19,2,24,5,others-max,12,37,6,690,1,0
impl,19,2,24,5,victim-max,23,36,23,690,1,0
impl,19,2,24,5,others-max,23,37,6,690,1,0
impl,19,2,24,5,front-max,,23,0,436,1,0
impl,19,2,24,5,back-max,,25,7,460,1,0
impl,19,2,24,5,tail-max,,20,23,304,1,0
impl,19,2,25,1,all-max,,37,2,690,1,0
impl,19,2,25,1,victim-max,0,36,0,690,1,0
impl,19,2,25,1,others-max,0,38,24,690,1,0
impl,19,2,25,1,victim-max,12,36,12,690,1,0
impl,19,2,25,1,others-max,12,37,3,690,1,0
impl,19,2,25,1,victim-max,24,36,24,690,1,0
impl,19,2,25,1,others-max,24,37,6,690,1,0
impl,19,2,25,1,front-max,,24,2,436,1,0
impl,19,2,25,1,back-max,,25,3,460,1,0
impl,19,2,25,1,tail-max,,22,24,304,1,0
impl,19,2,25,2,all-max,,37,2,690,1,0
impl,19,2,25,2,victim-max,0,36,0,690,1,0
impl,19,2,25,2,others-max,0,37,2,690,1,0
impl,19,2,25,2,victim-max,12,36,12,690,1,0
impl,19,2,25,2,others-max,12,37,0,690,1,0
impl,19,2,25,2,victim-max,24,36,24,690,1,0
impl,19,2,25,2,others-max,24,37,2,690,1,0
impl,19,2,25,2,front-max,,23,0,436,1,0
impl,19,2,25,2,back-max,,25,0,460,1,0
impl,19,2,25,2,tail-max,,20,24,304,1,0
impl,19,2,25,3,all-max,,37,3,690,1,0
impl,19,2,25,3,victim-max,0,36,0,690,1,0
impl,19,2,25,3,others-max,0,37,1,690,1,0
impl,19,2,25,3,victim-max,12,36,12,690,1,0
impl,19,2,25,3,others-max,12,38,24,690,1,0
impl,19,2,25,3,victim-max,24,36,24,690,1,0
impl,19,2,25,3,others-max,24,37,3,690,1,0
impl,19,2,25,3,front-max,,24,4,436,1,0
impl,19,2,25,3,back-max,,26,21,460,1,0
impl,19,2,25,3,tail-max,,21,24,304,1,0
impl,19,2,25,5,all-max,,38,24,690,1,0
impl,19,2,25,5,victim-max,0,36,0,690,1,0
impl,19,2,25,5,others-max,0,39,23,690,1,0
impl,19,2,25,5,victim-max,12,36,12,690,1,0
impl,19,2,25,5,others-max,12,37,6,690,1,0
impl,19,2,25,5,victim-max,24,36,24,690,1,0
impl,19,2,25,5,others-max,24,37,6,690,1,0
impl,19,2,25,5,front-max,,23,0,436,1,0
impl,19,2,25,5,back-max,,25,7,460,1,0
impl,19,2,25,5,tail-max,,20,24,304,1,0
impl,19,2,26,1,all-max,,37,4,690,1,0
impl,19,2,26,1,victim-max,0,36,0,690,1,0
impl,19,2,26,1,others-max,0,37,4,690,1,0
impl,19,2,26,1,victim-max,13,36,13,690,1,0
impl,19,2,26,1,others-max,13,37,0,690,1,0
impl,19,2,26,1,victim-max,25,36,25,690,1,0
impl,19,2,26,1,others-max,25,37,0,690,1,0
impl,19,2,26,1,front-max,,24,2,436,1,0
impl,19,2,26,1,back-max,,25,3,460,1,0
impl,19,2,26,1,tail-max,,22,25,304,1,0
impl,19,2,26,2,all-max,,37,2,690,1,0
impl,19,2,26,2,victim-max,0,36,0,690,1,0
impl,19,2,26,2,others-max,0,38,24,690,1,0
impl,19,2,26,2,victim-max,13,36,13,690,1,0
impl,19,2,26,2,others-max,13,37,2,690,1,0
impl,19,2,26,2,victim-max,25,36,25,690,1,0
impl,19,2,26,2,others-max,25,37,2,690,1,0
impl,19,2,26,2,front-max,,24,17,436,1,0
impl,19,2,26,2,back-max,,25,0,460,1,0
impl,19,2,26,2,tail-max,,20,25,304,1,0
impl,19,2,26,3,all-max,,37,3,690,1,0
impl,19,2,26,3,victim-max,0,36,0,690,1,0
impl,19,2,26,3,others-max,0,37,1,690,1,0
impl,19,2,26,3,victim-max,13,36,13,690,1,0
impl,19,2,26,3,others-max,13,37,6,690,1,0
impl,19,2,26,3,victim-max,25,36,25,690,1,0
impl,19,2,26,3,others-max,25,37,3,690,1,0
impl,19,2,26,3,front-max,,24,4,436,1,0
impl,19,2,26,3,back-max,,27,24,460,1,0
impl,19,2,26,3,tail-max,,21,25,304,1,0
impl,19,2,26,5,all-max,,39,24,690,1,0
impl,19,2,26,5,victim-max,0,36,0,690,1,0
impl,19,2,26,5,others-max,0,38,20,690,1,0
impl,19,2,26,5,victim-max,13,36,13,690,1,0
impl,19,2,26,5,others-max,13,37,6,690,1,0
impl,19,2,26,5,victim-max,25,36,25,690,1,0
impl,19,2,26,5,others-max,25,37,6,690,1,0
impl,19,2,26,5,front-max,,23,0,436,1,0
impl,19,2,26,5,back-max,,26,23,460,1,0
impl,19,2,26,5,tail-max,,20,25,304,1,0
impl,19,2,27,1,all-max,,38,24,690,1,0
impl,19,2,27,1,victim-max,0,36,0,690,1,0
impl,19,2,27,1,others-max,0,37,3,690,1,0
impl,19,2,27,1,victim-max,13,36,13,690,1,0
impl,19,2,27,1,others-max,13,37,0,690,1,0
impl,19,2,27,1,victim-max,26,36,26,690,1,0
impl,19,2,27,1,others-max,26,37,3,690,1,0
impl,19,2,27,1,front-max,,24,2,436,1,0
impl,19,2,27,1,back-max,,25,3,460,1,0
impl,19,2,27,1,tail-max,,22,26,304,1,0
impl,19,2,27,2,all-max,,37,2,690,1,0
impl,19,2,27,2,victim-max,0,36,0,690,1,0
impl,19,2,27,2,others-max,0,37,2,690,1,0
impl,19,2,27,2,victim-max,13,36,13,690,1,0
impl,19,2,27,2,others-max,13,37,2,690,1,0
impl,19,2,27,2,victim-max,26,36,26,690,1,0
impl,19,2,27,2,others-max,26,37,2,690,1,0
impl,19,2,27,2,front-max,,24,17,436,1,0
impl,19,2,27,2,back-max,,25,0,460,1,0
impl,19,2,27,2,tail-max,,20,26,304,1,0
impl,19,2,27,3,all-max,,37,3,690,1,0
impl,19,2,27,3,victim-max,0,36,0,690,1,0
impl,19,2,27,3,others-max,0,37,1,690,1,0
impl,19,2,27,3,victim-max,13,36,13,690,1,0
impl,19,2,27,3,others-max,13,37,6,690,1,0
impl,19,2,27,3,victim-max,26,36,26,690,1,0
impl,19,2,27,3,others-max,26,37,3,690,1,0
impl,19,2,27,3,front-max,,24,4,436,1,0
impl,19,2,27,3,back-max,,25,5,460,1,0
impl,19,2,27,3,tail-max,,21,26,304,1,0
impl,19,2,27,5,all-max,,39,25,690,1,0
impl,19,2,27,5,victim-max,0,36,0,690,1,0
impl,19,2,27,5,others-max,0,38,21,690,1,0
impl,19,2,27,5,victim-max,13,36,13,690,1,0
impl,19,2,27,5,others-max,13,37,6,690,1,0
impl,19,2,27,5,victim-max,26,36,26,690,1,0
impl,19,2,27,5,others-max,26,37,6,690,1,0
impl,19,2,27,5,front-max,,23,0,436,1,0
impl,19,2,27,5,back-max,,26,24,460,1,0
impl,19,2,27,5,tail-max,,20,26,304,1,0
impl,19,2,28,1,all-max,,37,2,690,1,0
impl,19,2,28,1,victim-max,0,36,0,690,1,0
impl,19,2,28,1,others-max,0,37,2,690,1,0
impl,19,2,28,1,victim-max,14,36,14,690,1,0
impl,19,2,28,1,others-max,14,38,27,690,1,0
impl,19,2,28,1,victim-max,27,36,27,690,1,0
impl,19,2,28,1,others-max,27,37,3,690,1,0
impl,19,2,28,1,front-max,,24,2,436,1,0
impl,19,2,28,1,back-max,,25,3,460,1,0
impl,19,2,28,1,tail-max,,22,27,304,1,0
impl,19,2,28,2,all-max,,38,27,690,1,0
impl,19,2,28,2,victim-max,0,36,0,690,1,0
impl,19,2,28,2,others-max,0,37,2,690,1,0
impl,19,2,28,2,victim-max,14,36,14,690,1,0
impl,19,2,28,2,others-max,14,37,4,690,1,0
impl,19,2,28,2,victim-max,27,36,27,690,1,0
impl,19,2,28,2,others-max,27,37,2,690,1,0
impl,19,2,28,2,front-max,,24,19,436,1,0
impl,19,2,28,2,back-max,,25,0,460,1,0
impl,19,2,28,2,tail-max,,20,27,304,1,0
impl,19,2,28,3,all-max,,37,3,690,1,0
impl,19,2,28,3,victim-max,0,36,0,690,1,0
impl,19,2,28,3,others-max,0,37,1,690,1,0
impl,19,2,28,3,victim-max,14,36,14,690,1,0
impl,19,2,28,3,others-max,14,37,4,690,1,0
impl,19,2,28,3,victim-max,27,36,27,690,1,0
impl,19,2,28,3,others-max,27,37,3,690,1,0
impl,19,2,28,3,front-max,,24,4,436,1,0
impl,19,2,28,3,back-max,,26,22,460,1,0
impl,19,2,28,3,tail-max,,21,27,304,1,0
impl,19,2,28,5,all-max,,38,26,690,1,0
impl,19,2,28,5,victim-max,0,36,0,690,1,0
impl,19,2,28,5,others-max,0,38,22,690,1,0
impl,19,2,28,5,victim-max,14,36,14,690,1,0
impl,19,2,28,5,others-max,14,37,6,690,1,0
impl,19,2,28,5,victim-max,27,36,27,690,1,0
impl,19,2,28,5,others-max,27,37,6,690,1,0
impl,19,2,28,5,front-max,,23,0,436,1,0
impl,19,2,28,5,back-max,,26,27,460,1,0
impl,19,2,28,5,tail-max,,20,27,304,1,0
impl,19,2,29,1,all-max,,37,2,690,1,0
impl,19,2,29,1,victim-max,0,36,0,690,1,0
impl,19,2,29,1,others-max,0,37,2,690,1,0
impl,19,2,29,1,victim-max,14,36,14,690,1,0
impl,19,2,29,1,others-max,14,37,4,690,1,0
impl,19,2,29,1,victim-max,28,36,28,690,1,0
impl,19,2,29,1,others-max,28,37,3,690,1,0
impl,19,2,29,1,front-max,,24,2,436,1,0
impl,19,2,29,1,back-max,,25,3,460,1,0
impl,19,2,29,1,tail-max,,22,28,304,1,0
impl,19,2,29,2,all-max,,37,2,690,1,0
impl,19,2,29,2,victim-max,0,36,0,690,1,0
impl,19,2,29,2,others-max,0,38,24,690,1,0
impl,19,2,29,2,victim-max,14,36,14,690,1,0
impl,19,2,29,2,others-max,14,37,4,690,1,0
impl,19,2,29,2,victim-max,28,36,28,690,1,0
impl,19,2,29,2,others-max,28,37,2,690,1,0
impl,19,2,29,2,front-max,,23,0,436,1,0
impl,19,2,29,2,back-max,,25,0,460,1,0
impl,19,2,29,2,tail-max,,20,28,304,1,0
impl,19,2,29,3,all-max,,37,3,690,1,0
impl,19,2,29,3,victim-max,0,36,0,690,1,0
impl,19,2,29,3,others-max,0,37,1,690,1,0
impl,19,2,29,3,victim-max,14,36,14,690,1,0
impl,19,2,29,3,others-max,14,37,4,690,1,0
impl,19,2,29,3,victim-max,28,36,28,690,1,0
impl,19,2,29,3,others-max,28,37,3,690,1,0
impl,19,2,29,3,front-max,,24,4,436,1,0
impl,19,2,29,3,back-max,,26,24,460,1,0
impl,19,2,29,3,tail-max,,21,28,304,1,0
impl,19,2,29,5,all-max,,39,27,690,1,0
impl,19,2,29,5,victim-max,0,36,0,690,1,0
impl,19,2,29,5,others-max,0,38,23,690,1,0
impl,19,2,29,5,victim-max,14,36,14,690,1,0
impl,19,2,29,5,others-max,14,37,6,690,1,0
impl,19,2,29,5,victim-max,28,36,28,690,1,0
impl,19,2,29,5,others-max,28,37,6,690,1,0
impl,19,2,29,5,front-max,,23,0,436,1,0
impl,19,2,29,5,back-max,,26,27,460,1,0
impl,19,2,29,5,tail-max,,20,28,304,1,0
impl,19,2,30,1,all-max,,38,27,690,1,0
impl,19,2,30,1,victim-max,0,36,0,690,1,0
impl,19,2,30,1,others-max,0,37,2,690,1,0
impl,19,2,30,1,victim-max,15,36,15,690,1,0
impl,19,2,30,1,others-max,15,37,3,690,1,0
impl,19,2,30,1,victim-max,29,36,29,690,1,0
impl,19,2,30,1,others-max,29,37,2,690,1,0
impl,19,2,30,1,front-max,,24,2,436,1,0
impl,19,2,30,1,back-max,,25,3,460,1,0
impl,19,2,30,1,tail-max,,22,29,304,1,0
impl,19,2,30,2,all-max,,37,2,690,1,0
impl,19,2,30,2,victim-max,0,36,0,690,1,0
impl,19,2,30,2,others-max,0,37,2,690,1,0
impl,19,2,30,2,victim-max,15,36,15,690,1,0
impl,19,2,30,2,others-max,15,37,9,690,1,0
impl,19,2,30,2,victim-max,29,36,29,690,1,0
impl,19,2,30,2,others-max,29,37,2,690,1,0
impl,19,2,30,2,front-max,,23,0,436,1,0
impl,19,2,30,2,back-max,,25,0,460,1,0
impl,19,2,30,2,tail-max,,20,29,304,1,0
impl,19,2,30,3,all-max,,37,3,690,1,0
impl,19,2,30,3,victim-max,0,36,0,690,1,0
impl,19,2,30,3,others-max,0,37,1,690,1,0
impl,19,2,30,3,victim-max,15,36,15,690,1,0
impl,19,2,30,3,others-max,15,37,3,690,1,0
impl,19,2,30,3,victim-max,29,36,29,690,1,0
impl,19,2,30,3,others-max,29,37,3,690,1,0
impl,19,2,30,3,front-max,,24,4,436,1,0
impl,19,2,30,3,back-max,,25,5,460,1,0
impl,19,2,30,3,tail-max,,21,29,304,1,0
impl,19,2,30,5,all-max,,38,24,690,1,0
impl,19,2,30,5,victim-max,0,36,0,690,1,0
impl,19,2,30,5,others-max,0,38,29,690,1,0
impl,19,2,30,5,victim-max,15,36,15,690,1,0
impl,19,2,30,5,others-max,15,37,6,690,1,0
impl,19,2,30,5,victim-max,29,36,29,690,1,0
impl,19,2,30,5,others-max,29,37,6,690,1,0
impl,19,2,30,5,front-max,,23,0,436,1,0
impl,19,2,30,5,back-max,,25,7,460,1,0
impl,19,2,30,5,tail-max,,20,29,304,1,0
impl,19,2,31,1,all-max,,37,2,690,1,0
impl,19,2,31,1,victim-max,0,36,0,690,1,0
impl,19,2,31,1,others-max,0,37,16,690,1,0
impl,19,2,31,1,victim-max,15,36,15,690,1,0
impl,19,2,31,1,others-max,15,37,2,690,1,0
impl,19,2,31,1,victim-max,30,36,30,690,1,0
impl,19,2,31,1,others-max,30,37,2,690,1,0
impl,19,2,31,1,front-max,,24,2,436,1,0
impl,19,2,31,1,back-max,,25,3,460,1,0
impl,19,2,31,1,tail-max,,22,30,304,1,0
impl,19,2,31,2,all-max,,37,2,690,1,0
impl,19,2,31,2,victim-max,0,36,0,690,1,0
impl,19,2,31,2,others-max,0,37,2,690,1,0
impl,19,2,31,2,victim-max,15,36,15,690,1,0
impl,19,2,31,2,others-max,15,37,9,690,1,0
impl,19,2,31,2,victim-max,30,36,30,690,1,0
impl,19,2,31,2,others-max,30,37,2,690,1,0
impl,19,2,31,2,front-max,,23,0,436,1,0
impl,19,2,31,2,back-max,,25,0,460,1,0
impl,19,2,31,2,tail-max,,20,30,304,1,0
impl,19,2,31,3,all-max,,37,3,690,1,0
impl,19,2,31,3,victim-max,0,36,0,690,1,0
impl,19,2,31,3,others-max,0,37,1,690,1,0
impl,19,2,31,3,victim-max,15,36,15,690,1,0
impl,19,2,31,3,others-max,15,37,3,690,1,0
impl,19,2,31,3,victim-max,30,36,30,690,1,0
impl,19,2,31,3,others-max,30,37,3,690,1,0
impl,19,2,31,3,front-max,,24,4,436,1,0
impl,19,2,31,3,back-max,,27,29,460,1,0
impl,19,2,31,3,tail-max,,21,30,304,1,0
impl,19,2,31,5,all-max,,38,25,690,1,0
impl,19,2,31,5,victim-max,0,36,0,690,1,0
impl,19,2,31,5,others-max,0,38,30,690,1,0
impl,19,2,31,5,victim-max,15,36,15,690,1,0
impl,19,2,31,5,others-max,15,37,6,690,1,0
impl,19,2,31,5,victim-max,30,36,30,690,1,0
impl,19,2,31,5,others-max,30,37,6,690,1,0
impl,19,2,31,5,front-max,,23,0,436,1,0
impl,19,2,31,5,back-max,,26,28,460,1,0
impl,19,2,31,5,tail-max,,20,30,304,1,0
impl,19,2,32,1,all-max,,37,2,690,1,0
impl,19,2,32,1,victim-max,0,36,0,690,1,0
impl,19,2,32,1,others-max,0,37,6,690,1,0
impl,19,2,32,1,victim-max,16,36,16,690,1,0
impl,19,2,32,1,others-max,16,37,1,690,1,0
impl,19,2,32,1,victim-max,31,36,31,690,1,0
impl,19,2,32,1,others-max,31,37,2,690,1,0
impl,19,2,32,1,front-max,,24,2,436,1,0
impl,19,2,32,1,back-max,,25,3,460,1,0
impl,19,2,32,1,tail-max,,22,31,304,1,0
impl,19,2,32,2,all-max,,38,30,690,1,0
impl,19,2,32,2,victim-max,0,36,0,690,1,0
impl,19,2,32,2,others-max,0,38,31,690,1,0
impl,19,2,32,2,victim-max,16,36,16,690,1,0
impl,19,2,32,2,others-max,16,37,1,690,1,0
impl,19,2,32,2,victim-max,31,36,31,690,1,0
impl,19,2,32,2,others-max,31,37,2,690,1,0
impl,19,2,32,2,front-max,,24,21,436,1,0
impl,19,2,32,2,back-max,,25,0,460,1,0
impl,19,2,32,2,tail-max,,20,31,304,1,0
impl,19,2,32,3,all-max,,37,3,690,1,0
impl,19,2,32,3,victim-max,0,36,0,690,1,0
impl,19,2,32,3,others-max,0,37,1,690,1,0
impl,19,2,32,3,victim-max,16,36,16,690,1,0
impl,19,2,32,3,others-max,16,37,3,690,1,0
impl,19,2,32,3,victim-max,31,36,31,690,1,0
impl,19,2,32,3,others-max,31,37,3,690,1,0
impl,19,2,32,3,front-max,,24,4,436,1,0
impl,19,2,32,3,back-max,,25,5,460,1,0
impl,19,2,32,3,tail-max,,21,31,304,1,0
impl,19,2,32,5,all-max,,38,26,690,1,0
impl,19,2,32,5,victim-max,0,36,0,690,1,0
impl,19,2,32,5,others-max,0,38,26,690,1,0
impl,19,2,32,5,victim-max,16,36,16,690,1,0
impl,19,2,32,5,others-max,16,37,6,690,1,0
impl,19,2,32,5,victim-max,31,36,31,690,1,0
impl,19,2,32,5,others-max,31,37,6,690,1,0
impl,19,2,32,5,front-max,,23,0,436,1,0
impl,19,2,32,5,back-max,,26,31,460,1,0
impl,19,2,32,5,tail-max,,20,31,304,1,0
impl,19,2,33,1,all-max,,38,30,690,1,0
impl,19,2,33,1,victim-max,0,36,0,690,1,0
impl,19,2,33,1,others-max,0,37,6,690,1,0
impl,19,2,33,1,victim-max,16,36,16,690,1,0
impl,19,2,33,1,others-max,16,37,1,690,1,0
impl,19,2,33,1,victim-max,32,36,32,690,1,0
impl,19,2,33,1,others-max,32,37,2,690,1,0
impl,19,2,33,1,front-max,,24,2,436,1,0
impl,19,2,33,1,back-max,,25,3,460,1,0
impl,19,2,33,1,tail-max,,22,32,304,1,0
impl,19,2,33,2,all-max,,37,2,690,1,0
impl,19,2,33,2,victim-max,0,36,0,690,1,0
impl,19,2,33,2,others-max,0,38,31,690,1,0
impl,19,2,33,2,victim-max,16,36,16,690,1,0
impl,19,2,33,2,others-max,16,37,1,690,1,0
impl,19,2,33,2,victim-max,32,36,32,690,1,0
impl,19,2,33,2,others-max,32,37,2,690,1,0
impl,19,2,33,2,front-max,,24,21,436,1,0
impl,19,2,33,2,back-max,,25,0,460,1,0
impl,19,2,33,2,tail-max,,20,32,304,1,0
impl,19,2,33,3,all-max,,37,3,690,1,0
impl,19,2,33,3,victim-max,0,36,0,690,1,0
impl,19,2,33,3,others-max,0,37,1,690,1,0
impl,19,2,33,3,victim-max,16,36,16,690,1,0
impl,19,2,33,3,others-max,16,37,3,690,1,0
impl,19,2,33,3,victim-max,32,36,32,690,1,0
impl,19,2,33,3,others-max,32,37,3,690,1,0
impl,19,2,33,3,front-max,,24,4,436,1,0
impl,19,2,33,3,back-max,,25,5,460,1,0
impl,19,2,33,3,tail-max,,21,32,304,1,0
impl,19,2,33,5,all-max,,38,27,690,1,0
impl,19,2,33,5,victim-max,0,36,0,690,1,0
impl,19,2,33,5,others-max,0,38,27,690,1,0
impl,19,2,33,5,victim-max,16,36,16,690,1,0
impl,19,2,33,5,others-max,16,37,6,690,1,0
impl,19,2,33,5,victim-max,32,36,32,690,1,0
impl,19,2,33,5,others-max,32,37,6,690,1,0
impl,19,2,33,5,front-max,,23,0,436,1,0
impl,19,2,33,5,back-max,,25,7,460,1,0
impl,19,2,33,5,tail-max,,20,32,304,1,0
impl,19,2,34,1,all-max,,37,2,690,1,0
impl,19,2,34,1,victim-max,0,36,0,690,1,0
impl,19,2,34,1,others-max,0,37,1,690,1,0
impl,19,2,34,1,victim-max,17,36,17,690,1,0
impl,19,2,34,1,others-max,17,37,4,690,1,0
impl,19,2,34,1,victim-max,33,36,33,690,1,0
impl,19,2,34,1,others-max,33,37,2,690,1,0
impl,19,2,34,1,front-max,,24,2,436,1,0
impl,19,2,34,1,back-max,,25,3,460,1,0
impl,19,2,34,1,tail-max,,22,33,304,1,0
impl,19,2,34,2,all-max,,37,2,690,1,0
impl,19,2,34,2,victim-max,0,36,0,690,1,0
impl,19,2,34,2,others-max,0,37,2,690,1,0
impl,19,2,34,2,victim-max,17,36,17,690,1,0
impl,19,2,34,2,others-max,17,37,4,690,1,0
impl,19,2,34,2,victim-max,33,36,33,690,1,0
impl,19,2,34,2,others-max,33,37,2,690,1,0
impl,19,2,34,2,front-max,,24,21,436,1,0
impl,19,2,34,2,back-max,,25,0,460,1,0
impl,19,2,34,2,tail-max,,20,33,304,1,0
impl,19,2,34,3,all-max,,37,3,690,1,0
impl,19,2,34,3,victim-max,0,36,0,690,1,0
impl,19,2,34,3,others-max,0,37,1,690,1,0
impl,19,2,34,3,victim-max,17,36,17,690,1,0
impl,19,2,34,3,others-max,17,37,3,690,1,0
impl,19,2,34,3,victim-max,33,36,33,690,1,0
impl,19,2,34,3,others-max,33,37,3,690,1,0
impl,19,2,34,3,front-max,,24,4,436,1,0
impl,19,2,34,3,back-max,,25,5,460,1,0
impl,19,2,34,3,tail-max,,21,33,304,1,0
impl,19,2,34,5,all-max,,38,33,690,1,0
impl,19,2,34,5,victim-max,0,36,0,690,1,0
impl,19,2,34,5,others-max,0,38,28,690,1,0
impl,19,2,34,5,victim-max,17,36,17,690,1,0
impl,19,2,34,5,others-max,17,37,6,690,1,0
impl,19,2,34,5,victim-max,33,36,33,690,1,0
impl,19,2,34,5,others-max,33,37,6,690,1,0
impl,19,2,34,5,front-max,,23,0,436,1,0
impl,19,2,34,5,back-max,,25,7,460,1,0
impl,19,2,34,5,tail-max,,20,33,304,1,0
impl,19,2,35,1,all-max,,37,2,690,1,0
impl,19,2,35,1,victim-max,0,36,0,690,1,0
impl,19,2,35,1,others-max,0,37,1,690,1,0
impl,19,2,35,1,victim-max,17,36,17,690,1,0
impl,19,2,35,1,others-max,17,37,4,690,1,0
impl,19,2,35,1,victim-max,34,36,34,690,1,0
impl,19,2,35,1,others-max,34,37,2,690,1,0
impl,19,2,35,1,front-max,,24,2,436,1,0
impl,19,2,35,1,back-max,,25,3,460,1,0
impl,19,2,35,1,tail-max,,22,34,304,1,0
impl,19,2,35,2,all-max,,38,32,690,1,0
impl,19,2,35,2,victim-max,0,36,0,690,1,0
impl,19,2,35,2,others-max,0,37,2,690,1,0
impl,19,2,35,2,victim-max,17,36,17,690,1,0
impl,19,2,35,2,others-max,17,37,4,690,1,0
impl,19,2,35,2,victim-max,34,36,34,690,1,0
impl,19,2,35,2,others-max,34,37,2,690,1,0
impl,19,2,35,2,front-max,,24,21,436,1,0
impl,19,2,35,2,back-max,,25,0,460,1,0
impl,19,2,35,2,tail-max,,20,34,304,1,0
impl,19,2,35,3,all-max,,37,3,690,1,0
impl,19,2,35,3,victim-max,0,36,0,690,1,0
impl,19,2,35,3,others-max,0,37,1,690,1,0
impl,19,2,35,3,victim-max,17,36,17,690,1,0
impl,19,2,35,3,others-max,17,37,3,690,1,0
impl,19,2,35,3,victim-max,34,36,34,690,1,0
impl,19,2,35,3,others-max,34,37,3,690,1,0
impl,19,2,35,3,front-max,,24,4,436,1,0
impl,19,2,35,3,back-max,,27,33,460,1,0
impl,19,2,35,3,tail-max,,21,34,304,1,0
impl,19,2,35,5,all-max,,38,34,690,1,0
impl,19,2,35,5,victim-max,0,36,0,690,1,0
impl,19,2,35,5,others-max,0,38,29,690,1,0
impl,19,2,35,5,victim-max,17,36,17,690,1,0
impl,19,2,35,5,others-max,17,37,6,690,1,0
impl,19,2,35,5,victim-max,34,36,34,690,1,0
impl,19,2,35,5,others-max,34,37,6,690,1,0
impl,19,2,35,5,front-max,,23,0,436,1,0
impl,19,2,35,5,back-max,,26,32,460,1,0
impl,19,2,35,5,tail-max,,20,34,304,1,0
impl,19,2,36,1,all-max,,37,2,690,1,0
impl,19,2,36,1,victim-max,0,36,0,690,1,0
impl,19,2,36,1,others-max,0,37,1,690,1,0
impl,19,2,36,1,victim-max,18,36,18,690,1,0
impl,19,2,36,1,others-max,18,37,3,690,1,0
impl,19,2,36,1,victim-max,35,36,35,690,1,0
impl,19,2,36,1,others-max,35,37,2,690,1,0
impl,19,2,36,1,front-max,,24,2,436,1,0
impl,19,2,36,1,back-max,,25,3,460,1,0
impl,19,2,36,1,tail-max,,22,35,304,1,0
impl,19,2,36,2,all-max,,37,2,690,1,0
impl,19,2,36,2,victim-max,0,36,0,690,1,0
impl,19,2,36,2,others-max,0,38,34,690,1,0
impl,19,2,36,2,victim-max,18,36,18,690,1,0
impl,19,2,36,2,others-max,18,37,7,690,1,0
impl,19,2,36,2,victim-max,35,36,35,690,1,0
impl,19,2,36,2,others-max,35,37,2,690,1,0
impl,19,2,36,2,front-max,,24,21,436,1,0
impl,19,2,36,2,back-max,,25,0,460,1,0
impl,19,2,36,2,tail-max,,20,35,304,1,0
impl,19,2,36,3,all-max,,37,3,690,1,0
impl,19,2,36,3,victim-max,0,36,0,690,1,0
impl,19,2,36,3,others-max,0,37,1,690,1,0
impl,19,2,36,3,victim-max,18,36,18,690,1,0
impl,19,2,36,3,others-max,18,37,3,690,1,0
impl,19,2,36,3,victim-max,35,36,35,690,1,0
impl,19,2,36,3,others-max,35,37,3,690,1,0
impl,19,2,36,3,front-max,,24,4,436,1,0
impl,19,2,36,3,back-max,,26,34,460,1,0
impl,19,2,36,3,tail-max,,21,35,304,1,0
impl,19,2,36,5,all-max,,38,30,690,1,0
impl,19,2,36,5,victim-max,0,36,0,690,1,0
impl,19,2,36,5,others-max,0,37,8,690,1,0
impl,19,2,36,5,victim-max,18,36,18,690,1,0
impl,19,2,36,5,others-max,18,37,6,690,1,0
impl,19,2,36,5,victim-max,35,36,35,690,1,0
impl,19,2,36,5,others-max,35,37,6,690,1,0
impl,19,2,36,5,front-max,,23,0,436,1,0
impl,19,2,36,5,back-max,,26,33,460,1,0
impl,19,2,36,5,tail-max,,20,35,304,1,0
impl,19,2,37,1,all-max,,39,36,690,1,0
impl,19,2,37,1,victim-max,0,36,0,690,1,0
impl,19,2,37,1,others-max,0,37,1,690,1,0
impl,19,2,37,1,victim-max,18,36,18,690,1,0
impl,19,2,37,1,others-max,18,37,3,690,1,0
impl,19,2,37,1,victim-max,36,36,36,690,1,0
impl,19,2,37,1,others-max,36,37,2,690,1,0
impl,19,2,37,1,front-max,,24,2,436,1,0
impl,19,2,37,1,back-max,,25,3,460,1,0
impl,19,2,37,1,tail-max,,22,36,304,1,0
impl,19,2,37,2,all-max,,37,2,690,1,0
impl,19,2,37,2,victim-max,0,36,0,690,1,0
impl,19,2,37,2,others-max,0,37,2,690,1,0
impl,19,2,37,2,victim-max,18,36,18,690,1,0
impl,19,2,37,2,others-max,18,37,7,690,1,0
impl,19,2,37,2,victim-max,36,36,36,690,1,0
impl,19,2,37,2,others-max,36,37,2,690,1,0
impl,19,2,37,2,front-max,,24,21,436,1,0
impl,19,2,37,2,back-max,,25,0,460,1,0
impl,19,2,37,2,tail-max,,20,36,304,1,0
impl,19,2,37,3,all-max,,37,3,690,1,0
impl,19,2,37,3,victim-max,0,36,0,690,1,0
impl,19,2,37,3,others-max,0,37,1,690,1,0
impl,19,2,37,3,victim-max,18,36,18,690,1,0
impl,19,2,37,3,others-max,18,37,3,690,1,0
impl,19,2,37,3,victim-max,36,36,36,690,1,0
impl,19,2,37,3,others-max,36,37,3,690,1,0
impl,19,2,37,3,front-max,,24,4,436,1,0
impl,19,2,37,3,back-max,,26,31,460,1,0
impl,19,2,37,3,tail-max,,21,36,304,1,0
impl,19,2,37,5,all-max,,38,31,690,1,0
impl,19,2,37,5,victim-max,0,36,0,690,1,0
impl,19,2,37,5,others-max,0,38,36,690,1,0
impl,19,2,37,5,victim-max,18,36,18,690,1,0
impl,19,2,37,5,others-max,18,37,6,690,1,0
impl,19,2,37,5,victim-max,36,36,36,690,1,0
impl,19,2,37,5,others-max,36,37,6,690,1,0
impl,19,2,37,5,front-max,,23,0,436,1,0
impl,19,2,37,5,back-max,,25,7,460,1,0
impl,19,2,37,5,tail-max,,20,36,304,1,0
impl,19,2,38,1,all-max,,37,2,690,1,0
impl,19,2,38,1,victim-max,0,36,0,690,1,0
impl,19,2,38,1,others-max,0,37,1,690,1,0
impl,19,2,38,1,victim-max,19,36,19,690,1,0
impl,19,2,38,1,others-max,19,37,3,690,1,0
impl,19,2,38,1,victim-max,37,36,37,690,1,0
impl,19,2,38,1,others-max,37,37,2,690,1,0
impl,19,2,38,1,front-max,,24,2,436,1,0
impl,19,2,38,1,back-max,,25,3,460,1,0
impl,19,2,38,1,tail-max,,22,37,304,1,0
impl,19,2,38,2,all-max,,38,36,690,1,0
impl,19,2,38,2,victim-max,0,36,0,690,1,0
impl,19,2,38,2,others-max,0,38,33,690,1,0
impl,19,2,38,2,victim-max,19,36,19,690,1,0
impl,19,2,38,2,others-max,19,37,5,690,1,0
impl,19,2,38,2,victim-max,37,36,37,690,1,0
impl,19,2,38,2,others-max,37,37,2,690,1,0
impl,19,2,38,2,front-max,,24,21,436,1,0
impl,19,2,38,2,back-max,,25,0,460,1,0
impl,19,2,38,2,tail-max,,20,37,304,1,0
impl,19,2,38,3,all-max,,37,3,690,1,0
impl,19,2,38,3,victim-max,0,36,0,690,1,0
impl,19,2,38,3,others-max,0,37,1,690,1,0
impl,19,2,38,3,victim-max,19,36,19,690,1,0
impl,19,2,38,3,others-max,19,37,3,690,1,0
impl,19,2,38,3,victim-max,37,36,37,690,1,0
impl,19,2,38,3,others-max,37,37,3,690,1,0
impl,19,2,38,3,front-max,,24,4,436,1,0
impl,19,2,38,3,back-max,,26,32,460,1,0
impl,19,2,38,3,tail-max,,21,37,304,1,0
impl,19,2,38,5,all-max,,38,32,690,1,0
impl,19,2,38,5,victim-max,0,36,0,690,1,0
impl,19,2,38,5,others-max,0,38,33,690,1,0
impl,19,2,38,5,victim-max,19,36,19,690,1,0
impl,19,2,38,5,others-max,19,37,6,690,1,0
impl,19,2,38,5,victim-max,37,36,37,690,1,0
impl,19,2,38,5,others-max,37,37,6,690,1,0
impl,19,2,38,5,front-max,,23,0,436,1,0
impl,19,2,38,5,back-max,,25,7,460,1,0
impl,19,2,38,5,tail-max,,20,37,304,1,0
impl,25,3,2,1,all-max,,37,0,920,1,0
impl,25,3,2,1,victim-max,0,37,0,920,1,0
impl,25,3,2,1,others-max,0,37,1,920,1,0
impl,25,3,2,1,victim-max,1,37,1,920,1,0
impl,25,3,2,1,others-max,1,37,0,920,1,0
impl,25,3,2,1,front-max,,22,0,539,1,0
impl,25,3,2,1,back-max,,26,0,575,1,0
impl,25,3,2,1,tail-max,,21,1,341,1,0
impl,25,3,2,2,all-max,,37,0,920,1,0
impl,25,3,2,2,victim-max,0,37,0,920,1,0
impl,25,3,2,2,others-max,0,37,1,920,1,0
impl,25,3,2,2,victim-max,1,37,1,920,1,0
impl,25,3,2,2,others-max,1,37,0,920,1,0
impl,25,3,2,2,front-max,,22,0,539,1,0
impl,25,3,2,2,back-max,,25,0,575,1,0
impl,25,3,2,2,tail-max,,20,1,341,1,0
impl,25,3,2,3,all-max,,37,0,920,1,0
impl,25,3,2,3,victim-max,0,37,0,920,1,0
impl,25,3,2,3,others-max,0,37,1,920,1,0
impl,25,3,2,3,victim-max,1,37,1,920,1,0
impl,25,3,2,3,others-max,1,37,0,920,1,0
impl,25,3,2,3,front-max,,22,0,539,1,0
impl,25,3,2,3,back-max,,26,1,575,1,0
impl,25,3,2,3,tail-max,,21,1,341,1,0
impl,25,3,2,5,all-max,,37,0,920,1,0
impl,25,3,2,5,victim-max,0,37,0,920,1,0
impl,25,3,2,5,others-max,0,37,1,920,1,0
impl,25,3,2,5,victim-max,1,37,1,920,1,0
impl,25,3,2,5,others-max,1,37,0,920,1,0
impl,25,3,2,5,front-max,,22,0,539,1,0
impl,25,3,2,5,back-max,,26,0,575,1,0
impl,25,3,2,5,tail-max,,20,1,341,1,0
impl,25,3,3,1,all-max,,37,0,920,1,0
impl,25,3,3,1,victim-max,0,37,0,920,1,0
impl,25,3,3,1,others-max,0,37,1,920,1,0
impl,25,3,3,1,victim-max,1,37,1,920,1,0
impl,25,3,3,1,others-max,1,37,0,920,1,0
impl,25,3,3,1,victim-max,2,37,2,920,1,0
impl,25,3,3,1,others-max,2,37,0,920,1,0
impl,25,3,3,1,front-max,,22,0,539,1,0
impl,25,3,3,1,back-max,,27,0,575,1,0
impl,25,3,3,1,tail-max,,21,2,341,1,0
impl,25,3,3,2,all-max,,37,0,920,1,0
impl,25,3,3,2,victim-max,0,37,0,920,1,0
impl,25,3,3,2,others-max,0,37,1,920,1,0
impl,25,3,3,2,victim-max,1,37,1,920,1,0
impl,25,3,3,2,others-max,1,37,0,920,1,0
impl,25,3,3,2,victim-max,2,37,2,920,1,0
impl,25,3,3,2,others-max,2,37,0,920,1,0
impl,25,3,3,2,front-max,,22,0,539,1,0
impl,25,3,3,2,back-max,,27,0,575,1,0
impl,25,3,3,2,tail-max,,20,2,341,1,0
impl,25,3,3,3,all-max,,37,0,920,1,0
impl,25,3,3,3,victim-max,0,37,0,920,1,0
impl,25,3,3,3,others-max,0,37,1,920,1,0
impl,25,3,3,3,victim-max,1,37,1,920,1,0
impl,25,3,3,3,others-max,1,37,0,920,1,0
impl,25,3,3,3,victim-max,2,37,2,920,1,0
impl,25,3,3,3,others-max,2,37,0,920,1,0
impl,25,3,3,3,front-max,,22,0,539,1,0
impl,25,3,3,3,back-max,,27,2,575,1,0
impl,25,3,3,3,tail-max,,21,2,341,1,0
impl,25,3,3,5,all-max,,37,0,920,1,0
impl,25,3,3,5,victim-max,0,37,0,920,1,0
impl,25,3,3,5,others-max,0,37,1,920,1,0
impl,25,3,3,5,victim-max,1,37,1,920,1,0
impl,25,3,3,5,others-max,1,37,0,920,1,0
impl,25,3,3,5,victim-max,2,37,2,920,1,0
impl,25,3,3,5,others-max,2,37,0,920,1,0
impl,25,3,3,5,front-max,,22,0,539,1,0
impl,25,3,3,5,back-max,,25,0,575,1,0
impl,25,3,3,5,tail-max,,20,2,341,1,0
impl,25,3,4,1,all-max,,37,0,920,1,0
impl,25,3,4,1,victim-max,0,37,0,920,1,0
impl,25,3,4,1,others-max,0,37,1,920,1,0
impl,25,3,4,1,victim-max,2,37,2,920,1,0
impl,25,3,4,1,others-max,2,37,0,920,1,0
impl,25,3,4,1,victim-max,3,37,3,920,1,0
impl,25,3,4,1,others-max,3,37,0,920,1,0
impl,25,3,4,1,front-max,,22,0,539,1,0
impl,25,3,4,1,back-max,,26,0,575,1,0
impl,25,3,4,1,tail-max,,22,3,341,1,0
impl,25,3,4,2,all-max,,37,0,920,1,0
impl,25,3,4,2,victim-max,0,37,0,920,1,0
impl,25,3,4,2,others-max,0,37,1,920,1,0
impl,25,3,4,2,victim-max,2,37,2,920,1,0
impl,25,3,4,2,others-max,2,37,0,920,1,0
impl,25,3,4,2,victim-max,3,37,3,920,1,0
impl,25,3,4,2,others-max,3,37,0,920,1,0
impl,25,3,4,2,front-max,,22,0,539,1,0
impl,25,3,4,2,back-max,,26,0,575,1,0
impl,25,3,4,2,tail-max,,20,3,341,1,0
impl,25,3,4,3,all-max,,37,0,920,1,0
impl,25,3,4,3,victim-max,0,37,0,920,1,0
impl,25,3,4,3,others-max,0,37,1,920,1,0
impl,25,3,4,3,victim-max,2,37,2,920,1,0
impl,25,3,4,3,others-max,2,37,0,920,1,0
impl,25,3,4,3,victim-max,3,37,3,920,1,0
impl,25,3,4,3,others-max,3,37,0,920,1,0
impl,25,3,4,3,front-max,,22,0,539,1,0
impl,25,3,4,3,back-max,,25,1,575,1,0
impl,25,3,4,3,tail-max,,21,3,341,1,0
impl,25,3,4,5,all-max,,37,0,920,1,0
impl,25,3,4,5,victim-max,0,37,0,920,1,0
impl,25,3,4,5,others-max,0,37,1,920,1,0
impl,25,3,4,5,victim-max,2,37,2,920,1,0
impl,25,3,4,5,others-max,2,37,0,920,1,0
impl,25,3,4,5,victim-max,3,37,3,920,1,0
impl,25,3,4,5,others-max,3,37,0,920,1,0
impl,25,3,4,5,front-max,,22,0,539,1,0
impl,25,3,4,5,back-max,,25,1,575,1,0
impl,25,3,4,5,tail-max,,20,3,341,1,0
impl,25,3,5,1,all-max,,37,0,920,1,0
impl,25,3,5,1,victim-max,0,37,0,920,1,0
impl,25,3,5,1,others-max,0,37,1,920,1,0
impl,25,3,5,1,victim-max,2,37,2,920,1,0
impl,25,3,5,1,others-max,2,37,0,920,1,0
impl,25,3,5,1,victim-max,4,37,4,920,1,0
impl,25,3,5,1,others-max,4,37,0,920,1,0
impl,25,3,5,1,front-max,,22,0,539,1,0
impl,25,3,5,1,back-max,,27,4,575,1,0
impl,25,3,5,1,tail-max,,22,4,341,1,0
impl,25,3,5,2,all-max,,37,0,920,1,0
impl,25,3,5,2,victim-max,0,37,0,920,1,0
impl,25,3,5,2,others-max,0,37,1,920,1,0
impl,25,3,5,2,victim-max,2,37,2,920,1,0
impl,25,3,5,2,others-max,2,37,0,920,1,0
impl,25,3,5,2,victim-max,4,37,4,920,1,0
impl,25,3,5,2,others-max,4,37,0,920,1,0
impl,25,3,5,2,front-max,,22,0,539,1,0
impl,25,3,5,2,back-max,,26,0,575,1,0
impl,25,3,5,2,tail-max,,20,4,341,1,0
impl,25,3,5,3,all-max,,37,0,920,1,0
impl,25,3,5,3,victim-max,0,37,0,920,1,0
impl,25,3,5,3,others-max,0,37,1,920,1,0
impl,25,3,5,3,victim-max,2,37,2,920,1,0
impl,25,3,5,3,others-max,2,37,0,920,1,0
impl,25,3,5,3,victim-max,4,37,4,920,1,0
impl,25,3,5,3,others-max,4,37,0,920,1,0
impl,25,3,5,3,front-max,,22,0,539,1,0
impl,25,3,5,3,back-max,,25,0,575,1,0
impl,25,3,5,3,tail-max,,21,4,341,1,0
impl,25,3,5,5,all-max,,37,0,920,1,0
impl,25,3,5,5,victim-max,0,37,0,920,1,0
impl,25,3,5,5,others-max,0,37,1,920,1,0
impl,25,3,5,5,victim-max,2,37,2,920,1,0
impl,25,3,5,5,others-max,2,37,0,920,1,0
impl,25,3,5,5,victim-max,4,37,4,920,1,0
impl,25,3,5,5,others-max,4,37,0,920,1,0
impl,25,3,5,5,front-max,,22,0,539,1,0
impl,25,3,5,5,back-max,,24,0,575,1,0
impl,25,3,5,5,tail-max,,20,4,341,1,0
impl,25,3,6,1,all-max,,37,0,920,1,0
impl,25,3,6,1,victim-max,0,37,0,920,1,0
impl,25,3,6,1,others-max,0,37,1,920,1,0
impl,25,3,6,1,victim-max,3,37,3,920,1,0
impl,25,3,6,1,others-max,3,37,0,920,1,0
impl,25,3,6,1,victim-max,5,37,5,920,1,0
impl,25,3,6,1,others-max,5,37,0,920,1,0
impl,25,3,6,1,front-max,,22,0,539,1,0
impl,25,3,6,1,back-max,,26,0,575,1,0
impl,25,3,6,1,tail-max,,22,5,341,1,0
impl,25,3,6,2,all-max,,38,1,920,1,0
impl,25,3,6,2,victim-max,0,37,0,920,1,0
impl,25,3,6,2,others-max,0,37,1,920,1,0
impl,25,3,6,2,victim-max,3,37,3,920,1,0
impl,25,3,6,2,others-max,3,37,0,920,1,0
impl,25,3,6,2,victim-max,5,37,5,920,1,0
impl,25,3,6,2,others-max,5,37,0,920,1,0
impl,25,3,6,2,front-max,,22,0,539,1,0
impl,25,3,6,2,back-max,,25,2,575,1,0
impl,25,3,6,2,tail-max,,20,5,341,1,0
impl,25,3,6,3,all-max,,38,0,920,1,0
impl,25,3,6,3,victim-max,0,37,0,920,1,0
impl,25,3,6,3,others-max,0,37,1,920,1,0
impl,25,3,6,3,victim-max,3,37,3,920,1,0
impl,25,3,6,3,others-max,3,37,0,920,1,0
impl,25,3,6,3,victim-max,5,37,5,920,1,0
impl,25,3,6,3,others-max,5,37,0,920,1,0
impl,25,3,6,3,front-max,,22,0,539,1,0
impl,25,3,6,3,back-max,,24,0,575,1,0
impl,25,3,6,3,tail-max,,21,5,341,1,0
impl,25,3,6,5,all-max,,37,0,920,1,0
impl,25,3,6,5,victim-max,0,37,0,920,1,0
impl,25,3,6,5,others-max,0,37,1,920,1,0
impl,25,3,6,5,victim-max,3,37,3,920,1,0
impl,25,3,6,5,others-max,3,37,0,920,1,0
impl,25,3,6,5,victim-max,5,37,5,920,1,0
impl,25,3,6,5,others-max,5,37,0,920,1,0
impl,25,3,6,5,front-max,,22,0,539,1,0
impl,25,3,6,5,back-max,,24,0,575,1,0
impl,25,3,6,5,tail-max,,20,5,341,1,0
impl,25,3,7,1,all-max,,38,1,920,1,0
impl,25,3,7,1,victim-max,0,37,0,920,1,0
impl,25,3,7,1,others-max,0,37,1,920,1,0
impl,25,3,7,1,victim-max,3,37,3,920,1,0
impl,25,3,7,1,others-max,3,37,0,920,1,0
impl,25,3,7,1,victim-max,6,37,6,920,1,0
impl,25,3,7,1,others-max,6,37,0,920,1,0
impl,25,3,7,1,front-max,,22,0,539,1,0
impl,25,3,7,1,back-max,,26,0,575,1,0
impl,25,3,7,1,tail-max,,22,6,341,1,0
impl,25,3,7,2,all-max,,37,0,920,1,0
impl,25,3,7,2,victim-max,0,37,0,920,1,0
impl,25,3,7,2,others-max,0,37,1,920,1,0
impl,25,3,7,2,victim-max,3,37,3,920,1,0
impl,25,3,7,2,others-max,3,37,0,920,1,0
impl,25,3,7,2,victim-max,6,37,6,920,1,0
impl,25,3,7,2,others-max,6,37,0,920,1,0
impl,25,3,7,2,front-max,,22,0,539,1,0
impl,25,3,7,2,back-max,,25,0,575,1,0
impl,25,3,7,2,tail-max,,20,6,341,1,0
impl,25,3,7,3,all-max,,37,0,920,1,0
impl,25,3,7,3,victim-max,0,37,0,920,1,0
impl,25,3,7,3,others-max,0,37,1,920,1,0
impl,25,3,7,3,victim-max,3,37,3,920,1,0
impl,25,3,7,3,others-max,3,37,0,920,1,0
impl,25,3,7,3,victim-max,6,37,6,920,1,0
impl,25,3,7,3,others-max,6,37,0,920,1,0
impl,25,3,7,3,front-max,,22,0,539,1,0
impl,25,3,7,3,back-max,,24,1,575,1,0
impl,25,3,7,3,tail-max,,21,6,341,1,0
impl,25,3,7,5,all-max,,37,0,920,1,0
impl,25,3,7,5,victim-max,0,37,0,920,1,0
impl,25,3,7,5,others-max,0,38,1,920,1,0
impl,25,3,7,5,victim-max,3,37,3,920,1,0
impl,25,3,7,5,others-max,3,37,0,920,1,0
impl,25,3,7,5,victim-max,6,37,6,920,1,0
impl,25,3,7,5,others-max,6,37,0,920,1,0
impl,25,3,7,5,front-max,,22,0,539,1,0
impl,25,3,7,5,back-max,,24,0,575,1,0
impl,25,3,7,5,tail-max,,20,6,341,1,0
impl,25,3,8,1,all-max,,38,1,920,1,0
impl,25,3,8,1,victim-max,0,37,0,920,1,0
impl,25,3,8,1,others-max,0,37,1,920,1,0
impl,25,3,8,1,victim-max,4,37,4,920,1,0
impl,25,3,8,1,others-max,4,37,0,920,1,0
impl,25,3,8,1,victim-max,7,37,7,920,1,0
impl,25,3,8,1,others-max,7,37,0,920,1,0
impl,25,3,8,1,front-max,,22,0,539,1,0
impl,25,3,8,1,back-max,,26,0,575,1,0
impl,25,3,8,1,tail-max,,22,7,341,1,0
impl,25,3,8,2,all-max,,37,0,920,1,0
impl,25,3,8,2,victim-max,0,37,0,920,1,0
impl,25,3,8,2,others-max,0,37,1,920,1,0
impl,25,3,8,2,victim-max,4,37,4,920,1,0
impl,25,3,8,2,others-max,4,37,0,920,1,0
impl,25,3,8,2,victim-max,7,37,7,920,1,0
impl,25,3,8,2,others-max,7,37,0,920,1,0
impl,25,3,8,2,front-max,,22,0,539,1,0
impl,25,3,8,2,back-max,,25,4,575,1,0
impl,25,3,8,2,tail-max,,20,7,341,1,0
impl,25,3,8,3,all-max,,37,0,920,1,0
impl,25,3,8,3,victim-max,0,37,0,920,1,0
impl,25,3,8,3,others-max,0,37,1,920,1,0
impl,25,3,8,3,victim-max,4,37,4,920,1,0
impl,25,3,8,3,others-max,4,37,0,920,1,0
impl,25,3,8,3,victim-max,7,37,7,920,1,0
impl,25,3,8,3,others-max,7,37,0,920,1,0
impl,25,3,8,3,front-max,,22,0,539,1,0
impl,25,3,8,3,back-max,,24,2,575,1,0
impl,25,3,8,3,tail-max,,21,7,341,1,0
impl,25,3,8,5,all-max,,38,0,920,1,0
impl,25,3,8,5,victim-max,0,37,0,920,1,0
impl,25,3,8,5,others-max,0,38,1,920,1,0
impl,25,3,8,5,victim-max,4,37,4,920,1,0
impl,25,3,8,5,others-max,4,37,0,920,1,0
impl,25,3,8,5,victim-max,7,37,7,920,1,0
impl,25,3,8,5,others-max,7,37,0,920,1,0
impl,25,3,8,5,front-max,,22,0,539,1,0
impl,25,3,8,5,back-max,,24,0,575,1,0
impl,25,3,8,5,tail-max,,20,7,341,1,0
impl,25,3,9,1,all-max,,38,0,920,1,0
impl,25,3,9,1,victim-max,0,37,0,920,1,0
impl,25,3,9,1,others-max,0,37,1,920,1,0
impl,25,3,9,1,victim-max,4,37,4,920,1,0
impl,25,3,9,1,others-max,4,37,0,920,1,0
impl,25,3,9,1,victim-max,8,37,8,920,1,0
impl,25,3,9,1,others-max,8,37,0,920,1,0
impl,25,3,9,1,front-max,,22,0,539,1,0
impl,25,3,9,1,back-max,,26,3,575,1,0
impl,25,3,9,1,tail-max,,22,8,341,1,0
impl,25,3,9,2,all-max,,37,0,920,1,0
impl,25,3,9,2,victim-max,0,37,0,920,1,0
impl,25,3,9,2,others-max,0,37,1,920,1,0
impl,25,3,9,2,victim-max,4,37,4,920,1,0
impl,25,3,9,2,others-max,4,37,0,920,1,0
impl,25,3,9,2,victim-max,8,37,8,920,1,0
impl,25,3,9,2,others-max,8,37,0,920,1,0
impl,25,3,9,2,front-max,,22,0,539,1,0
impl,25,3,9,2,back-max,,25,6,575,1,0
impl,25,3,9,2,tail-max,,20,8,341,1,0
impl,25,3,9,3,all-max,,38,2,920,1,0
impl,25,3,9,3,victim-max,0,37,0,920,1,0
impl,25,3,9,3,others-max,0,37,1,920,1,0
impl,25,3,9,3,victim-max,4,37,4,920,1,0
impl,25,3,9,3,others-max,4,37,0,920,1,0
impl,25,3,9,3,victim-max,8,37,8,920,1,0
impl,25,3,9,3,others-max,8,37,0,920,1,0
impl,25,3,9,3,front-max,,22,0,539,1,0
impl,25,3,9,3,back-max,,24,3,575,1,0
impl,25,3,9,3,tail-max,,21,8,341,1,0
impl,25,3,9,5,all-max,,38,0,920,1,0
impl,25,3,9,5,victim-max,0,37,0,920,1,0
impl,25,3,9,5,others-max,0,38,1,920,1,0
impl,25,3,9,5,victim-max,4,37,4,920,1,0
impl,25,3,9,5,others-max,4,37,0,920,1,0
impl,25,3,9,5,victim-max,8,37,8,920,1,0
impl,25,3,9,5,others-max,8,38,0,920,1,0
impl,25,3,9,5,front-max,,22,0,539,1,0
impl,25,3,9,5,back-max,,24,0,575,1,0
impl,25,3,9,5,tail-max,,20,8,341,1,0
impl,25,3,10,1,all-max,,38,1,920,1,0
impl,25,3,10,1,victim-max,0,37,0,920,1,0
impl,25,3,10,1,others-max,0,37,1,920,1,0
impl,25,3,10,1,victim-max,5,37,5,920,1,0
impl,25,3,10,1,others-max,5,37,0,920,1,0
impl,25,3,10,1,victim-max,9,37,9,920,1,0
impl,25,3,10,1,others-max,9,37,0,920,1,0
impl,25,3,10,1,front-max,,22,0,539,1,0
impl,25,3,10,1,back-max,,26,3,575,1,0
impl,25,3,10,1,tail-max,,22,9,341,1,0
impl,25,3,10,2,all-max,,38,0,920,1,0
impl,25,3,10,2,victim-max,0,37,0,920,1,0
impl,25,3,10,2,others-max,0,37,1,920,1,0
impl,25,3,10,2,victim-max,5,37,5,920,1,0
impl,25,3,10,2,others-max,5,37,0,920,1,0
impl,25,3,10,2,victim-max,9,37,9,920,1,0
impl,25,3,10,2,others-max,9,37,0,920,1,0
impl,25,3,10,2,front-max,,23,0,539,1,0
impl,25,3,10,2,back-max,,25,6,575,1,0
impl,25,3,10,2,tail-max,,20,9,341,1,0
impl,25,3,10,3,all-max,,38,2,920,1,0
impl,25,3,10,3,victim-max,0,37,0,920,1,0
impl,25,3,10,3,others-max,0,37,1,920,1,0
impl,25,3,10,3,victim-max,5,37,5,920,1,0
impl,25,3,10,3,others-max,5,37,0,920,1,0
impl,25,3,10,3,victim-max,9,37,9,920,1,0
impl,25,3,10,3,others-max,9,37,0,920,1,0
impl,25,3,10,3,front-max,,22,0,539,1,0
impl,25,3,10,3,back-max,,24,4,575,1,0
impl,25,3,10,3,tail-max,,21,9,341,1,0
impl,25,3,10,5,all-max,,38,0,920,1,0
impl,25,3,10,5,victim-max,0,37,0,920,1,0
impl,25,3,10,5,others-max,0,38,1,920,1,0
impl,25,3,10,5,victim-max,5,37,5,920,1,0
impl,25,3,10,5,others-max,5,37,0,920,1,0
impl,25,3,10,5,victim-max,9,37,9,920,1,0
impl,25,3,10,5,others-max,9,38,0,920,1,0
impl,25,3,10,5,front-max,,22,0,539,1,0
impl,25,3,10,5,back-max,,24,0,575,1,0
impl,25,3,10,5,tail-max,,20,9,341,1,0
impl,25,3,11,1,all-max,,37,0,920,1,0
impl,25,3,11,1,victim-max,0,37,0,920,1,0
impl,25,3,11,1,others-max,0,37,1,920,1,0
impl,25,3,11,1,victim-max,5,37,5,920,1,0
impl,25,3,11,1,others-max,5,37,0,920,1,0
impl,25,3,11,1,victim-max,10,37,10,920,1,0
impl,25,3,11,1,others-max,10,37,0,920,1,0
impl,25,3,11,1,front-max,,22,0,539,1,0
impl,25,3,11,1,back-max,,25,0,575,1,0
impl,25,3,11,1,tail-max,,22,10,341,1,0
impl,25,3,11,2,all-max,,37,0,920,1,0
impl,25,3,11,2,victim-max,0,37,0,920,1,0
impl,25,3,11,2,others-max,0,37,1,920,1,0
impl,25,3,11,2,victim-max,5,37,5,920,1,0
impl,25,3,11,2,others-max,5,37,0,920,1,0
impl,25,3,11,2,victim-max,10,37,10,920,1,0
impl,25,3,11,2,others-max,10,37,0,920,1,0
impl,25,3,11,2,front-max,,23,0,539,1,0
impl,25,3,11,2,back-max,,24,1,575,1,0
impl,25,3,11,2,tail-max,,20,10,341,1,0
impl,25,3,11,3,all-max,,38,2,920,1,0
impl,25,3,11,3,victim-max,0,37,0,920,1,0
impl,25,3,11,3,others-max,0,37,1,920,1,0
impl,25,3,11,3,victim-max,5,37,5,920,1,0
impl,25,3,11,3,others-max,5,37,0,920,1,0
impl,25,3,11,3,victim-max,10,37,10,920,1,0
impl,25,3,11,3,others-max,10,37,0,920,1,0
impl,25,3,11,3,front-max,,22,0,539,1,0
impl,25,3,11,3,back-max,,24,5,575,1,0
impl,25,3,11,3,tail-max,,21,10,341,1,0
impl,25,3,11,5,all-max,,38,0,920,1,0
impl,25,3,11,5,victim-max,0,37,0,920,1,0
impl,25,3,11,5,others-max,0,38,1,920,1,0
impl,25,3,11,5,victim-max,5,37,5,920,1,0
impl,25,3,11,5,others-max,5,37,0,920,1,0
impl,25,3,11,5,victim-max,10,37,10,920,1,0
impl,25,3,11,5,others-max,10,38,0,920,1,0
impl,25,3,11,5,front-max,,22,0,539,1,0
impl,25,3,11,5,back-max,,24,0,575,1,0
impl,25,3,11,5,tail-max,,20,10,341,1,0
impl,25,3,12,1,all-max,,38,2,920,1,0
impl,25,3,12,1,victim-max,0,37,0,920,1,0
impl,25,3,12,1,others-max,0,37,1,920,1,0
impl,25,3,12,1,victim-max,6,37,6,920,1,0
impl,25,3,12,1,others-max,6,37,0,920,1,0
impl,25,3,12,1,victim-max,11,37,11,920,1,0
impl,25,3,12,1,others-max,11,37,0,920,1,0
impl,25,3,12,1,front-max,,22,0,539,1,0
impl,25,3,12,1,back-max,,25,1,575,1,0
impl,25,3,12,1,tail-max,,22,11,341,1,0
impl,25,3,12,2,all-max,,38,1,920,1,0
impl,25,3,12,2,victim-max,0,37,0,920,1,0
impl,25,3,12,2,others-max,0,37,1,920,1,0
impl,25,3,12,2,victim-max,6,37,6,920,1,0
impl,25,3,12,2,others-max,6,37,0,920,1,0
impl,25,3,12,2,victim-max,11,37,11,920,1,0
impl,25,3,12,2,others-max,11,37,0,920,1,0
impl,25,3,12,2,front-max,,23,0,539,1,0
impl,25,3,12,2,back-max,,25,8,575,1,0
impl,25,3,12,2,tail-max,,20,11,341,1,0
impl,25,3,12,3,all-max,,37,0,920,1,0
impl,25,3,12,3,victim-max,0,37,0,920,1,0
impl,25,3,12,3,others-max,0,37,1,920,1,0
impl,25,3,12,3,victim-max,6,37,6,920,1,0
impl,25,3,12,3,others-max,6,37,0,920,1,0
impl,25,3,12,3,victim-max,11,37,11,920,1,0
impl,25,3,12,3,others-max,11,37,0,920,1,0
impl,25,3,12,3,front-max,,22,0,539,1,0
impl,25,3,12,3,back-max,,24,6,575,1,0
impl,25,3,12,3,tail-max,,21,11,341,1,0
impl,25,3,12,5,all-max,,38,0,920,1,0
impl,25,3,12,5,victim-max,0,37,0,920,1,0
impl,25,3,12,5,others-max,0,38,1,920,1,0
impl,25,3,12,5,victim-max,6,37,6,920,1,0
impl,25,3,12,5,others-max,6,37,0,920,1,0
impl,25,3,12,5,victim-max,11,37,11,920,1,0
impl,25,3,12,5,others-max,11,38,0,920,1,0
impl,25,3,12,5,front-max,,22,0,539,1,0
impl,25,3,12,5,back-max,,24,0,575,1,0
impl,25,3,12,5,tail-max,,20,11,341,1,0
impl,25,3,13,1,all-max,,38,4,920,1,0
impl,25,3,13,1,victim-max,0,37,0,920,1,0
impl,25,3,13,1,others-max,0,37,1,920,1,0
impl,25,3,13,1,victim-max,6,37,6,920,1,0
impl,25,3,13,1,others-max,6,37,0,920,1,0
impl,25,3,13,1,victim-max,12,37,12,920,1,0
impl,25,3,13,1,others-max,12,37,0,920,1,0
impl,25,3,13,1,front-max,,23,1,539,1,0
impl,25,3,13,1,back-max,,25,2,575,1,0
impl,25,3,13,1,tail-max,,22,12,341,1,0
impl,25,3,13,2,all-max,,38,1,920,1,0
impl,25,3,13,2,victim-max,0,37,0,920,1,0
impl,25,3,13,2,others-max,0,37,1,920,1,0
impl,25,3,13,2,victim-max,6,37,6,920,1,0
impl,25,3,13,2,others-max,6,37,0,920,1,0
impl,25,3,13,2,victim-max,12,37,12,920,1,0
impl,25,3,13,2,others-max,12,37,0,920,1,0
impl,25,3,13,2,front-max,,23,0,539,1,0
impl,25,3,13,2,back-max,,25,9,575,1,0
impl,25,3,13,2,tail-max,,20,12,341,1,0
impl,25,3,13,3,all-max,,38,2,920,1,0
impl,25,3,13,3,victim-max,0,37,0,920,1,0
impl,25,3,13,3,others-max,0,37,1,920,1,0
impl,25,3,13,3,victim-max,6,37,6,920,1,0
impl,25,3,13,3,others-max,6,37,0,920,1,0
impl,25,3,13,3,victim-max,12,37,12,920,1,0
impl,25,3,13,3,others-max,12,37,0,920,1,0
impl,25,3,13,3,front-max,,22,0,539,1,0
impl,25,3,13,3,back-max,,24,7,575,1,0
impl,25,3,13,3,tail-max,,21,12,341,1,0
impl,25,3,13,5,all-max,,38,0,920,1,0
impl,25,3,13,5,victim-max,0,37,0,920,1,0
impl,25,3,13,5,others-max,0,38,1,920,1,0
impl,25,3,13,5,victim-max,6,37,6,920,1,0
impl,25,3,13,5,others-max,6,37,0,920,1,0
impl,25,3,13,5,victim-max,12,37,12,920,1,0
impl,25,3,13,5,others-max,12,38,0,920,1,0
impl,25,3,13,5,front-max,,22,0,539,1,0
impl,25,3,13,5,back-max,,24,0,575,1,0
impl,25,3,13,5,tail-max,,20,12,341,1,0
impl,25,3,14,1,all-max,,37,0,920,1,0
impl,25,3,14,1,victim-max,0,37,0,920,1,0
impl,25,3,14,1,others-max,0,37,1,920,1,0
impl,25,3,14,1,victim-max,7,37,7,920,1,0
impl,25,3,14,1,others-max,7,37,0,920,1,0
impl,25,3,14,1,victim-max,13,37,13,920,1,0
impl,25,3,14,1,others-max,13,37,0,920,1,0
impl,25,3,14,1,front-max,,22,0,539,1,0
impl,25,3,14,1,back-max,,25,1,575,1,0
impl,25,3,14,1,tail-max,,22,13,341,1,0
impl,25,3,14,2,all-max,,38,1,920,1,0
impl,25,3,14,2,victim-max,0,37,0,920,1,0
impl,25,3,14,2,others-max,0,37,1,920,1,0
impl,25,3,14,2,victim-max,7,37,7,920,1,0
impl,25,3,14,2,others-max,7,37,0,920,1,0
impl,25,3,14,2,victim-max,13,37,13,920,1,0
impl,25,3,14,2,others-max,13,37,0,920,1,0
impl,25,3,14,2,front-max,,23,0,539,1,0
impl,25,3,14,2,back-max,,24,3,575,1,0
impl,25,3,14,2,tail-max,,20,13,341,1,0
impl,25,3,14,3,all-max,,38,2,920,1,0
impl,25,3,14,3,victim-max,0,37,0,920,1,0
impl,25,3,14,3,others-max,0,37,1,920,1,0
impl,25,3,14,3,victim-max,7,37,7,920,1,0
impl,25,3,14,3,others-max,7,37,0,920,1,0
impl,25,3,14,3,victim-max,13,37,13,920,1,0
impl,25,3,14,3,others-max,13,37,0,920,1,0
impl,25,3,14,3,front-max,,22,0,539,1,0
impl,25,3,14,3,back-max,,24,8,575,1,0
impl,25,3,14,3,tail-max,,21,13,341,1,0
impl,25,3,14,5,all-max,,38,0,920,1,0
impl,25,3,14,5,victim-max,0,37,0,920,1,0
impl,25,3,14,5,others-max,0,38,1,920,1,0
impl,25,3,14,5,victim-max,7,37,7,920,1,0
impl,25,3,14,5,others-max,7,37,0,920,1,0
impl,25,3,14,5,victim-max,13,37,13,920,1,0
impl,25,3,14,5,others-max,13,38,0,920,1,0
impl,25,3,14,5,front-max,,22,0,539,1,0
impl,25,3,14,5,back-max,,24,0,575,1,0
impl,25,3,14,5,tail-max,,20,13,341,1,0
impl,25,3,15,1,all-max,,38,0,920,1,0
impl,25,3,15,1,victim-max,0,37,0,920,1,0
impl,25,3,15,1,others-max,0,37,1,920,1,0
impl,25,3,15,1,victim-max,7,37,7,920,1,0
impl,25,3,15,1,others-max,7,37,0,920,1,0
impl,25,3,15,1,victim-max,14,37,14,920,1,0
impl,25,3,15,1,others-max,14,37,0,920,1,0
impl,25,3,15,1,front-max,,22,0,539,1,0
impl,25,3,15,1,back-max,,25,2,575,1,0
impl,25,3,15,1,tail-max,,22,14,341,1,0
impl,25,3,15,2,all-max,,38,1,920,1,0
impl,25,3,15,2,victim-max,0,37,0,920,1,0
impl,25,3,15,2,others-max,0,37,1,920,1,0
impl,25,3,15,2,victim-max,7,37,7,920,1,0
impl,25,3,15,2,others-max,7,37,0,920,1,0
impl,25,3,15,2,victim-max,14,37,14,920,1,0
impl,25,3,15,2,others-max,14,37,0,920,1,0
impl,25,3,15,2,front-max,,23,0,539,1,0
impl,25,3,15,2,back-max,,24,3,575,1,0
impl,25,3,15,2,tail-max,,20,14,341,1,0
impl,25,3,15,3,all-max,,38,2,920,1,0
impl,25,3,15,3,victim-max,0,37,0,920,1,0
impl,25,3,15,3,others-max,0,37,1,920,1,0
impl,25,3,15,3,victim-max,7,37,7,920,1,0
impl,25,3,15,3,others-max,7,37,0,920,1,0
impl,25,3,15,3,victim-max,14,37,14,920,1,0
impl,25,3,15,3,others-max,14,38,2,920,1,0
impl,25,3,15,3,front-max,,22,0,539,1,0
impl,25,3,15,3,back-max,,24,9,575,1,0
impl,25,3,15,3,tail-max,,21,14,341,1,0
impl,25,3,15,5,all-max,,38,0,920,1,0
impl,25,3,15,5,victim-max,0,37,0,920,1,0
impl,25,3,15,5,others-max,0,38,1,920,1,0
impl,25,3,15,5,victim-max,7,37,7,920,1,0
impl,25,3,15,5,others-max,7,37,0,920,1,0
impl,25,3,15,5,victim-max,14,37,14,920,1,0
impl,25,3,15,5,others-max,14,38,0,920,1,0
impl,25,3,15,5,front-max,,22,0,539,1,0
impl,25,3,15,5,back-max,,24,0,575,1,0
impl,25,3,15,5,tail-max,,20,14,341,1,0
impl,25,3,16,1,all-max,,37,0,920,1,0
impl,25,3,16,1,victim-max,0,37,0,920,1,0
impl,25,3,16,1,others-max,0,37,1,920,1,0
impl,25,3,16,1,victim-max,8,37,8,920,1,0
impl,25,3,16,1,others-max,8,37,0,920,1,0
impl,25,3,16,1,victim-max,15,37,15,920,1,0
impl,25,3,16,1,others-max,15,37,0,920,1,0
impl,25,3,16,1,front-max,,22,0,539,1,0
impl,25,3,16,1,back-max,,25,1,575,1,0
impl,25,3,16,1,tail-max,,22,15,341,1,0
impl,25,3,16,2,all-max,,38,1,920,1,0
impl,25,3,16,2,victim-max,0,37,0,920,1,0
impl,25,3,16,2,others-max,0,37,1,920,1,0
impl,25,3,16,2,victim-max,8,37,8,920,1,0
impl,25,3,16,2,others-max,8,37,0,920,1,0
impl,25,3,16,2,victim-max,15,37,15,920,1,0
impl,25,3,16,2,others-max,15,37,0,920,1,0
impl,25,3,16,2,front-max,,23,0,539,1,0
impl,25,3,16,2,back-max,,24,3,575,1,0
impl,25,3,16,2,tail-max,,20,15,341,1,0
impl,25,3,16,3,all-max,,38,2,920,1,0
impl,25,3,16,3,victim-max,0,37,0,920,1,0
impl,25,3,16,3,others-max,0,37,1,920,1,0
impl,25,3,16,3,victim-max,8,37,8,920,1,0
impl,25,3,16,3,others-max,8,37,0,920,1,0
impl,25,3,16,3,victim-max,15,37,15,920,1,0
impl,25,3,16,3,others-max,15,38,2,920,1,0
impl,25,3,16,3,front-max,,22,0,539,1,0
impl,25,3,16,3,back-max,,24,10,575,1,0
impl,25,3,16,3,tail-max,,21,15,341,1,0
impl,25,3,16,5,all-max,,38,0,920,1,0
impl,25,3,16,5,victim-max,0,37,0,920,1,0
impl,25,3,16,5,others-max,0,38,1,920,1,0
impl,25,3,16,5,victim-max,8,37,8,920,1,0
impl,25,3,16,5,others-max,8,38,0,920,1,0
impl,25,3,16,5,victim-max,15,37,15,920,1,0
impl,25,3,16,5,others-max,15,38,0,920,1,0
impl,25,3,16,5,front-max,,22,0,539,1,0
impl,25,3,16,5,back-max,,24,0,575,1,0
impl,25,3,16,5,tail-max,,20,15,341,1,0
impl,25,3,17,1,all-max,,38,4,920,1,0
impl,25,3,17,1,victim-max,0,37,0,920,1,0
impl,25,3,17,1,others-max,0,37,1,920,1,0
impl,25,3,17,1,victim-max,8,37,8,920,1,0
impl,25,3,17,1,others-max,8,37,0,920,1,0
impl,25,3,17,1,victim-max,16,37,16,920,1,0
impl,25,3,17,1,others-max,16,37,0,920,1,0
impl,25,3,17,1,front-max,,23,1,539,1,0
impl,25,3,17,1,back-max,,25,5,575,1,0
impl,25,3,17,1,tail-max,,22,16,341,1,0
impl,25,3,17,2,all-max,,37,0,920,1,0
impl,25,3,17,2,victim-max,0,37,0,920,1,0
impl,25,3,17,2,others-max,0,38,2,920,1,0
impl,25,3,17,2,victim-max,8,37,8,920,1,0
impl,25,3,17,2,others-max,8,37,0,920,1,0
impl,25,3,17,2,victim-max,16,37,16,920,1,0
impl,25,3,17,2,others-max,16,37,0,920,1,0
impl,25,3,17,2,front-max,,23,0,539,1,0
impl,25,3,17,2,back-max,,24,3,575,1,0
impl,25,3,17,2,tail-max,,20,16,341,1,0
impl,25,3,17,3,all-max,,38,2,920,1,0
impl,25,3,17,3,victim-max,0,37,0,920,1,0
impl,25,3,17,3,others-max,0,37,1,920,1,0
impl,25,3,17,3,victim-max,8,37,8,920,1,0
impl,25,3,17,3,others-max,8,37,0,920,1,0
impl,25,3,17,3,victim-max,16,37,16,920,1,0
impl,25,3,17,3,others-max,16,38,2,920,1,0
impl,25,3,17,3,front-max,,22,0,539,1,0
impl,25,3,17,3,back-max,,24,11,575,1,0
impl,25,3,17,3,tail-max,,21,16,341,1,0
impl,25,3,17,5,all-max,,38,0,920,1,0
impl,25,3,17,5,victim-max,0,37,0,920,1,0
impl,25,3,17,5,others-max,0,38,1,920,1,0
impl,25,3,17,5,victim-max,8,37,8,920,1,0
impl,25,3,17,5,others-max,8,38,0,920,1,0
impl,25,3,17,5,victim-max,16,37,16,920,1,0
impl,25,3,17,5,others-max,16,38,0,920,1,0
impl,25,3,17,5,front-max,,22,0,539,1,0
impl,25,3,17,5,back-max,,24,0,575,1,0
impl,25,3,17,5,tail-max,,20,16,341,1,0
impl,25,3,18,1,all-max,,37,0,920,1,0
impl,25,3,18,1,victim-max,0,37,0,920,1,0
impl,25,3,18,1,others-max,0,37,1,920,1,0
impl,25,3,18,1,victim-max,9,37,9,920,1,0
impl,25,3,18,1,others-max,9,37,0,920,1,0
impl,25,3,18,1,victim-max,17,37,17,920,1,0
impl,25,3,18,1,others-max,17,37,0,920,1,0
impl,25,3,18,1,front-max,,23,1,539,1,0
impl,25,3,18,1,back-max,,25,1,575,1,0
impl,25,3,18,1,tail-max,,22,17,341,1,0
impl,25,3,18,2,all-max,,38,3,920,1,0
impl,25,3,18,2,victim-max,0,37,0,920,1,0
impl,25,3,18,2,others-max,0,37,1,920,1,0
impl,25,3,18,2,victim-max,9,37,9,920,1,0
impl,25,3,18,2,others-max,9,37,0,920,1,0
impl,25,3,18,2,victim-max,17,37,17,920,1,0
impl,25,3,18,2,others-max,17,38,1,920,1,0
impl,25,3,18,2,front-max,,23,0,539,1,0
impl,25,3,18,2,back-max,,24,3,575,1,0
impl,25,3,18,2,tail-max,,20,17,341,1,0
impl,25,3,18,3,all-max,,38,2,920,1,0
impl,25,3,18,3,victim-max,0,37,0,920,1,0
impl,25,3,18,3,others-max,0,37,1,920,1,0
impl,25,3,18,3,victim-max,9,37,9,920,1,0
impl,25,3,18,3,others-max,9,37,0,920,1,0
impl,25,3,18,3,victim-max,17,37,17,920,1,0
impl,25,3,18,3,others-max,17,38,2,920,1,0
impl,25,3,18,3,front-max,,22,0,539,1,0
impl,25,3,18,3,back-max,,24,12,575,1,0
impl,25,3,18,3,tail-max,,21,17,341,1,0
impl,25,3,18,5,all-max,,38,0,920,1,0
impl,25,3,18,5,victim-max,0,37,0,920,1,0
impl,25,3,18,5,others-max,0,38,1,920,1,0
impl,25,3,18,5,victim-max,9,37,9,920,1,0
impl,25,3,18,5,others-max,9,38,0,920,1,0
impl,25,3,18,5,victim-max,17,37,17,920,1,0
impl,25,3,18,5,others-max,17,38,0,920,1,0
impl,25,3,18,5,front-max,,22,0,539,1,0
impl,25,3,18,5,back-max,,24,0,575,1,0
impl,25,3,18,5,tail-max,,20,17,341,1,0
impl,25,3,19,1,all-max,,38,4,920,1,0
impl,25,3,19,1,victim-max,0,37,0,920,1,0
impl,25,3,19,1,others-max,0,37,1,920,1,0
impl,25,3,19,1,victim-max,9,37,9,920,1,0
impl,25,3,19,1,others-max,9,37,0,920,1,0
impl,25,3,19,1,victim-max,18,37,18,920,1,0
impl,25,3,19,1,others-max,18,37,0,920,1,0
impl,25,3,19,1,front-max,,22,0,539,1,0
impl,25,3,19,1,back-max,,24,1,575,1,0
impl,25,3,19,1,tail-max,,22,18,341,1,0
impl,25,3,19,2,all-max,,38,3,920,1,0
impl,25,3,19,2,victim-max,0,37,0,920,1,0
impl,25,3,19,2,others-max,0,38,2,920,1,0
impl,25,3,19,2,victim-max,9,37,9,920,1,0
impl,25,3,19,2,others-max,9,37,0,920,1,0
impl,25,3,19,2,victim-max,18,37,18,920,1,0
impl,25,3,19,2,others-max,18,37,0,920,1,0
impl,25,3,19,2,front-max,,23,0,539,1,0
impl,25,3,19,2,back-max,,24,3,575,1,0
impl,25,3,19,2,tail-max,,20,18,341,1,0
impl,25,3,19,3,all-max,,38,2,920,1,0
impl,25,3,19,3,victim-max,0,37,0,920,1,0
impl,25,3,19,3,others-max,0,37,1,920,1,0
impl,25,3,19,3,victim-max,9,37,9,920,1,0
impl,25,3,19,3,others-max,9,37,0,920,1,0
impl,25,3,19,3,victim-max,18,37,18,920,1,0
impl,25,3,19,3,others-max,18,38,2,920,1,0
impl,25,3,19,3,front-max,,22,0,539,1,0
impl,25,3,19,3,back-max,,24,13,575,1,0
impl,25,3,19,3,tail-max,,21,18,341,1,0
impl,25,3,19,5,all-max,,38,0,920,1,0
impl,25,3,19,5,victim-max,0,37,0,920,1,0
impl,25,3,19,5,others-max,0,38,1,920,1,0
impl,25,3,19,5,victim-max,9,37,9,920,1,0
impl,25,3,19,5,others-max,9,38,0,920,1,0
impl,25,3,19,5,victim-max,18,37,18,920,1,0
impl,25,3,19,5,others-max,18,38,0,920,1,0
impl,25,3,19,5,front-max,,22,0,539,1,0
impl,25,3,19,5,back-max,,24,0,575,1,0
impl,25,3,19,5,tail-max,,20,18,341,1,0
impl,25,3,20,1,all-max,,37,0,920,1,0
impl,25,3,20,1,victim-max,0,37,0,920,1,0
impl,25,3,20,1,others-max,0,37,1,920,1,0
impl,25,3,20,1,victim-max,10,37,10,920,1,0
impl,25,3,20,1,others-max,10,37,0,920,1,0
impl,25,3,20,1,victim-max,19,37,19,920,1,0
impl,25,3,20,1,others-max,19,37,0,920,1,0
impl,25,3,20,1,front-max,,22,0,539,1,0
impl,25,3,20,1,back-max,,25,12,575,1,0
impl,25,3,20,1,tail-max,,22,19,341,1,0
impl,25,3,20,2,all-max,,37,0,920,1,0
impl,25,3,20,2,victim-max,0,37,0,920,1,0
impl,25,3,20,2,others-max,0,38,2,920,1,0
impl,25,3,20,2,victim-max,10,37,10,920,1,0
impl,25,3,20,2,others-max,10,37,0,920,1,0
impl,25,3,20,2,victim-max,19,37,19,920,1,0
impl,25,3,20,2,others-max,19,37,0,920,1,0
impl,25,3,20,2,front-max,,23,0,539,1,0
impl,25,3,20,2,back-max,,24,3,575,1,0
impl,25,3,20,2,tail-max,,20,19,341,1,0
impl,25,3,20,3,all-max,,38,2,920,1,0
impl,25,3,20,3,victim-max,0,37,0,920,1,0
impl,25,3,20,3,others-max,0,37,1,920,1,0
impl,25,3,20,3,victim-max,10,37,10,920,1,0
impl,25,3,20,3,others-max,10,37,0,920,1,0
impl,25,3,20,3,victim-max,19,37,19,920,1,0
impl,25,3,20,3,others-max,19,38,2,920,1,0
impl,25,3,20,3,front-max,,22,0,539,1,0
impl,25,3,20,3,back-max,,24,14,575,1,0
impl,25,3,20,3,tail-max,,21,19,341,1,0
impl,25,3,20,5,all-max,,38,0,920,1,0
impl,25,3,20,5,victim-max,0,37,0,920,1,0
impl,25,3,20,5,others-max,0,38,1,920,1,0
impl,25,3,20,5,victim-max,10,37,10,920,1,0
impl,25,3,20,5,others-max,10,38,0,920,1,0
impl,25,3,20,5,victim-max,19,37,19,920,1,0
impl,25,3,20,5,others-max,19,38,0,920,1,0
impl,25,3,20,5,front-max,,22,0,539,1,0
impl,25,3,20,5,back-max,,24,0,575,1,0
impl,25,3,20,5,tail-max,,20,19,341,1,0
impl,25,3,21,1,all-max,,38,0,920,1,0
impl,25,3,21,1,victim-max,0,37,0,920,1,0
impl,25,3,21,1,others-max,0,37,1,920,1,0
impl,25,3,21,1,victim-max,10,37,10,920,1,0
impl,25,3,21,1,others-max,10,37,0,920,1,0
impl,25,3,21,1,victim-max,20,37,20,920,1,0
impl,25,3,21,1,others-max,20,37,0,920,1,0
impl,25,3,21,1,front-max,,22,0,539,1,0
impl,25,3,21,1,back-max,,25,6,575,1,0
impl,25,3,21,1,tail-max,,22,20,341,1,0
impl,25,3,21,2,all-max,,38,6,920,1,0
impl,25,3,21,2,victim-max,0,37,0,920,1,0
impl,25,3,21,2,others-max,0,38,2,920,1,0
impl,25,3,21,2,victim-max,10,37,10,920,1,0
impl,25,3,21,2,others-max,10,37,0,920,1,0
impl,25,3,21,2,victim-max,20,37,20,920,1,0
impl,25,3,21,2,others-max,20,38,3,920,1,0
impl,25,3,21,2,front-max,,23,0,539,1,0
impl,25,3,21,2,back-max,,24,3,575,1,0
impl,25,3,21,2,tail-max,,20,20,341,1,0
impl,25,3,21,3,all-max,,38,2,920,1,0
impl,25,3,21,3,victim-max,0,37,0,920,1,0
impl,25,3,21,3,others-max,0,37,1,920,1,0
impl,25,3,21,3,victim-max,10,37,10,920,1,0
impl,25,3,21,3,others-max,10,37,0,920,1,0
impl,25,3,21,3,victim-max,20,37,20,920,1,0
impl,25,3,21,3,others-max,20,38,2,920,1,0
impl,25,3,21,3,front-max,,22,0,539,1,0
impl,25,3,21,3,back-max,,24,15,575,1,0
impl,25,3,21,3,tail-max,,21,20,341,1,0
impl,25,3,21,5,all-max,,38,0,920,1,0
impl,25,3,21,5,victim-max,0,37,0,920,1,0
impl,25,3,21,5,others-max,0,38,1,920,1,0
impl,25,3,21,5,victim-max,10,37,10,920,1,0
impl,25,3,21,5,others-max,10,38,0,920,1,0
impl,25,3,21,5,victim-max,20,37,20,920,1,0
impl,25,3,21,5,others-max,20,38,0,920,1,0
impl,25,3,21,5,front-max,,22,0,539,1,0
impl,25,3,21,5,back-max,,24,0,575,1,0
impl,25,3,21,5,tail-max,,20,20,341,1,0
impl,25,3,22,1,all-max,,38,0,920,1,0
impl,25,3,22,1,victim-max,0,37,0,920,1,0
impl,25,3,22,1,others-max,0,37,1,920,1,0
impl,25,3,22,1,victim-max,11,37,11,920,1,0
impl,25,3,22,1,others-max,11,37,0,920,1,0
impl,25,3,22,1,victim-max,21,37,21,920,1,0
impl,25,3,22,1,others-max,21,37,0,920,1,0
impl,25,3,22,1,front-max,,22,0,539,1,0
impl,25,3,22,1,back-max,,25,7,575,1,0
impl,25,3,22,1,tail-max,,22,21,341,1,0
impl,25,3,22,2,all-max,,38,6,920,1,0
impl,25,3,22,2,victim-max,0,37,0,920,1,0
impl,25,3,22,2,others-max,0,38,2,920,1,0
impl,25,3,22,2,victim-max,11,37,11,920,1,0
impl,25,3,22,2,others-max,11,37,0,920,1,0
impl,25,3,22,2,victim-max,21,37,21,920,1,0
impl,25,3,22,2,others-max,21,37,0,920,1,0
impl,25,3,22,2,front-max,,23,0,539,1,0
impl,25,3,22,2,back-max,,24,3,575,1,0
impl,25,3,22,2,tail-max,,20,21,341,1,0
impl,25,3,22,3,all-max,,38,2,920,1,0
impl,25,3,22,3,victim-max,0,37,0,920,1,0
impl,25,3,22,3,others-max,0,37,1,920,1,0
impl,25,3,22,3,victim-max,11,37,11,920,1,0
impl,25,3,22,3,others-max,11,37,0,920,1,0
impl,25,3,22,3,victim-max,21,37,21,920,1,0
impl,25,3,22,3,others-max,21,38,2,920,1,0
impl,25,3,22,3,front-max,,22,0,539,1,0
impl,25,3,22,3,back-max,,24,16,575,1,0
impl,25,3,22,3,tail-max,,21,21,341,1,0
impl,25,3,22,5,all-max,,38,0,920,1,0
impl,25,3,22,5,victim-max,0,37,0,920,1,0
impl,25,3,22,5,others-max,0,38,1,920,1,0
impl,25,3,22,5,victim-max,11,37,11,920,1,0
impl,25,3,22,5,others-max,11,38,0,920,1,0
impl,25,3,22,5,victim-max,21,37,21,920,1,0
impl,25,3,22,5,others-max,21,38,0,920,1,0
impl,25,3,22,5,front-max,,22,0,539,1,0
impl,25,3,22,5,back-max,,24,0,575,1,0
impl,25,3,22,5,tail-max,,20,21,341,1,0
impl,25,3,23,1,all-max,,38,3,920,1,0
impl,25,3,23,1,victim-max,0,37,0,920,1,0
impl,25,3,23,1,others-max,0,38,2,920,1,0
impl,25,3,23,1,victim-max,11,37,11,920,1,0
impl,25,3,23,1,others-max,11,37,0,920,1,0
impl,25,3,23,1,victim-max,22,37,22,920,1,0
impl,25,3,23,1,others-max,22,37,0,920,1,0
impl,25,3,23,1,front-max,,22,0,539,1,0
impl,25,3,23,1,back-max,,24,3,575,1,0
impl,25,3,23,1,tail-max,,22,22,341,1,0
impl,25,3,23,2,all-max,,37,0,920,1,0
impl,25,3,23,2,victim-max,0,37,0,920,1,0
impl,25,3,23,2,others-max,0,38,2,920,1,0
impl,25,3,23,2,victim-max,11,37,11,920,1,0
impl,25,3,23,2,others-max,11,37,0,920,1,0
impl,25,3,23,2,victim-max,22,37,22,920,1,0
impl,25,3,23,2,others-max,22,37,0,920,1,0
impl,25,3,23,2,front-max,,23,0,539,1,0
impl,25,3,23,2,back-max,,24,3,575,1,0
impl,25,3,23,2,tail-max,,20,22,341,1,0
impl,25,3,23,3,all-max,,38,2,920,1,0
impl,25,3,23,3,victim-max,0,37,0,920,1,0
impl,25,3,23,3,others-max,0,37,1,920,1,0
impl,25,3,23,3,victim-max,11,37,11,920,1,0
impl,25,3,23,3,others-max,11,37,0,920,1,0
impl,25,3,23,3,victim-max,22,37,22,920,1,0
impl,25,3,23,3,others-max,22,38,2,920,1,0
impl,25,3,23,3,front-max,,22,0,539,1,0
impl,25,3,23,3,back-max,,24,17,575,1,0
impl,25,3,23,3,tail-max,,21,22,341,1,0
impl,25,3,23,5,all-max,,38,0,920,1,0
impl,25,3,23,5,victim-max,0,37,0,920,1,0
impl,25,3,23,5,others-max,0,38,1,920,1,0
impl,25,3,23,5,victim-max,11,37,11,920,1,0
impl,25,3,23,5,others-max,11,38,0,920,1,0
impl,25,3,23,5,victim-max,22,37,22,920,1,0
impl,25,3,23,5,others-max,22,38,0,920,1,0
impl,25,3,23,5,front-max,,22,0,539,1,0
impl,25,3,23,5,back-max,,24,0,575,1,0
impl,25,3,23,5,tail-max,,20,22,341,1,0
impl,25,3,24,1,all-max,,38,4,920,1,0
impl,25,3,24,1,victim-max,0,37,0,920,1,0
impl,25,3,24,1,others-max,0,38,2,920,1,0
impl,25,3,24,1,victim-max,12,37,12,920,1,0
impl,25,3,24,1,others-max,12,37,0,920,1,0
impl,25,3,24,1,victim-max,23,37,23,920,1,0
impl,25,3,24,1,others-max,23,37,0,920,1,0
impl,25,3,24,1,front-max,,22,0,539,1,0
impl,25,3,24,1,back-max,,25,20,575,1,0
impl,25,3,24,1,tail-max,,22,23,341,1,0
impl,25,3,24,2,all-max,,37,0,920,1,0
impl,25,3,24,2,victim-max,0,37,0,920,1,0
impl,25,3,24,2,others-max,0,38,2,920,1,0
impl,25,3,24,2,victim-max,12,37,12,920,1,0
impl,25,3,24,2,others-max,12,37,0,920,1,0
impl,25,3,24,2,victim-max,23,37,23,920,1,0
impl,25,3,24,2,others-max,23,37,0,920,1,0
impl,25,3,24,2,front-max,,23,0,539,1,0
impl,25,3,24,2,back-max,,24,3,575,1,0
impl,25,3,24,2,tail-max,,20,23,341,1,0
impl,25,3,24,3,all-max,,38,2,920,1,0
impl,25,3,24,3,victim-max,0,37,0,920,1,0
impl,25,3,24,3,others-max,0,37,1,920,1,0
impl,25,3,24,3,victim-max,12,37,12,920,1,0
impl,25,3,24,3,others-max,12,37,0,920,1,0
impl,25,3,24,3,victim-max,23,37,23,920,1,0
impl,25,3,24,3,others-max,23,38,2,920,1,0
impl,25,3,24,3,front-max,,22,0,539,1,0
impl,25,3,24,3,back-max,,24,18,575,1,0
impl,25,3,24,3,tail-max,,21,23,341,1,0
impl,25,3,24,5,all-max,,38,0,920,1,0
impl,25,3,24,5,victim-max,0,37,0,920,1,0
impl,25,3,24,5,others-max,0,38,1,920,1,0
impl,25,3,24,5,victim-max,12,37,12,920,1,0
impl,25,3,24,5,others-max,12,38,0,920,1,0
impl,25,3,24,5,victim-max,23,37,23,920,1,0
impl,25,3,24,5,others-max,23,38,0,920,1,0
impl,25,3,24,5,front-max,,22,0,539,1,0
impl,25,3,24,5,back-max,,24,0,575,1,0
impl,25,3,24,5,tail-max,,20,23,341,1,0
impl,25,3,25,1,all-max,,37,0,920,1,0
impl,25,3,25,1,victim-max,0,37,0,920,1,0
impl,25,3,25,1,others-max,0,38,2,920,1,0
impl,25,3,25,1,victim-max,12,37,12,920,1,0
impl,25,3,25,1,others-max,12,37,0,920,1,0
impl,25,3,25,1,victim-max,24,37,24,920,1,0
impl,25,3,25,1,others-max,24,37,0,920,1,0
impl,25,3,25,1,front-max,,22,0,539,1,0
impl,25,3,25,1,back-max,,25,21,575,1,0
impl,25,3,25,1,tail-max,,22,24,341,1,0
impl,25,3,25,2,all-max,,38,9,920,1,0
impl,25,3,25,2,victim-max,0,37,0,920,1,0
impl,25,3,25,2,others-max,0,38,2,920,1,0
impl,25,3,25,2,victim-max,12,37,12,920,1,0
impl,25,3,25,2,others-max,12,37,0,920,1,0
impl,25,3,25,2,victim-max,24,37,24,920,1,0
impl,25,3,25,2,others-max,24,37,0,920,1,0
impl,25,3,25,2,front-max,,23,0,539,1,0
impl,25,3,25,2,back-max,,24,3,575,1,0
impl,25,3,25,2,tail-max,,20,24,341,1,0
impl,25,3,25,3,all-max,,38,2,920,1,0
impl,25,3,25,3,victim-max,0,37,0,920,1,0
impl,25,3,25,3,others-max,0,37,1,920,1,0
impl,25,3,25,3,victim-max,12,37,12,920,1,0
impl,25,3,25,3,others-max,12,37,0,920,1,0
impl,25,3,25,3,victim-max,24,37,24,920,1,0
impl,25,3,25,3,others-max,24,38,2,920,1,0
impl,25,3,25,3,front-max,,22,0,539,1,0
impl,25,3,25,3,back-max,,24,19,575,1,0
impl,25,3,25,3,tail-max,,21,24,341,1,0
impl,25,3,25,5,all-max,,38,0,920,1,0
impl,25,3,25,5,victim-max,0,37,0,920,1,0
impl,25,3,25,5,others-max,0,38,1,920,1,0
impl,25,3,25,5,victim-max,12,37,12,920,1,0
impl,25,3,25,5,others-max,12,38,0,920,1,0
impl,25,3,25,5,victim-max,24,37,24,920,1,0
impl,25,3,25,5,others-max,24,38,0,920,1,0
impl,25,3,25,5,front-max,,22,0,539,1,0
impl,25,3,25,5,back-max,,24,0,575,1,0
impl,25,3,25,5,tail-max,,20,24,341,1,0
impl,25,3,26,1,all-max,,38,4,920,1,0
impl,25,3,26,1,victim-max,0,37,0,920,1,0
impl,25,3,26,1,others-max,0,38,1,920,1,0
impl,25,3,26,1,victim-max,13,37,13,920,1,0
impl,25,3,26,1,others-max,13,37,0,920,1,0
impl,25,3,26,1,victim-max,25,37,25,920,1,0
impl,25,3,26,1,others-max,25,37,0,920,1,0
impl,25,3,26,1,front-max,,22,0,539,1,0
impl,25,3,26,1,back-max,,24,3,575,1,0
impl,25,3,26,1,tail-max,,22,25,341,1,0
impl,25,3,26,2,all-max,,37,0,920,1,0
impl,25,3,26,2,victim-max,0,37,0,920,1,0
impl,25,3,26,2,others-max,0,38,2,920,1,0
impl,25,3,26,2,victim-max,13,37,13,920,1,0
impl,25,3,26,2,others-max,13,37,0,920,1,0
impl,25,3,26,2,victim-max,25,37,25,920,1,0
impl,25,3,26,2,others-max,25,37,0,920,1,0
impl,25,3,26,2,front-max,,23,0,539,1,0
impl,25,3,26,2,back-max,,24,3,575,1,0
impl,25,3,26,2,tail-max,,20,25,341,1,0
impl,25,3,26,3,all-max,,38,2,920,1,0
impl,25,3,26,3,victim-max,0,37,0,920,1,0
impl,25,3,26,3,others-max,0,37,1,920,1,0
impl,25,3,26,3,victim-max,13,37,13,920,1,0
impl,25,3,26,3,others-max,13,37,0,920,1,0
impl,25,3,26,3,victim-max,25,37,25,920,1,0
impl,25,3,26,3,others-max,25,38,2,920,1,0
impl,25,3,26,3,front-max,,22,0,539,1,0
impl,25,3,26,3,back-max,,24,20,575,1,0
impl,25,3,26,3,tail-max,,21,25,341,1,0
impl,25,3,26,5,all-max,,38,0,920,1,0
impl,25,3,26,5,victim-max,0,37,0,920,1,0
impl,25,3,26,5,others-max,0,38,1,920,1,0
impl,25,3,26,5,victim-max,13,37,13,920,1,0
impl,25,3,26,5,others-max,13,38,0,920,1,0
impl,25,3,26,5,victim-max,25,37,25,920,1,0
impl,25,3,26,5,others-max,25,38,0,920,1,0
impl,25,3,26,5,front-max,,22,0,539,1,0
impl,25,3,26,5,back-max,,24,0,575,1,0
impl,25,3,26,5,tail-max,,20,25,341,1,0
impl,25,3,27,1,all-max,,38,3,920,1,0
impl,25,3,27,1,victim-max,0,37,0,920,1,0
impl,25,3,27,1,others-max,0,37,1,920,1,0
impl,25,3,27,1,victim-max,13,37,13,920,1,0
impl,25,3,27,1,others-max,13,37,0,920,1,0
impl,25,3,27,1,victim-max,26,37,26,920,1,0
impl,25,3,27,1,others-max,26,37,0,920,1,0
impl,25,3,27,1,front-max,,22,0,539,1,0
impl,25,3,27,1,back-max,,24,3,575,1,0
impl,25,3,27,1,tail-max,,22,26,341,1,0
impl,25,3,27,2,all-max,,37,0,920,1,0
impl,25,3,27,2,victim-max,0,37,0,920,1,0
impl,25,3,27,2,others-max,0,38,2,920,1,0
impl,25,3,27,2,victim-max,13,37,13,920,1,0
impl,25,3,27,2,others-max,13,37,0,920,1,0
impl,25,3,27,2,victim-max,26,37,26,920,1,0
impl,25,3,27,2,others-max,26,38,9,920,1,0
impl,25,3,27,2,front-max,,23,0,539,1,0
impl,25,3,27,2,back-max,,24,3,575,1,0
impl,25,3,27,2,tail-max,,20,26,341,1,0
impl,25,3,27,3,all-max,,38,2,920,1,0
impl,25,3,27,3,victim-max,0,37,0,920,1,0
impl,25,3,27,3,others-max,0,37,1,920,1,0
impl,25,3,27,3,victim-max,13,37,13,920,1,0
impl,25,3,27,3,others-max,13,37,0,920,1,0
impl,25,3,27,3,victim-max,26,37,26,920,1,0
impl,25,3,27,3,others-max,26,38,2,920,1,0
impl,25,3,27,3,front-max,,22,0,539,1,0
impl,25,3,27,3,back-max,,24,21,575,1,0
impl,25,3,27,3,tail-max,,21,26,341,1,0
impl,25,3,27,5,all-max,,38,0,920,1,0
impl,25,3,27,5,victim-max,0,37,0,920,1,0
impl,25,3,27,5,others-max,0,38,1,920,1,0
impl,25,3,27,5,victim-max,13,37,13,920,1,0
impl,25,3,27,5,others-max,13,38,0,920,1,0
impl,25,3,27,5,victim-max,26,37,26,920,1,0
impl,25,3,27,5,others-max,26,38,0,920,1,0
impl,25,3,27,5,front-max,,22,0,539,1,0
impl,25,3,27,5,back-max,,24,0,575,1,0
impl,25,3,27,5,tail-max,,20,26,341,1,0
impl,25,3,28,1,all-max,,38,9,920,1,0
impl,25,3,28,1,victim-max,0,37,0,920,1,0
impl,25,3,28,1,others-max,0,37,1,920,1,0
impl,25,3,28,1,victim-max,14,37,14,920,1,0
impl,25,3,28,1,others-max,14,37,0,920,1,0
impl,25,3,28,1,victim-max,27,37,27,920,1,0
impl,25,3,28,1,others-max,27,37,0,920,1,0
impl,25,3,28,1,front-max,,22,0,539,1,0
impl,25,3,28,1,back-max,,24,3,575,1,0
impl,25,3,28,1,tail-max,,22,27,341,1,0
impl,25,3,28,2,all-max,,37,0,920,1,0
impl,25,3,28,2,victim-max,0,37,0,920,1,0
impl,25,3,28,2,others-max,0,38,2,920,1,0
impl,25,3,28,2,victim-max,14,37,14,920,1,0
impl,25,3,28,2,others-max,14,37,0,920,1,0
impl,25,3,28,2,victim-max,27,37,27,920,1,0
impl,25,3,28,2,others-max,27,37,0,920,1,0
impl,25,3,28,2,front-max,,23,0,539,1,0
impl,25,3,28,2,back-max,,24,3,575,1,0
impl,25,3,28,2,tail-max,,20,27,341,1,0
impl,25,3,28,3,all-max,,38,2,920,1,0
impl,25,3,28,3,victim-max,0,37,0,920,1,0
impl,25,3,28,3,others-max,0,37,1,920,1,0
impl,25,3,28,3,victim-max,14,37,14,920,1,0
impl,25,3,28,3,others-max,14,38,2,920,1,0
impl,25,3,28,3,victim-max,27,37,27,920,1,0
impl,25,3,28,3,others-max,27,38,2,920,1,0
impl,25,3,28,3,front-max,,22,0,539,1,0
impl,25,3,28,3,back-max,,24,22,575,1,0
impl,25,3,28,3,tail-max,,21,27,341,1,0
impl,25,3,28,5,all-max,,38,0,920,1,0
impl,25,3,28,5,victim-max,0,37,0,920,1,0
impl,25,3,28,5,others-max,0,38,1,920,1,0
impl,25,3,28,5,victim-max,14,37,14,920,1,0
impl,25,3,28,5,others-max,14,38,0,920,1,0
impl,25,3,28,5,victim-max,27,37,27,920,1,0
impl,25,3,28,5,others-max,27,38,0,920,1,0
impl,25,3,28,5,front-max,,22,0,539,1,0
impl,25,3,28,5,back-max,,24,0,575,1,0
impl,25,3,28,5,tail-max,,20,27,341,1,0
impl,25,3,29,1,all-max,,38,3,920,1,0
impl,25,3,29,1,victim-max,0,37,0,920,1,0
impl,25,3,29,1,others-max,0,37,1,920,1,0
impl,25,3,29,1,victim-max,14,37,14,920,1,0
impl,25,3,29,1,others-max,14,37,0,920,1,0
impl,25,3,29,1,victim-max,28,37,28,920,1,0
impl,25,3,29,1,others-max,28,38,1,920,1,0
impl,25,3,29,1,front-max,,22,0,539,1,0
impl,25,3,29,1,back-max,,24,3,575,1,0
impl,25,3,29,1,tail-max,,22,28,341,1,0
impl,25,3,29,2,all-max,,38,13,920,1,0
impl,25,3,29,2,victim-max,0,37,0,920,1,0
impl,25,3,29,2,others-max,0,38,2,920,1,0
impl,25,3,29,2,victim-max,14,37,14,920,1,0
impl,25,3,29,2,others-max,14,37,0,920,1,0
impl,25,3,29,2,victim-max,28,37,28,920,1,0
impl,25,3,29,2,others-max,28,37,0,920,1,0
impl,25,3,29,2,front-max,,23,0,539,1,0
impl,25,3,29,2,back-max,,24,3,575,1,0
impl,25,3,29,2,tail-max,,20,28,341,1,0
impl,25,3,29,3,all-max,,38,2,920,1,0
impl,25,3,29,3,victim-max,0,37,0,920,1,0
impl,25,3,29,3,others-max,0,37,1,920,1,0
impl,25,3,29,3,victim-max,14,37,14,920,1,0
impl,25,3,29,3,others-max,14,38,2,920,1,0
impl,25,3,29,3,victim-max,28,37,28,920,1,0
impl,25,3,29,3,others-max,28,38,2,920,1,0
impl,25,3,29,3,front-max,,22,0,539,1,0
impl,25,3,29,3,back-max,,24,23,575,1,0
impl,25,3,29,3,tail-max,,21,28,341,1,0
impl,25,3,29,5,all-max,,38,0,920,1,0
impl,25,3,29,5,victim-max,0,37,0,920,1,0
impl,25,3,29,5,others-max,0,38,1,920,1,0
impl,25,3,29,5,victim-max,14,37,14,920,1,0
impl,25,3,29,5,others-max,14,38,0,920,1,0
impl,25,3,29,5,victim-max,28,37,28,920,1,0
impl,25,3,29,5,others-max,28,38,0,920,1,0
impl,25,3,29,5,front-max,,22,0,539,1,0
impl,25,3,29,5,back-max,,24,0,575,1,0
impl,25,3,29,5,tail-max,,20,28,341,1,0
impl,25,3,30,1,all-max,,38,3,920,1,0
impl,25,3,30,1,victim-max,0,37,0,920,1,0
impl,25,3,30,1,others-max,0,37,1,920,1,0
impl,25,3,30,1,victim-max,15,37,15,920,1,0
impl,25,3,30,1,others-max,15,37,0,920,1,0
impl,25,3,30,1,victim-max,29,37,29,920,1,0
impl,25,3,30,1,others-max,29,38,0,920,1,0
impl,25,3,30,1,front-max,,22,0,539,1,0
impl,25,3,30,1,back-max,,24,3,575,1,0
impl,25,3,30,1,tail-max,,22,29,341,1,0
impl,25,3,30,2,all-max,,37,0,920,1,0
impl,25,3,30,2,victim-max,0,37,0,920,1,0
impl,25,3,30,2,others-max,0,38,2,920,1,0
impl,25,3,30,2,victim-max,15,37,15,920,1,0
impl,25,3,30,2,others-max,15,37,0,920,1,0
impl,25,3,30,2,victim-max,29,37,29,920,1,0
impl,25,3,30,2,others-max,29,37,0,920,1,0
impl,25,3,30,2,front-max,,23,0,539,1,0
impl,25,3,30,2,back-max,,24,3,575,1,0
impl,25,3,30,2,tail-max,,20,29,341,1,0
impl,25,3,30,3,all-max,,38,2,920,1,0
impl,25,3,30,3,victim-max,0,37,0,920,1,0
impl,25,3,30,3,others-max,0,37,1,920,1,0
impl,25,3,30,3,victim-max,15,37,15,920,1,0
impl,25,3,30,3,others-max,15,38,2,920,1,0
impl,25,3,30,3,victim-max,29,37,29,920,1,0
impl,25,3,30,3,others-max,29,38,2,920,1,0
impl,25,3,30,3,front-max,,22,0,539,1,0
impl,25,3,30,3,back-max,,24,24,575,1,0
impl,25,3,30,3,tail-max,,21,29,341,1,0
impl,25,3,30,5,all-max,,38,0,920,1,0
impl,25,3,30,5,victim-max,0,37,0,920,1,0
impl,25,3,30,5,others-max,0,38,1,920,1,0
impl,25,3,30,5,victim-max,15,37,15,920,1,0
impl,25,3,30,5,others-max,15,38,0,920,1,0
impl,25,3,30,5,victim-max,29,37,29,920,1,0
impl,25,3,30,5,others-max,29,38,0,920,1,0
impl,25,3,30,5,front-max,,22,0,539,1,0
impl,25,3,30,5,back-max,,24,0,575,1,0
impl,25,3,30,5,tail-max,,20,29,341,1,0
impl,25,3,31,1,all-max,,38,3,920,1,0
impl,25,3,31,1,victim-max,0,37,0,920,1,0
impl,25,3,31,1,others-max,0,37,1,920,1,0
impl,25,3,31,1,victim-max,15,37,15,920,1,0
impl,25,3,31,1,others-max,15,37,0,920,1,0
impl,25,3,31,1,victim-max,30,37,30,920,1,0
impl,25,3,31,1,others-max,30,37,0,920,1,0
impl,25,3,31,1,front-max,,22,0,539,1,0
impl,25,3,31,1,back-max,,24,3,575,1,0
impl,25,3,31,1,tail-max,,22,30,341,1,0
impl,25,3,31,2,all-max,,38,12,920,1,0
impl,25,3,31,2,victim-max,0,37,0,920,1,0
impl,25,3,31,2,others-max,0,38,2,920,1,0
impl,25,3,31,2,victim-max,15,37,15,920,1,0
impl,25,3,31,2,others-max,15,37,0,920,1,0
impl,25,3,31,2,victim-max,30,37,30,920,1,0
impl,25,3,31,2,others-max,30,37,0,920,1,0
impl,25,3,31,2,front-max,,23,0,539,1,0
impl,25,3,31,2,back-max,,24,3,575,1,0
impl,25,3,31,2,tail-max,,20,30,341,1,0
impl,25,3,31,3,all-max,,38,2,920,1,0
impl,25,3,31,3,victim-max,0,37,0,920,1,0
impl,25,3,31,3,others-max,0,37,1,920,1,0
impl,25,3,31,3,victim-max,15,37,15,920,1,0
impl,25,3,31,3,others-max,15,38,2,920,1,0
impl,25,3,31,3,victim-max,30,37,30,920,1,0
impl,25,3,31,3,others-max,30,38,2,920,1,0
impl,25,3,31,3,front-max,,22,0,539,1,0
impl,25,3,31,3,back-max,,24,25,575,1,0
impl,25,3,31,3,tail-max,,21,30,341,1,0
impl,25,3,31,5,all-max,,38,0,920,1,0
impl,25,3,31,5,victim-max,0,37,0,920,1,0
impl,25,3,31,5,others-max,0,38,1,920,1,0
impl,25,3,31,5,victim-max,15,37,15,920,1,0
impl,25,3,31,5,others-max,15,38,0,920,1,0
impl,25,3,31,5,victim-max,30,37,30,920,1,0
impl,25,3,31,5,others-max,30,38,0,920,1,0
impl,25,3,31,5,front-max,,22,0,539,1,0
impl,25,3,31,5,back-max,,24,0,575,1,0
impl,25,3,31,5,tail-max,,20,30,341,1,0
impl,25,3,32,1,all-max,,38,3,920,1,0
impl,25,3,32,1,victim-max,0,37,0,920,1,0
impl,25,3,32,1,others-max,0,38,8,920,1,0
impl,25,3,32,1,victim-max,16,37,16,920,1,0
impl,25,3,32,1,others-max,16,37,0,920,1,0
impl,25,3,32,1,victim-max,31,37,31,920,1,0
impl,25,3,32,1,others-max,31,37,0,920,1,0
impl,25,3,32,1,front-max,,22,0,539,1,0
impl,25,3,32,1,back-max,,24,3,575,1,0
impl,25,3,32,1,tail-max,,22,31,341,1,0
impl,25,3,32,2,all-max,,38,12,920,1,0
impl,25,3,32,2,victim-max,0,37,0,920,1,0
impl,25,3,32,2,others-max,0,38,2,920,1,0
impl,25,3,32,2,victim-max,16,37,16,920,1,0
impl,25,3,32,2,others-max,16,37,0,920,1,0
impl,25,3,32,2,victim-max,31,37,31,920,1,0
impl,25,3,32,2,others-max,31,38,12,920,1,0
impl,25,3,32,2,front-max,,23,0,539,1,0
impl,25,3,32,2,back-max,,24,3,575,1,0
impl,25,3,32,2,tail-max,,20,31,341,1,0
impl,25,3,32,3,all-max,,38,2,920,1,0
impl,25,3,32,3,victim-max,0,37,0,920,1,0
impl,25,3,32,3,others-max,0,37,1,920,1,0
impl,25,3,32,3,victim-max,16,37,16,920,1,0
impl,25,3,32,3,others-max,16,38,2,920,1,0
impl,25,3,32,3,victim-max,31,37,31,920,1,0
impl,25,3,32,3,others-max,31,38,2,920,1,0
impl,25,3,32,3,front-max,,22,0,539,1,0
impl,25,3,32,3,back-max,,24,26,575,1,0
impl,25,3,32,3,tail-max,,21,31,341,1,0
impl,25,3,32,5,all-max,,38,0,920,1,0
impl,25,3,32,5,victim-max,0,37,0,920,1,0
impl,25,3,32,5,others-max,0,38,1,920,1,0
impl,25,3,32,5,victim-max,16,37,16,920,1,0
impl,25,3,32,5,others-max,16,38,0,920,1,0
impl,25,3,32,5,victim-max,31,37,31,920,1,0
impl,25,3,32,5,others-max,31,38,0,920,1,0
impl,25,3,32,5,front-max,,22,0,539,1,0
impl,25,3,32,5,back-max,,24,0,575,1,0
impl,25,3,32,5,tail-max,,20,31,341,1,0
impl,25,3,33,1,all-max,,38,3,920,1,0
impl,25,3,33,1,victim-max,0,37,0,920,1,0
impl,25,3,33,1,others-max,0,38,7,920,1,0
impl,25,3,33,1,victim-max,16,37,16,920,1,0
impl,25,3,33,1,others-max,16,37,0,920,1,0
impl,25,3,33,1,victim-max,32,37,32,920,1,0
impl,25,3,33,1,others-max,32,37,0,920,1,0
impl,25,3,33,1,front-max,,22,0,539,1,0
impl,25,3,33,1,back-max,,24,3,575,1,0
impl,25,3,33,1,tail-max,,22,32,341,1,0
impl,25,3,33,2,all-max,,38,12,920,1,0
impl,25,3,33,2,victim-max,0,37,0,920,1,0
impl,25,3,33,2,others-max,0,38,2,920,1,0
impl,25,3,33,2,victim-max,16,37,16,920,1,0
impl,25,3,33,2,others-max,16,37,0,920,1,0
impl,25,3,33,2,victim-max,32,37,32,920,1,0
impl,25,3,33,2,others-max,32,38,12,920,1,0
impl,25,3,33,2,front-max,,23,0,539,1,0
impl,25,3,33,2,back-max,,24,3,575,1,0
impl,25,3,33,2,tail-max,,20,32,341,1,0
impl,25,3,33,3,all-max,,38,2,920,1,0
impl,25,3,33,3,victim-max,0,37,0,920,1,0
impl,25,3,33,3,others-max,0,37,1,920,1,0
impl,25,3,33,3,victim-max,16,37,16,920,1,0
impl,25,3,33,3,others-max,16,38,2,920,1,0
impl,25,3,33,3,victim-max,32,37,32,920,1,0
impl,25,3,33,3,others-max,32,38,2,920,1,0
impl,25,3,33,3,front-max,,22,0,539,1,0
impl,25,3,33,3,back-max,,24,27,575,1,0
impl,25,3,33,3,tail-max,,21,32,341,1,0
impl,25,3,33,5,all-max,,38,0,920,1,0
impl,25,3,33,5,victim-max,0,37,0,920,1,0
impl,25,3,33,5,others-max,0,38,1,920,1,0
impl,25,3,33,5,victim-max,16,37,16,920,1,0
impl,25,3,33,5,others-max,16,38,0,920,1,0
impl,25,3,33,5,victim-max,32,37,32,920,1,0
impl,25,3,33,5,others-max,32,38,0,920,1,0
impl,25,3,33,5,front-max,,22,0,539,1,0
impl,25,3,33,5,back-max,,24,0,575,1,0
impl,25,3,33,5,tail-max,,20,32,341,1,0
impl,25,3,34,1,all-max,,38,8,920,1,0
impl,25,3,34,1,victim-max,0,37,0,920,1,0
impl,25,3,34,1,others-max,0,38,6,920,1,0
impl,25,3,34,1,victim-max,17,37,17,920,1,0
impl,25,3,34,1,others-max,17,37,0,920,1,0
impl,25,3,34,1,victim-max,33,37,33,920,1,0
impl,25,3,34,1,others-max,33,38,4,920,1,0
impl,25,3,34,1,front-max,,22,0,539,1,0
impl,25,3,34,1,back-max,,24,3,575,1,0
impl,25,3,34,1,tail-max,,22,33,341,1,0
impl,25,3,34,2,all-max,,38,12,920,1,0
impl,25,3,34,2,victim-max,0,37,0,920,1,0
impl,25,3,34,2,others-max,0,38,2,920,1,0
impl,25,3,34,2,victim-max,17,37,17,920,1,0
impl,25,3,34,2,others-max,17,38,1,920,1,0
impl,25,3,34,2,victim-max,33,37,33,920,1,0
impl,25,3,34,2,others-max,33,38,12,920,1,0
impl,25,3,34,2,front-max,,23,0,539,1,0
impl,25,3,34,2,back-max,,24,3,575,1,0
impl,25,3,34,2,tail-max,,20,33,341,1,0
impl,25,3,34,3,all-max,,38,2,920,1,0
impl,25,3,34,3,victim-max,0,37,0,920,1,0
impl,25,3,34,3,others-max,0,37,1,920,1,0
impl,25,3,34,3,victim-max,17,37,17,920,1,0
impl,25,3,34,3,others-max,17,38,2,920,1,0
impl,25,3,34,3,victim-max,33,37,33,920,1,0
impl,25,3,34,3,others-max,33,38,2,920,1,0
impl,25,3,34,3,front-max,,22,0,539,1,0
impl,25,3,34,3,back-max,,24,28,575,1,0
impl,25,3,34,3,tail-max,,21,33,341,1,0
impl,25,3,34,5,all-max,,38,0,920,1,0
impl,25,3,34,5,victim-max,0,37,0,920,1,0
impl,25,3,34,5,others-max,0,38,1,920,1,0
impl,25,3,34,5,victim-max,17,37,17,920,1,0
impl,25,3,34,5,others-max,17,38,0,920,1,0
impl,25,3,34,5,victim-max,33,37,33,920,1,0
impl,25,3,34,5,others-max,33,38,0,920,1,0
impl,25,3,34,5,front-max,,22,0,539,1,0
impl,25,3,34,5,back-max,,24,0,575,1,0
impl,25,3,34,5,tail-max,,20,33,341,1,0
impl,25,3,35,1,all-max,,38,3,920,1,0
impl,25,3,35,1,victim-max,0,37,0,920,1,0
impl,25,3,35,1,others-max,0,37,1,920,1,0
impl,25,3,35,1,victim-max,17,37,17,920,1,0
impl,25,3,35,1,others-max,17,37,0,920,1,0
impl,25,3,35,1,victim-max,34,37,34,920,1,0
impl,25,3,35,1,others-max,34,38,4,920,1,0
impl,25,3,35,1,front-max,,22,0,539,1,0
impl,25,3,35,1,back-max,,24,3,575,1,0
impl,25,3,35,1,tail-max,,22,34,341,1,0
impl,25,3,35,2,all-max,,38,12,920,1,0
impl,25,3,35,2,victim-max,0,37,0,920,1,0
impl,25,3,35,2,others-max,0,38,2,920,1,0
impl,25,3,35,2,victim-max,17,37,17,920,1,0
impl,25,3,35,2,others-max,17,38,1,920,1,0
impl,25,3,35,2,victim-max,34,37,34,920,1,0
impl,25,3,35,2,others-max,34,38,12,920,1,0
impl,25,3,35,2,front-max,,23,0,539,1,0
impl,25,3,35,2,back-max,,24,3,575,1,0
impl,25,3,35,2,tail-max,,20,34,341,1,0
impl,25,3,35,3,all-max,,38,2,920,1,0
impl,25,3,35,3,victim-max,0,37,0,920,1,0
impl,25,3,35,3,others-max,0,37,1,920,1,0
impl,25,3,35,3,victim-max,17,37,17,920,1,0
impl,25,3,35,3,others-max,17,38,2,920,1,0
impl,25,3,35,3,victim-max,34,37,34,920,1,0
impl,25,3,35,3,others-max,34,38,2,920,1,0
impl,25,3,35,3,front-max,,22,0,539,1,0
impl,25,3,35,3,back-max,,24,29,575,1,0
impl,25,3,35,3,tail-max,,21,34,341,1,0
impl,25,3,35,5,all-max,,38,0,920,1,0
impl,25,3,35,5,victim-max,0,37,0,920,1,0
impl,25,3,35,5,others-max,0,38,1,920,1,0
impl,25,3,35,5,victim-max,17,37,17,920,1,0
impl,25,3,35,5,others-max,17,38,0,920,1,0
impl,25,3,35,5,victim-max,34,37,34,920,1,0
impl,25,3,35,5,others-max,34,38,0,920,1,0
impl,25,3,35,5,front-max,,22,0,539,1,0
impl,25,3,35,5,back-max,,24,0,575,1,0
impl,25,3,35,5,tail-max,,20,34,341,1,0
impl,25,3,36,1,all-max,,38,3,920,1,0
impl,25,3,36,1,victim-max,0,37,0,920,1,0
impl,25,3,36,1,others-max,0,37,1,920,1,0
impl,25,3,36,1,victim-max,18,37,18,920,1,0
impl,25,3,36,1,others-max,18,37,0,920,1,0
impl,25,3,36,1,victim-max,35,37,35,920,1,0
impl,25,3,36,1,others-max,35,37,0,920,1,0
impl,25,3,36,1,front-max,,22,0,539,1,0
impl,25,3,36,1,back-max,,24,3,575,1,0
impl,25,3,36,1,tail-max,,22,35,341,1,0
impl,25,3,36,2,all-max,,38,12,920,1,0
impl,25,3,36,2,victim-max,0,37,0,920,1,0
impl,25,3,36,2,others-max,0,38,2,920,1,0
impl,25,3,36,2,victim-max,18,37,18,920,1,0
impl,25,3,36,2,others-max,18,37,0,920,1,0
impl,25,3,36,2,victim-max,35,37,35,920,1,0
impl,25,3,36,2,others-max,35,38,12,920,1,0
impl,25,3,36,2,front-max,,23,0,539,1,0
impl,25,3,36,2,back-max,,24,3,575,1,0
impl,25,3,36,2,tail-max,,20,35,341,1,0
impl,25,3,36,3,all-max,,38,2,920,1,0
impl,25,3,36,3,victim-max,0,37,0,920,1,0
impl,25,3,36,3,others-max,0,37,1,920,1,0
impl,25,3,36,3,victim-max,18,37,18,920,1,0
impl,25,3,36,3,others-max,18,38,2,920,1,0
impl,25,3,36,3,victim-max,35,37,35,920,1,0
impl,25,3,36,3,others-max,35,38,2,920,1,0
impl,25,3,36,3,front-max,,22,0,539,1,0
impl,25,3,36,3,back-max,,24,30,575,1,0
impl,25,3,36,3,tail-max,,21,35,341,1,0
impl,25,3,36,5,all-max,,38,0,920,1,0
impl,25,3,36,5,victim-max,0,37,0,920,1,0
impl,25,3,36,5,others-max,0,38,1,920,1,0
impl,25,3,36,5,victim-max,18,37,18,920,1,0
impl,25,3,36,5,others-max,18,38,0,920,1,0
impl,25,3,36,5,victim-max,35,37,35,920,1,0
impl,25,3,36,5,others-max,35,38,0,920,1,0
impl,25,3,36,5,front-max,,22,0,539,1,0
impl,25,3,36,5,back-max,,24,0,575,1,0
impl,25,3,36,5,tail-max,,20,35,341,1,0
impl,25,3,37,1,all-max,,38,8,920,1,0
impl,25,3,37,1,victim-max,0,37,0,920,1,0
impl,25,3,37,1,others-max,0,38,5,920,1,0
impl,25,3,37,1,victim-max,18,37,18,920,1,0
impl,25,3,37,1,others-max,18,37,0,920,1,0
impl,25,3,37,1,victim-max,36,37,36,920,1,0
impl,25,3,37,1,others-max,36,38,3,920,1,0
impl,25,3,37,1,front-max,,22,0,539,1,0
impl,25,3,37,1,back-max,,24,3,575,1,0
impl,25,3,37,1,tail-max,,22,36,341,1,0
impl,25,3,37,2,all-max,,38,12,920,1,0
impl,25,3,37,2,victim-max,0,37,0,920,1,0
impl,25,3,37,2,others-max,0,38,2,920,1,0
impl,25,3,37,2,victim-max,18,37,18,920,1,0
impl,25,3,37,2,others-max,18,37,0,920,1,0
impl,25,3,37,2,victim-max,36,37,36,920,1,0
impl,25,3,37,2,others-max,36,38,12,920,1,0
impl,25,3,37,2,front-max,,23,0,539,1,0
impl,25,3,37,2,back-max,,24,3,575,1,0
impl,25,3,37,2,tail-max,,20,36,341,1,0
impl,25,3,37,3,all-max,,38,2,920,1,0
impl,25,3,37,3,victim-max,0,37,0,920,1,0
impl,25,3,37,3,others-max,0,37,1,920,1,0
impl,25,3,37,3,victim-max,18,37,18,920,1,0
impl,25,3,37,3,others-max,18,38,2,920,1,0
impl,25,3,37,3,victim-max,36,37,36,920,1,0
impl,25,3,37,3,others-max,36,38,2,920,1,0
impl,25,3,37,3,front-max,,22,0,539,1,0
impl,25,3,37,3,back-max,,24,31,575,1,0
impl,25,3,37,3,tail-max,,21,36,341,1,0
impl,25,3,37,5,all-max,,38,0,920,1,0
impl,25,3,37,5,victim-max,0,37,0,920,1,0
impl,25,3,37,5,others-max,0,38,1,920,1,0
impl,25,3,37,5,victim-max,18,37,18,920,1,0
impl,25,3,37,5,others-max,18,38,0,920,1,0
impl,25,3,37,5,victim-max,36,37,36,920,1,0
impl,25,3,37,5,others-max,36,38,0,920,1,0
impl,25,3,37,5,front-max,,22,0,539,1,0
impl,25,3,37,5,back-max,,24,0,575,1,0
impl,25,3,37,5,tail-max,,20,36,341,1,0
impl,25,3,38,1,all-max,,38,2,920,1,0
impl,25,3,38,1,victim-max,0,37,0,920,1,0
impl,25,3,38,1,others-max,0,38,5,920,1,0
impl,25,3,38,1,victim-max,19,37,19,920,1,0
impl,25,3,38,1,others-max,19,37,0,920,1,0
impl,25,3,38,1,victim-max,37,37,37,920,1,0
impl,25,3,38,1,others-max,37,38,3,920,1,0
impl,25,3,38,1,front-max,,22,0,539,1,0
impl,25,3,38,1,back-max,,24,3,575,1,0
impl,25,3,38,1,tail-max,,22,37,341,1,0
impl,25,3,38,2,all-max,,38,12,920,1,0
impl,25,3,38,2,victim-max,0,37,0,920,1,0
impl,25,3,38,2,others-max,0,38,2,920,1,0
impl,25,3,38,2,victim-max,19,37,19,920,1,0
impl,25,3,38,2,others-max,19,37,0,920,1,0
impl,25,3,38,2,victim-max,37,37,37,920,1,0
impl,25,3,38,2,others-max,37,38,12,920,1,0
impl,25,3,38,2,front-max,,23,0,539,1,0
impl,25,3,38,2,back-max,,24,3,575,1,0
impl,25,3,38,2,tail-max,,20,37,341,1,0
impl,25,3,38,3,all-max,,38,2,920,1,0
impl,25,3,38,3,victim-max,0,37,0,920,1,0
impl,25,3,38,3,others-max,0,37,1,920,1,0
impl,25,3,38,3,victim-max,19,37,19,920,1,0
impl,25,3,38,3,others-max,19,38,2,920,1,0
impl,25,3,38,3,victim-max,37,37,37,920,1,0
impl,25,3,38,3,others-max,37,38,2,920,1,0
impl,25,3,38,3,front-max,,22,0,539,1,0
impl,25,3,38,3,back-max,,24,32,575,1,0
impl,25,3,38,3,tail-max,,21,37,341,1,0
impl,25,3,38,5,all-max,,38,0,920,1,0
impl,25,3,38,5,victim-max,0,37,0,920,1,0
impl,25,3,38,5,others-max,0,38,1,920,1,0
impl,25,3,38,5,victim-max,19,37,19,920,1,0
impl,25,3,38,5,others-max,19,38,0,920,1,0
impl,25,3,38,5,victim-max,37,37,37,920,1,0
impl,25,3,38,5,others-max,37,38,0,920,1,0
impl,25,3,38,5,front-max,,22,0,539,1,0
impl,25,3,38,5,back-max,,24,0,575,1,0
impl,25,3,38,5,tail-max,,20,37,341,1,0
